Workdir for this run: /work/chancock/543315/wd/RGI60-06.00377
Output dir for this run: /work/chancock/543315/out/RGI60-06.00377
Glacier RGI60-06.00377:   1%|▏                 | 40/5000 samples
Glacier RGI60-06.00377:   0%|                  | 20/5000 samples
Glacier RGI60-06.00377:   1%|▏                 | 45/5000 samples
Glacier RGI60-06.00377:   0%|                   | 5/5000 samples
Glacier RGI60-06.00377:   1%|                  | 30/5000 samples
Glacier RGI60-06.00377:   1%|▏                 | 50/5000 samples
Glacier RGI60-06.00377:   1%|▎                 | 70/5000 samples
Glacier RGI60-06.00377:   2%|▎                 | 80/5000 samples
Glacier RGI60-06.00377:   1%|▏                 | 60/5000 samples
Glacier RGI60-06.00377:   2%|▎                 | 85/5000 samples
Glacier RGI60-06.00377:   2%|▎                | 110/5000 samples
Glacier RGI60-06.00377:   2%|▎                | 100/5000 samples
Glacier RGI60-06.00377:   2%|▍                | 115/5000 samples
Glacier RGI60-06.00377:   2%|▍                | 120/5000 samples
Glacier RGI60-06.00377:   3%|▍                | 135/5000 samples
Glacier RGI60-06.00377:   3%|▍                | 140/5000 samples
Glacier RGI60-06.00377:   3%|▌                | 150/5000 samples
Glacier RGI60-06.00377:   3%|▍                | 145/5000 samples
Glacier RGI60-06.00377:   3%|▌                | 160/5000 samples
Glacier RGI60-06.00377:   3%|▌                | 170/5000 samples
Glacier RGI60-06.00377:   4%|▋                | 185/5000 samples
Glacier RGI60-06.00377:   4%|▋                | 190/5000 samples
Glacier RGI60-06.00377:   4%|▋                | 200/5000 samples
Glacier RGI60-06.00377:   3%|▌                | 155/5000 samples
Glacier RGI60-06.00377:   4%|▋                | 220/5000 samples
Glacier RGI60-06.00377:   5%|▊                | 230/5000 samples
Glacier RGI60-06.00377:   4%|▋                | 215/5000 samples
Glacier RGI60-06.00377:   5%|▊                | 245/5000 samples
Glacier RGI60-06.00377:   5%|▊                | 250/5000 samples
Glacier RGI60-06.00377:   5%|▊                | 235/5000 samples
Glacier RGI60-06.00377:   4%|▊                | 225/5000 samples
Glacier RGI60-06.00377:   6%|▉                | 275/5000 samples
Glacier RGI60-06.00377:   5%|▉                | 270/5000 samples
Glacier RGI60-06.00377:   6%|█                | 305/5000 samples
Glacier RGI60-06.00377:   6%|█                | 310/5000 samples
Glacier RGI60-06.00377:   6%|█                | 315/5000 samples
Glacier RGI60-06.00377:   6%|█                | 295/5000 samples
Glacier RGI60-06.00377:   7%|█▏               | 345/5000 samples
Glacier RGI60-06.00377:   5%|▉                | 260/5000 samples
Glacier RGI60-06.00377:   7%|█▏               | 350/5000 samples
Glacier RGI60-06.00377:   7%|█▏               | 360/5000 samples
Glacier RGI60-06.00377:   8%|█▎               | 375/5000 samples
Glacier RGI60-06.00377:   8%|█▎               | 380/5000 samples
Glacier RGI60-06.00377:   8%|█▎               | 390/5000 samples
Glacier RGI60-06.00377:   7%|█▎               | 370/5000 samples
Glacier RGI60-06.00377:   8%|█▎               | 395/5000 samples
Glacier RGI60-06.00377:   7%|█▏               | 355/5000 samples
Glacier RGI60-06.00377:   8%|█▍               | 415/5000 samples
Glacier RGI60-06.00377:   8%|█▍               | 405/5000 samples
Glacier RGI60-06.00377:   8%|█▍               | 410/5000 samples
Glacier RGI60-06.00377:   9%|█▍               | 430/5000 samples
Glacier RGI60-06.00377:   9%|█▍               | 435/5000 samples
Glacier RGI60-06.00377:   9%|█▍               | 440/5000 samples
Glacier RGI60-06.00377:   9%|█▌               | 445/5000 samples
Glacier RGI60-06.00377:   8%|█▍               | 420/5000 samples
Glacier RGI60-06.00377:   9%|█▌               | 450/5000 samples
Glacier RGI60-06.00377:  10%|█▌               | 475/5000 samples
Glacier RGI60-06.00377:   8%|█▍               | 425/5000 samples
Glacier RGI60-06.00377:   9%|█▌               | 470/5000 samples
Glacier RGI60-06.00377:  10%|█▋               | 500/5000 samples
Glacier RGI60-06.00377:  10%|█▋               | 505/5000 samples
Glacier RGI60-06.00377:  10%|█▋               | 485/5000 samples
Glacier RGI60-06.00377:  10%|█▋               | 510/5000 samples
Glacier RGI60-06.00377:  10%|█▋               | 490/5000 samples
Glacier RGI60-06.00377:  10%|█▊               | 515/5000 samples
Glacier RGI60-06.00377:  10%|█▊               | 520/5000 samples
Glacier RGI60-06.00377:  10%|█▊               | 525/5000 samples
Glacier RGI60-06.00377:  11%|█▊               | 530/5000 samples
Glacier RGI60-06.00377:  11%|█▊               | 545/5000 samples
Glacier RGI60-06.00377:  11%|█▊               | 550/5000 samples
Glacier RGI60-06.00377:  11%|█▊               | 535/5000 samples
Glacier RGI60-06.00377:  11%|█▉               | 555/5000 samples
Glacier RGI60-06.00377:  12%|██               | 590/5000 samples
Glacier RGI60-06.00377:  12%|██               | 595/5000 samples
Glacier RGI60-06.00377:  11%|█▉               | 560/5000 samples
Glacier RGI60-06.00377:  12%|██               | 605/5000 samples
Glacier RGI60-06.00377:  12%|█▉               | 585/5000 samples
Glacier RGI60-06.00377:  12%|██               | 600/5000 samples
Glacier RGI60-06.00377:  13%|██▏              | 635/5000 samples
Glacier RGI60-06.00377:  13%|██▏              | 640/5000 samples
Glacier RGI60-06.00377:  13%|██▏              | 645/5000 samples
Glacier RGI60-06.00377:  13%|██▏              | 655/5000 samples
Glacier RGI60-06.00377:  13%|██▏              | 660/5000 samples
Glacier RGI60-06.00377:  13%|██▎              | 670/5000 samples
Glacier RGI60-06.00377:  14%|██▎              | 685/5000 samples
Glacier RGI60-06.00377:  14%|██▎              | 695/5000 samples
Glacier RGI60-06.00377:  14%|██▍              | 705/5000 samples
Glacier RGI60-06.00377:  14%|██▍              | 710/5000 samples
Glacier RGI60-06.00377:  14%|██▍              | 715/5000 samples
Glacier RGI60-06.00377:  14%|██▍              | 720/5000 samples
Glacier RGI60-06.00377:  14%|██▎              | 690/5000 samples
Glacier RGI60-06.00377:  14%|██▍              | 725/5000 samples
Glacier RGI60-06.00377:  15%|██▍              | 735/5000 samples
Glacier RGI60-06.00377:  15%|██▌              | 740/5000 samples
Glacier RGI60-06.00377:  15%|██▍              | 730/5000 samples
Glacier RGI60-06.00377:  15%|██▌              | 750/5000 samples
Glacier RGI60-06.00377:  15%|██▌              | 755/5000 samples
Glacier RGI60-06.00377:  15%|██▌              | 760/5000 samples
Glacier RGI60-06.00377:  15%|██▌              | 765/5000 samples
Glacier RGI60-06.00377:  16%|██▋              | 780/5000 samples
Glacier RGI60-06.00377:  16%|██▋              | 785/5000 samples
Glacier RGI60-06.00377:  16%|██▋              | 790/5000 samples
Glacier RGI60-06.00377:  16%|██▋              | 775/5000 samples
Glacier RGI60-06.00377:  16%|██▋              | 795/5000 samples
Glacier RGI60-06.00377:  16%|██▋              | 800/5000 samples
Glacier RGI60-06.00377:  17%|██▊              | 840/5000 samples
Glacier RGI60-06.00377:  16%|██▊              | 810/5000 samples
Glacier RGI60-06.00377:  17%|██▊              | 845/5000 samples
Glacier RGI60-06.00377:  17%|██▉              | 850/5000 samples
Glacier RGI60-06.00377:  16%|██▊              | 820/5000 samples
Glacier RGI60-06.00377:  17%|██▉              | 855/5000 samples
Glacier RGI60-06.00377:  18%|██▉              | 880/5000 samples
Glacier RGI60-06.00377:  18%|███              | 890/5000 samples
Glacier RGI60-06.00377:  18%|███              | 900/5000 samples
Glacier RGI60-06.00377:  18%|███              | 915/5000 samples
Glacier RGI60-06.00377:  18%|███▏             | 925/5000 samples
Glacier RGI60-06.00377:  19%|███▏             | 930/5000 samples
Glacier RGI60-06.00377:  18%|███▏             | 920/5000 samples
Glacier RGI60-06.00377:  19%|███▏             | 940/5000 samples
Glacier RGI60-06.00377:  19%|███▏             | 950/5000 samples
Glacier RGI60-06.00377:  19%|███▏             | 955/5000 samples
Glacier RGI60-06.00377:  19%|███▏             | 935/5000 samples
Glacier RGI60-06.00377:  19%|███▎             | 960/5000 samples
Glacier RGI60-06.00377:  19%|███▎             | 965/5000 samples
Glacier RGI60-06.00377:  19%|███▏             | 945/5000 samples
Glacier RGI60-06.00377:  19%|███▎             | 970/5000 samples
Glacier RGI60-06.00377:  20%|███▎             | 980/5000 samples
Glacier RGI60-06.00377:  20%|███▎             | 985/5000 samples
Glacier RGI60-06.00377:  20%|███▏            | 1005/5000 samples
Glacier RGI60-06.00377:  20%|███▏            | 1010/5000 samples
Glacier RGI60-06.00377:  20%|███▏            | 1015/5000 samples
Glacier RGI60-06.00377:  20%|███▎            | 1025/5000 samples
Glacier RGI60-06.00377:  20%|███▎            | 1020/5000 samples
Glacier RGI60-06.00377:  21%|███▍            | 1060/5000 samples
Glacier RGI60-06.00377:  21%|███▍            | 1070/5000 samples
Glacier RGI60-06.00377:  22%|███▍            | 1090/5000 samples
Glacier RGI60-06.00377:  22%|███▌            | 1095/5000 samples
Glacier RGI60-06.00377:  22%|███▍            | 1085/5000 samples
Glacier RGI60-06.00377:  22%|███▌            | 1105/5000 samples
Glacier RGI60-06.00377:  21%|███▍            | 1065/5000 samples
Glacier RGI60-06.00377:  22%|███▌            | 1110/5000 samples
Glacier RGI60-06.00377:  22%|███▌            | 1120/5000 samples
Glacier RGI60-06.00377:  23%|███▌            | 1130/5000 samples
Glacier RGI60-06.00377:  23%|███▋            | 1140/5000 samples
Glacier RGI60-06.00377:  23%|███▋            | 1145/5000 samples
Glacier RGI60-06.00377:  23%|███▋            | 1150/5000 samples
Glacier RGI60-06.00377:  23%|███▋            | 1135/5000 samples
Glacier RGI60-06.00377:  24%|███▊            | 1175/5000 samples
Glacier RGI60-06.00377:  24%|███▊            | 1185/5000 samples
Glacier RGI60-06.00377:  24%|███▊            | 1190/5000 samples
Glacier RGI60-06.00377:  23%|███▋            | 1165/5000 samples
Glacier RGI60-06.00377:  24%|███▊            | 1195/5000 samples
Glacier RGI60-06.00377:  24%|███▊            | 1205/5000 samples
Glacier RGI60-06.00377:  24%|███▊            | 1200/5000 samples
Glacier RGI60-06.00377:  24%|███▊            | 1210/5000 samples
Glacier RGI60-06.00377:  23%|███▋            | 1170/5000 samples
Glacier RGI60-06.00377:  24%|███▉            | 1220/5000 samples
Glacier RGI60-06.00377:  24%|███▉            | 1225/5000 samples
Glacier RGI60-06.00377:  25%|███▉            | 1235/5000 samples
Glacier RGI60-06.00377:  25%|███▉            | 1240/5000 samples
Glacier RGI60-06.00377:  25%|████            | 1270/5000 samples
Glacier RGI60-06.00377:  26%|████            | 1275/5000 samples
Glacier RGI60-06.00377:  26%|████            | 1280/5000 samples
Glacier RGI60-06.00377:  26%|████▏           | 1290/5000 samples
Glacier RGI60-06.00377:  26%|████▏           | 1315/5000 samples
Glacier RGI60-06.00377:  26%|████▏           | 1295/5000 samples
Glacier RGI60-06.00377:  26%|████▏           | 1320/5000 samples
Glacier RGI60-06.00377:  25%|████            | 1255/5000 samples
Glacier RGI60-06.00377:  26%|████▏           | 1325/5000 samples
Glacier RGI60-06.00377:  27%|████▎           | 1330/5000 samples
Glacier RGI60-06.00377:  27%|████▎           | 1335/5000 samples
Glacier RGI60-06.00377:  27%|████▎           | 1340/5000 samples
Glacier RGI60-06.00377:  27%|████▎           | 1350/5000 samples
Glacier RGI60-06.00377:  27%|████▎           | 1355/5000 samples
Glacier RGI60-06.00377:  27%|████▎           | 1365/5000 samples
Glacier RGI60-06.00377:  27%|████▍           | 1370/5000 samples
Glacier RGI60-06.00377:  26%|████▏           | 1300/5000 samples
Glacier RGI60-06.00377:  29%|████▌           | 1430/5000 samples
Glacier RGI60-06.00377:  29%|████▌           | 1435/5000 samples
Glacier RGI60-06.00377:  28%|████▌           | 1415/5000 samples
Glacier RGI60-06.00377:  29%|████▋           | 1450/5000 samples
Glacier RGI60-06.00377:  28%|████▌           | 1420/5000 samples
Glacier RGI60-06.00377:  29%|████▋           | 1470/5000 samples
Glacier RGI60-06.00377:  30%|████▊           | 1490/5000 samples
Glacier RGI60-06.00377:  30%|████▊           | 1485/5000 samples
Glacier RGI60-06.00377:  30%|████▊           | 1495/5000 samples
Glacier RGI60-06.00377:  30%|████▊           | 1520/5000 samples
Glacier RGI60-06.00377:  30%|████▊           | 1500/5000 samples
Glacier RGI60-06.00377:  31%|████▉           | 1550/5000 samples
Glacier RGI60-06.00377:  31%|████▉           | 1555/5000 samples
Glacier RGI60-06.00377:  31%|████▉           | 1560/5000 samples
Glacier RGI60-06.00377:  31%|█████           | 1570/5000 samples
Glacier RGI60-06.00377:  32%|█████           | 1585/5000 samples
Glacier RGI60-06.00377:  32%|█████           | 1595/5000 samples
Glacier RGI60-06.00377:  32%|█████           | 1600/5000 samples
Glacier RGI60-06.00377:  32%|█████           | 1590/5000 samples
Glacier RGI60-06.00377:  32%|█████▏          | 1605/5000 samples
Glacier RGI60-06.00377:  32%|█████▏          | 1615/5000 samples
Glacier RGI60-06.00377:  33%|█████▏          | 1640/5000 samples
Glacier RGI60-06.00377:  33%|█████▎          | 1650/5000 samples
Glacier RGI60-06.00377:  33%|█████▎          | 1660/5000 samples
Glacier RGI60-06.00377:  33%|█████▎          | 1665/5000 samples
Glacier RGI60-06.00377:  33%|█████▎          | 1670/5000 samples
Glacier RGI60-06.00377:  34%|█████▍          | 1685/5000 samples
Glacier RGI60-06.00377:  32%|█████▏          | 1625/5000 samples
Glacier RGI60-06.00377:  34%|█████▍          | 1695/5000 samples
Glacier RGI60-06.00377:  34%|█████▍          | 1700/5000 samples
Glacier RGI60-06.00377:  34%|█████▍          | 1690/5000 samples
Glacier RGI60-06.00377:  34%|█████▍          | 1710/5000 samples
Glacier RGI60-06.00377:  34%|█████▍          | 1705/5000 samples
Glacier RGI60-06.00377:  35%|█████▌          | 1730/5000 samples
Glacier RGI60-06.00377:  35%|█████▌          | 1745/5000 samples
Glacier RGI60-06.00377:  35%|█████▌          | 1750/5000 samples
Glacier RGI60-06.00377:  35%|█████▋          | 1765/5000 samples
Glacier RGI60-06.00377:  35%|█████▌          | 1740/5000 samples
Glacier RGI60-06.00377:  36%|█████▋          | 1775/5000 samples
Glacier RGI60-06.00377:  36%|█████▋          | 1780/5000 samples
Glacier RGI60-06.00377:  36%|█████▋          | 1785/5000 samples
Glacier RGI60-06.00377:  36%|█████▊          | 1800/5000 samples
Glacier RGI60-06.00377:  36%|█████▊          | 1805/5000 samples
Glacier RGI60-06.00377:  35%|█████▌          | 1735/5000 samples
Glacier RGI60-06.00377:  36%|█████▊          | 1810/5000 samples
Glacier RGI60-06.00377:  36%|█████▊          | 1820/5000 samples
Glacier RGI60-06.00377:  36%|█████▋          | 1795/5000 samples
Glacier RGI60-06.00377:  36%|█████▊          | 1815/5000 samples
Glacier RGI60-06.00377:  35%|█████▋          | 1770/5000 samples
Glacier RGI60-06.00377:  37%|█████▉          | 1845/5000 samples
Glacier RGI60-06.00377:  38%|██████          | 1875/5000 samples
Glacier RGI60-06.00377:  38%|██████          | 1880/5000 samples
Glacier RGI60-06.00377:  38%|██████          | 1890/5000 samples
Glacier RGI60-06.00377:  37%|█████▉          | 1860/5000 samples
Glacier RGI60-06.00377:  38%|██████          | 1900/5000 samples
Glacier RGI60-06.00377:  38%|██████          | 1895/5000 samples
Glacier RGI60-06.00377:  38%|██████▏         | 1915/5000 samples
Glacier RGI60-06.00377:  39%|██████▏         | 1930/5000 samples
Glacier RGI60-06.00377:  39%|██████▏         | 1935/5000 samples
Glacier RGI60-06.00377:  39%|██████▏         | 1950/5000 samples
Glacier RGI60-06.00377:  39%|██████▎         | 1960/5000 samples
Glacier RGI60-06.00377:  40%|██████▎         | 1980/5000 samples
Glacier RGI60-06.00377:  40%|██████▎         | 1985/5000 samples
Glacier RGI60-06.00377:  40%|██████▍         | 1995/5000 samples
Glacier RGI60-06.00377:  39%|██████▎         | 1970/5000 samples
Glacier RGI60-06.00377:  40%|██████▍         | 2000/5000 samples
Glacier RGI60-06.00377:  40%|██████▎         | 1990/5000 samples
Glacier RGI60-06.00377:  40%|██████▍         | 2005/5000 samples
Glacier RGI60-06.00377:  40%|██████▍         | 2010/5000 samples
Glacier RGI60-06.00377:  40%|██████▍         | 2015/5000 samples
Glacier RGI60-06.00377:  40%|██████▍         | 2025/5000 samples
Glacier RGI60-06.00377:  41%|██████▌         | 2035/5000 samples
Glacier RGI60-06.00377:  41%|██████▌         | 2040/5000 samples
Glacier RGI60-06.00377:  41%|██████▌         | 2065/5000 samples
Glacier RGI60-06.00377:  41%|██████▌         | 2070/5000 samples
Glacier RGI60-06.00377:  42%|██████▋         | 2080/5000 samples
Glacier RGI60-06.00377:  42%|██████▋         | 2085/5000 samples
Glacier RGI60-06.00377:  42%|██████▋         | 2105/5000 samples
Glacier RGI60-06.00377:  42%|██████▊         | 2115/5000 samples
Glacier RGI60-06.00377:  43%|██████▊         | 2130/5000 samples
Glacier RGI60-06.00377:  43%|██████▊         | 2135/5000 samples
Glacier RGI60-06.00377:  43%|██████▊         | 2145/5000 samples
Glacier RGI60-06.00377:  43%|██████▊         | 2140/5000 samples
Glacier RGI60-06.00377:  43%|██████▉         | 2150/5000 samples
Glacier RGI60-06.00377:  43%|██████▉         | 2155/5000 samples
Glacier RGI60-06.00377:  43%|██████▉         | 2165/5000 samples
Glacier RGI60-06.00377:  44%|██████▉         | 2180/5000 samples
Glacier RGI60-06.00377:  44%|██████▉         | 2185/5000 samples
Glacier RGI60-06.00377:  43%|██████▉         | 2160/5000 samples
Glacier RGI60-06.00377:  44%|███████         | 2200/5000 samples
Glacier RGI60-06.00377:  44%|███████         | 2205/5000 samples
Glacier RGI60-06.00377:  44%|███████         | 2210/5000 samples
Glacier RGI60-06.00377:  45%|███████▏        | 2235/5000 samples
Glacier RGI60-06.00377:  45%|███████▏        | 2260/5000 samples
Glacier RGI60-06.00377:  45%|███████▏        | 2255/5000 samples
Glacier RGI60-06.00377:  44%|███████         | 2215/5000 samples
Glacier RGI60-06.00377:  45%|███████▏        | 2265/5000 samples
Glacier RGI60-06.00377:  45%|███████▎        | 2270/5000 samples
Glacier RGI60-06.00377:  46%|███████▎        | 2275/5000 samples
Glacier RGI60-06.00377:  46%|███████▎        | 2300/5000 samples
Glacier RGI60-06.00377:  45%|███████▏        | 2250/5000 samples
Glacier RGI60-06.00377:  46%|███████▍        | 2310/5000 samples
Glacier RGI60-06.00377:  46%|███████▎        | 2295/5000 samples
Glacier RGI60-06.00377:  46%|███████▎        | 2290/5000 samples
Glacier RGI60-06.00377:  46%|███████▎        | 2285/5000 samples
Glacier RGI60-06.00377:  47%|███████▍        | 2330/5000 samples
Glacier RGI60-06.00377:  47%|███████▌        | 2355/5000 samples
Glacier RGI60-06.00377:  47%|███████▌        | 2360/5000 samples
Glacier RGI60-06.00377:  47%|███████▌        | 2350/5000 samples
Glacier RGI60-06.00377:  48%|███████▋        | 2390/5000 samples
Glacier RGI60-06.00377:  48%|███████▋        | 2385/5000 samples
Glacier RGI60-06.00377:  48%|███████▋        | 2410/5000 samples
Glacier RGI60-06.00377:  48%|███████▋        | 2415/5000 samples
Glacier RGI60-06.00377:  47%|███████▍        | 2340/5000 samples
Glacier RGI60-06.00377:  49%|███████▊        | 2435/5000 samples
Glacier RGI60-06.00377:  49%|███████▊        | 2445/5000 samples
Glacier RGI60-06.00377:  49%|███████▊        | 2450/5000 samples
Glacier RGI60-06.00377:  49%|███████▊        | 2455/5000 samples
Glacier RGI60-06.00377:  49%|███████▊        | 2460/5000 samples
Glacier RGI60-06.00377:  49%|███████▉        | 2470/5000 samples
Glacier RGI60-06.00377:  50%|███████▉        | 2475/5000 samples
Glacier RGI60-06.00377:  49%|███████▉        | 2465/5000 samples
Glacier RGI60-06.00377:  50%|███████▉        | 2490/5000 samples
Glacier RGI60-06.00377:  50%|████████        | 2500/5000 samples
Glacier RGI60-06.00377:  50%|████████        | 2510/5000 samples
Glacier RGI60-06.00377:  50%|████████        | 2515/5000 samples
Glacier RGI60-06.00377:  50%|███████▉        | 2485/5000 samples
Glacier RGI60-06.00377:  50%|████████        | 2505/5000 samples
Glacier RGI60-06.00377:  50%|████████        | 2525/5000 samples
Glacier RGI60-06.00377:  51%|████████        | 2530/5000 samples
Glacier RGI60-06.00377:  51%|████████▏       | 2545/5000 samples
Glacier RGI60-06.00377:  51%|████████▏       | 2540/5000 samples
Glacier RGI60-06.00377:  51%|████████▏       | 2550/5000 samples
Glacier RGI60-06.00377:  51%|████████▏       | 2565/5000 samples
Glacier RGI60-06.00377:  51%|████████▏       | 2570/5000 samples
Glacier RGI60-06.00377:  52%|████████▏       | 2575/5000 samples
Glacier RGI60-06.00377:  52%|████████▎       | 2580/5000 samples
Glacier RGI60-06.00377:  52%|████████▎       | 2590/5000 samples
Glacier RGI60-06.00377:  52%|████████▎       | 2595/5000 samples
Glacier RGI60-06.00377:  52%|████████▎       | 2600/5000 samples
Glacier RGI60-06.00377:  52%|████████▎       | 2605/5000 samples
Glacier RGI60-06.00377:  52%|████████▎       | 2615/5000 samples
Glacier RGI60-06.00377:  52%|████████▎       | 2610/5000 samples
Glacier RGI60-06.00377:  53%|████████▍       | 2640/5000 samples
Glacier RGI60-06.00377:  53%|████████▍       | 2645/5000 samples
Glacier RGI60-06.00377:  53%|████████▍       | 2650/5000 samples
Glacier RGI60-06.00377:  53%|████████▌       | 2665/5000 samples
Glacier RGI60-06.00377:  53%|████████▌       | 2670/5000 samples
Glacier RGI60-06.00377:  54%|████████▌       | 2675/5000 samples
Glacier RGI60-06.00377:  53%|████████▌       | 2660/5000 samples
Glacier RGI60-06.00377:  54%|████████▌       | 2690/5000 samples
Glacier RGI60-06.00377:  54%|████████▌       | 2695/5000 samples
Glacier RGI60-06.00377:  54%|████████▋       | 2715/5000 samples
Glacier RGI60-06.00377:  55%|████████▋       | 2730/5000 samples
Glacier RGI60-06.00377:  55%|████████▊       | 2735/5000 samples
Glacier RGI60-06.00377:  55%|████████▊       | 2740/5000 samples
Glacier RGI60-06.00377:  55%|████████▊       | 2750/5000 samples
Glacier RGI60-06.00377:  55%|████████▊       | 2755/5000 samples
Glacier RGI60-06.00377:  55%|████████▊       | 2770/5000 samples
Glacier RGI60-06.00377:  55%|████████▊       | 2765/5000 samples
Glacier RGI60-06.00377:  56%|████████▉       | 2780/5000 samples
Glacier RGI60-06.00377:  56%|████████▉       | 2790/5000 samples
Glacier RGI60-06.00377:  56%|████████▉       | 2785/5000 samples
Glacier RGI60-06.00377:  56%|████████▉       | 2805/5000 samples
Glacier RGI60-06.00377:  56%|████████▉       | 2800/5000 samples
Glacier RGI60-06.00377:  56%|█████████       | 2815/5000 samples
Glacier RGI60-06.00377:  56%|█████████       | 2820/5000 samples
Glacier RGI60-06.00377:  57%|█████████       | 2830/5000 samples
Glacier RGI60-06.00377:  56%|████████▉       | 2795/5000 samples
Glacier RGI60-06.00377:  56%|█████████       | 2825/5000 samples
Glacier RGI60-06.00377:  57%|█████████       | 2845/5000 samples
Glacier RGI60-06.00377:  57%|█████████       | 2850/5000 samples
Glacier RGI60-06.00377:  57%|█████████▏      | 2870/5000 samples
Glacier RGI60-06.00377:  57%|█████████       | 2840/5000 samples
Glacier RGI60-06.00377:  58%|█████████▎      | 2895/5000 samples
Glacier RGI60-06.00377:  58%|█████████▎      | 2900/5000 samples
Glacier RGI60-06.00377:  58%|█████████▏      | 2890/5000 samples
Glacier RGI60-06.00377:  58%|█████████▎      | 2925/5000 samples
Glacier RGI60-06.00377:  59%|█████████▍      | 2930/5000 samples
Glacier RGI60-06.00377:  57%|█████████▏      | 2875/5000 samples
Glacier RGI60-06.00377:  59%|█████████▍      | 2940/5000 samples
Glacier RGI60-06.00377:  59%|█████████▍      | 2950/5000 samples
Glacier RGI60-06.00377:  58%|█████████▎      | 2915/5000 samples
Glacier RGI60-06.00377:  59%|█████████▍      | 2960/5000 samples
Glacier RGI60-06.00377:  59%|█████████▍      | 2965/5000 samples
Glacier RGI60-06.00377:  60%|█████████▌      | 2975/5000 samples
Glacier RGI60-06.00377:  60%|█████████▌      | 2980/5000 samples
Glacier RGI60-06.00377:  60%|█████████▌      | 2990/5000 samples
Glacier RGI60-06.00377:  59%|█████████▍      | 2945/5000 samples
Glacier RGI60-06.00377:  60%|█████████▌      | 2995/5000 samples
Glacier RGI60-06.00377:  60%|█████████▋      | 3020/5000 samples
Glacier RGI60-06.00377:  61%|█████████▋      | 3035/5000 samples
Glacier RGI60-06.00377:  61%|█████████▋      | 3045/5000 samples
Glacier RGI60-06.00377:  61%|█████████▊      | 3050/5000 samples
Glacier RGI60-06.00377:  61%|█████████▊      | 3055/5000 samples
Glacier RGI60-06.00377:  60%|█████████▋      | 3025/5000 samples
Glacier RGI60-06.00377:  61%|█████████▊      | 3070/5000 samples
Glacier RGI60-06.00377:  62%|█████████▊      | 3075/5000 samples
Glacier RGI60-06.00377:  62%|█████████▊      | 3080/5000 samples
Glacier RGI60-06.00377:  62%|█████████▊      | 3085/5000 samples
Glacier RGI60-06.00377:  62%|█████████▉      | 3105/5000 samples
Glacier RGI60-06.00377:  62%|█████████▉      | 3110/5000 samples
Glacier RGI60-06.00377:  62%|█████████▉      | 3115/5000 samples
Glacier RGI60-06.00377:  62%|█████████▉      | 3120/5000 samples
Glacier RGI60-06.00377:  63%|██████████      | 3140/5000 samples
Glacier RGI60-06.00377:  63%|██████████      | 3135/5000 samples
Glacier RGI60-06.00377:  63%|██████████      | 3145/5000 samples
Glacier RGI60-06.00377:  63%|██████████▏     | 3170/5000 samples
Glacier RGI60-06.00377:  64%|██████████▏     | 3175/5000 samples
Glacier RGI60-06.00377:  64%|██████████▏     | 3180/5000 samples
Glacier RGI60-06.00377:  64%|██████████▏     | 3185/5000 samples
Glacier RGI60-06.00377:  64%|██████████▏     | 3190/5000 samples
Glacier RGI60-06.00377:  63%|██████████      | 3160/5000 samples
Glacier RGI60-06.00377:  64%|██████████▏     | 3195/5000 samples
Glacier RGI60-06.00377:  64%|██████████▏     | 3200/5000 samples
Glacier RGI60-06.00377:  64%|██████████▎     | 3210/5000 samples
Glacier RGI60-06.00377:  64%|██████████▎     | 3220/5000 samples
Glacier RGI60-06.00377:  65%|██████████▎     | 3230/5000 samples
Glacier RGI60-06.00377:  65%|██████████▎     | 3240/5000 samples
Glacier RGI60-06.00377:  65%|██████████▍     | 3250/5000 samples
Glacier RGI60-06.00377:  65%|██████████▍     | 3255/5000 samples
Glacier RGI60-06.00377:  65%|██████████▍     | 3270/5000 samples
Glacier RGI60-06.00377:  65%|██████████▍     | 3265/5000 samples
Glacier RGI60-06.00377:  66%|██████████▌     | 3295/5000 samples
Glacier RGI60-06.00377:  66%|██████████▌     | 3300/5000 samples
Glacier RGI60-06.00377:  66%|██████████▌     | 3305/5000 samples
Glacier RGI60-06.00377:  66%|██████████▌     | 3290/5000 samples
Glacier RGI60-06.00377:  66%|██████████▌     | 3315/5000 samples
Glacier RGI60-06.00377:  66%|██████████▌     | 3320/5000 samples
Glacier RGI60-06.00377:  67%|██████████▋     | 3330/5000 samples
Glacier RGI60-06.00377:  67%|██████████▋     | 3335/5000 samples
Glacier RGI60-06.00377:  67%|██████████▋     | 3345/5000 samples
Glacier RGI60-06.00377:  67%|██████████▋     | 3350/5000 samples
Glacier RGI60-06.00377:  67%|██████████▋     | 3340/5000 samples
Glacier RGI60-06.00377:  67%|██████████▊     | 3365/5000 samples
Glacier RGI60-06.00377:  67%|██████████▊     | 3370/5000 samples
Glacier RGI60-06.00377:  67%|██████████▊     | 3360/5000 samples
Glacier RGI60-06.00377:  68%|██████████▊     | 3375/5000 samples
Glacier RGI60-06.00377:  68%|██████████▊     | 3380/5000 samples
Glacier RGI60-06.00377:  68%|██████████▉     | 3400/5000 samples
Glacier RGI60-06.00377:  68%|██████████▊     | 3390/5000 samples
Glacier RGI60-06.00377:  68%|██████████▉     | 3405/5000 samples
Glacier RGI60-06.00377:  68%|██████████▉     | 3415/5000 samples
Glacier RGI60-06.00377:  68%|██████████▊     | 3395/5000 samples
Glacier RGI60-06.00377:  68%|██████████▉     | 3425/5000 samples
Glacier RGI60-06.00377:  69%|██████████▉     | 3430/5000 samples
Glacier RGI60-06.00377:  68%|██████████▉     | 3420/5000 samples
Glacier RGI60-06.00377:  69%|███████████     | 3440/5000 samples
Glacier RGI60-06.00377:  69%|███████████     | 3455/5000 samples
Glacier RGI60-06.00377:  69%|███████████     | 3460/5000 samples
Glacier RGI60-06.00377:  69%|███████████     | 3470/5000 samples
Glacier RGI60-06.00377:  69%|███████████     | 3465/5000 samples
Glacier RGI60-06.00377:  70%|███████████▏    | 3480/5000 samples
Glacier RGI60-06.00377:  70%|███████████▏    | 3500/5000 samples
Glacier RGI60-06.00377:  70%|███████████▏    | 3490/5000 samples
Glacier RGI60-06.00377:  70%|███████████▏    | 3505/5000 samples
Glacier RGI60-06.00377:  70%|███████████▏    | 3510/5000 samples
Glacier RGI60-06.00377:  70%|███████████▏    | 3515/5000 samples
Glacier RGI60-06.00377:  70%|███████████▎    | 3520/5000 samples
Glacier RGI60-06.00377:  71%|███████████▎    | 3530/5000 samples
Glacier RGI60-06.00377:  70%|███████████▏    | 3495/5000 samples
Glacier RGI60-06.00377:  71%|███████████▎    | 3540/5000 samples
Glacier RGI60-06.00377:  71%|███████████▍    | 3555/5000 samples
Glacier RGI60-06.00377:  71%|███████████▍    | 3570/5000 samples
Glacier RGI60-06.00377:  71%|███████████▎    | 3545/5000 samples
Glacier RGI60-06.00377:  72%|███████████▍    | 3580/5000 samples
Glacier RGI60-06.00377:  71%|███████████▍    | 3560/5000 samples
Glacier RGI60-06.00377:  72%|███████████▍    | 3575/5000 samples
Glacier RGI60-06.00377:  72%|███████████▍    | 3585/5000 samples
Glacier RGI60-06.00377:  72%|███████████▌    | 3595/5000 samples
Glacier RGI60-06.00377:  72%|███████████▌    | 3600/5000 samples
Glacier RGI60-06.00377:  72%|███████████▌    | 3620/5000 samples
Glacier RGI60-06.00377:  73%|███████████▋    | 3645/5000 samples
Glacier RGI60-06.00377:  73%|███████████▋    | 3650/5000 samples
Glacier RGI60-06.00377:  73%|███████████▋    | 3635/5000 samples
Glacier RGI60-06.00377:  73%|███████████▌    | 3630/5000 samples
Glacier RGI60-06.00377:  73%|███████████▋    | 3655/5000 samples
Glacier RGI60-06.00377:  73%|███████████▋    | 3640/5000 samples
Glacier RGI60-06.00377:  73%|███████████▋    | 3660/5000 samples
Glacier RGI60-06.00377:  74%|███████████▊    | 3675/5000 samples
Glacier RGI60-06.00377:  74%|███████████▊    | 3685/5000 samples
Glacier RGI60-06.00377:  74%|███████████▊    | 3700/5000 samples
Glacier RGI60-06.00377:  73%|███████████▋    | 3665/5000 samples
Glacier RGI60-06.00377:  74%|███████████▊    | 3705/5000 samples
Glacier RGI60-06.00377:  74%|███████████▊    | 3710/5000 samples
Glacier RGI60-06.00377:  74%|███████████▉    | 3725/5000 samples
Glacier RGI60-06.00377:  75%|███████████▉    | 3735/5000 samples
Glacier RGI60-06.00377:  74%|███████████▉    | 3715/5000 samples
Glacier RGI60-06.00377:  75%|███████████▉    | 3745/5000 samples
Glacier RGI60-06.00377:  75%|████████████    | 3750/5000 samples
Glacier RGI60-06.00377:  75%|████████████    | 3765/5000 samples
Glacier RGI60-06.00377:  75%|████████████    | 3770/5000 samples
Glacier RGI60-06.00377:  76%|████████████    | 3775/5000 samples
Glacier RGI60-06.00377:  76%|████████████▏   | 3790/5000 samples
Glacier RGI60-06.00377:  76%|████████████    | 3785/5000 samples
Glacier RGI60-06.00377:  76%|████████████▏   | 3795/5000 samples
Glacier RGI60-06.00377:  76%|████████████▏   | 3820/5000 samples
Glacier RGI60-06.00377:  76%|████████████▏   | 3825/5000 samples
Glacier RGI60-06.00377:  77%|████████████▎   | 3830/5000 samples
Glacier RGI60-06.00377:  77%|████████████▎   | 3835/5000 samples
Glacier RGI60-06.00377:  76%|████████████▏   | 3805/5000 samples
Glacier RGI60-06.00377:  77%|████████████▎   | 3850/5000 samples
Glacier RGI60-06.00377:  77%|████████████▎   | 3840/5000 samples
Glacier RGI60-06.00377:  77%|████████████▎   | 3865/5000 samples
Glacier RGI60-06.00377:  77%|████████████▍   | 3870/5000 samples
Glacier RGI60-06.00377:  78%|████████████▍   | 3875/5000 samples
Glacier RGI60-06.00377:  77%|████████████▎   | 3855/5000 samples
Glacier RGI60-06.00377:  78%|████████████▍   | 3890/5000 samples
Glacier RGI60-06.00377:  78%|████████████▍   | 3905/5000 samples
Glacier RGI60-06.00377:  78%|████████████▍   | 3885/5000 samples
Glacier RGI60-06.00377:  78%|████████████▌   | 3915/5000 samples
Glacier RGI60-06.00377:  79%|████████████▌   | 3930/5000 samples
Glacier RGI60-06.00377:  79%|████████████▌   | 3935/5000 samples
Glacier RGI60-06.00377:  79%|████████████▋   | 3955/5000 samples
Glacier RGI60-06.00377:  79%|████████████▋   | 3960/5000 samples
Glacier RGI60-06.00377:  79%|████████████▋   | 3970/5000 samples
Glacier RGI60-06.00377:  80%|████████████▋   | 3975/5000 samples
Glacier RGI60-06.00377:  80%|████████████▋   | 3980/5000 samples
Glacier RGI60-06.00377:  80%|████████████▊   | 3990/5000 samples
Glacier RGI60-06.00377:  80%|████████████▊   | 4015/5000 samples
Glacier RGI60-06.00377:  80%|████████████▉   | 4025/5000 samples
Glacier RGI60-06.00377:  81%|████████████▉   | 4045/5000 samples
Glacier RGI60-06.00377:  81%|████████████▉   | 4050/5000 samples
Glacier RGI60-06.00377:  81%|████████████▉   | 4055/5000 samples
Glacier RGI60-06.00377:  80%|████████████▊   | 4020/5000 samples
Glacier RGI60-06.00377:  81%|████████████▉   | 4060/5000 samples
Glacier RGI60-06.00377:  81%|████████████▉   | 4030/5000 samples
Glacier RGI60-06.00377:  81%|█████████████   | 4065/5000 samples
Glacier RGI60-06.00377:  81%|█████████████   | 4070/5000 samples
Glacier RGI60-06.00377:  82%|█████████████   | 4075/5000 samples
Glacier RGI60-06.00377:  82%|█████████████   | 4080/5000 samples
Glacier RGI60-06.00377:  82%|█████████████   | 4095/5000 samples
Glacier RGI60-06.00377:  82%|█████████████   | 4085/5000 samples
Glacier RGI60-06.00377:  82%|█████████████▏  | 4105/5000 samples
Glacier RGI60-06.00377:  82%|█████████████▏  | 4110/5000 samples
Glacier RGI60-06.00377:  82%|█████████████   | 4100/5000 samples
Glacier RGI60-06.00377:  82%|█████████████▏  | 4115/5000 samples
Glacier RGI60-06.00377:  83%|█████████████▏  | 4130/5000 samples
Glacier RGI60-06.00377:  83%|█████████████▏  | 4135/5000 samples
Glacier RGI60-06.00377:  82%|█████████████▏  | 4125/5000 samples
Glacier RGI60-06.00377:  83%|█████████████▎  | 4145/5000 samples
Glacier RGI60-06.00377:  83%|█████████████▎  | 4150/5000 samples
Glacier RGI60-06.00377:  83%|█████████████▎  | 4165/5000 samples
Glacier RGI60-06.00377:  83%|█████████████▎  | 4155/5000 samples
Glacier RGI60-06.00377:  84%|█████████████▍  | 4185/5000 samples
Glacier RGI60-06.00377:  83%|█████████████▎  | 4160/5000 samples
Glacier RGI60-06.00377:  84%|█████████████▍  | 4205/5000 samples
Glacier RGI60-06.00377:  84%|█████████████▍  | 4210/5000 samples
Glacier RGI60-06.00377:  84%|█████████████▍  | 4190/5000 samples
Glacier RGI60-06.00377:  84%|█████████████▍  | 4215/5000 samples
Glacier RGI60-06.00377:  85%|█████████████▌  | 4240/5000 samples
Glacier RGI60-06.00377:  85%|█████████████▌  | 4245/5000 samples
Glacier RGI60-06.00377:  85%|█████████████▌  | 4250/5000 samples
Glacier RGI60-06.00377:  85%|█████████████▌  | 4235/5000 samples
Glacier RGI60-06.00377:  85%|█████████████▋  | 4265/5000 samples
Glacier RGI60-06.00377:  86%|█████████████▋  | 4275/5000 samples
Glacier RGI60-06.00377:  85%|█████████████▋  | 4260/5000 samples
Glacier RGI60-06.00377:  86%|█████████████▋  | 4280/5000 samples
Glacier RGI60-06.00377:  85%|█████████████▋  | 4270/5000 samples
Glacier RGI60-06.00377:  86%|█████████████▋  | 4295/5000 samples
Glacier RGI60-06.00377:  86%|█████████████▊  | 4310/5000 samples
Glacier RGI60-06.00377:  86%|█████████████▊  | 4315/5000 samples
Glacier RGI60-06.00377:  87%|█████████████▊  | 4335/5000 samples
Glacier RGI60-06.00377:  87%|█████████████▊  | 4330/5000 samples
Glacier RGI60-06.00377:  87%|█████████████▉  | 4345/5000 samples
Glacier RGI60-06.00377:  87%|█████████████▉  | 4350/5000 samples
Glacier RGI60-06.00377:  87%|█████████████▉  | 4355/5000 samples
Glacier RGI60-06.00377:  88%|██████████████  | 4375/5000 samples
Glacier RGI60-06.00377:  88%|██████████████  | 4380/5000 samples
Glacier RGI60-06.00377:  88%|██████████████  | 4385/5000 samples
Glacier RGI60-06.00377:  88%|██████████████  | 4390/5000 samples
Glacier RGI60-06.00377:  88%|██████████████  | 4410/5000 samples
Glacier RGI60-06.00377:  88%|██████████████▏ | 4415/5000 samples
Glacier RGI60-06.00377:  88%|██████████████▏ | 4420/5000 samples
Glacier RGI60-06.00377:  89%|██████████████▏ | 4430/5000 samples
Glacier RGI60-06.00377:  89%|██████████████▏ | 4435/5000 samples
Glacier RGI60-06.00377:  88%|██████████████▏ | 4425/5000 samples
Glacier RGI60-06.00377:  89%|██████████████▏ | 4440/5000 samples
Glacier RGI60-06.00377:  89%|██████████████▏ | 4445/5000 samples
Glacier RGI60-06.00377:  89%|██████████████▎ | 4460/5000 samples
Glacier RGI60-06.00377:  89%|██████████████▎ | 4465/5000 samples
Glacier RGI60-06.00377:  89%|██████████████▎ | 4470/5000 samples
Glacier RGI60-06.00377:  90%|██████████████▎ | 4475/5000 samples
Glacier RGI60-06.00377:  90%|██████████████▎ | 4480/5000 samples
Glacier RGI60-06.00377:  90%|██████████████▎ | 4490/5000 samples
Glacier RGI60-06.00377:  90%|██████████████▍ | 4495/5000 samples
Glacier RGI60-06.00377:  90%|██████████████▍ | 4500/5000 samples
Glacier RGI60-06.00377:  90%|██████████████▍ | 4515/5000 samples
Glacier RGI60-06.00377:  90%|██████████████▍ | 4505/5000 samples
Glacier RGI60-06.00377:  90%|██████████████▍ | 4525/5000 samples
Glacier RGI60-06.00377:  91%|██████████████▌ | 4535/5000 samples
Glacier RGI60-06.00377:  91%|██████████████▌ | 4540/5000 samples
Glacier RGI60-06.00377:  91%|██████████████▌ | 4545/5000 samples
Glacier RGI60-06.00377:  91%|██████████████▌ | 4550/5000 samples
Glacier RGI60-06.00377:  91%|██████████████▌ | 4555/5000 samples
Glacier RGI60-06.00377:  92%|██████████████▋ | 4580/5000 samples
Glacier RGI60-06.00377:  92%|██████████████▋ | 4595/5000 samples
Glacier RGI60-06.00377:  92%|██████████████▊ | 4620/5000 samples
Glacier RGI60-06.00377:  92%|██████████████▊ | 4625/5000 samples
Glacier RGI60-06.00377:  93%|██████████████▊ | 4630/5000 samples
Glacier RGI60-06.00377:  93%|██████████████▊ | 4635/5000 samples
Glacier RGI60-06.00377:  93%|██████████████▊ | 4640/5000 samples
Glacier RGI60-06.00377:  94%|██████████████▉ | 4680/5000 samples
Glacier RGI60-06.00377:  92%|██████████████▊ | 4610/5000 samples
Glacier RGI60-06.00377:  94%|███████████████ | 4690/5000 samples
Glacier RGI60-06.00377:  94%|███████████████ | 4695/5000 samples
Glacier RGI60-06.00377:  94%|███████████████ | 4700/5000 samples
Glacier RGI60-06.00377:  94%|███████████████ | 4705/5000 samples
Glacier RGI60-06.00377:  94%|███████████████ | 4725/5000 samples
Glacier RGI60-06.00377:  94%|██████████████▉ | 4675/5000 samples
Glacier RGI60-06.00377:  93%|██████████████▉ | 4670/5000 samples
Glacier RGI60-06.00377:  95%|███████████████▏| 4735/5000 samples
Glacier RGI60-06.00377:  95%|███████████████▏| 4750/5000 samples
Glacier RGI60-06.00377:  95%|███████████████▏| 4730/5000 samples
Glacier RGI60-06.00377:  95%|███████████████▏| 4760/5000 samples
Glacier RGI60-06.00377:  95%|███████████████▏| 4755/5000 samples
Glacier RGI60-06.00377:  96%|███████████████▎| 4790/5000 samples
Glacier RGI60-06.00377:  96%|███████████████▎| 4800/5000 samples
Glacier RGI60-06.00377:  95%|███████████████▏| 4740/5000 samples
Glacier RGI60-06.00377:  96%|███████████████▎| 4795/5000 samples
Glacier RGI60-06.00377:  96%|███████████████▍| 4805/5000 samples
Glacier RGI60-06.00377:  96%|███████████████▍| 4820/5000 samples
Glacier RGI60-06.00377:  97%|███████████████▍| 4830/5000 samples
Glacier RGI60-06.00377:  96%|███████████████▍| 4825/5000 samples
Glacier RGI60-06.00377:  97%|███████████████▌| 4855/5000 samples
Glacier RGI60-06.00377:  98%|███████████████▋| 4895/5000 samples
Glacier RGI60-06.00377:  98%|███████████████▋| 4905/5000 samples
Glacier RGI60-06.00377:  98%|███████████████▋| 4885/5000 samples
Glacier RGI60-06.00377:  99%|███████████████▊| 4930/5000 samples
Glacier RGI60-06.00377:  99%|███████████████▊| 4940/5000 samples
Glacier RGI60-06.00377:  99%|███████████████▊| 4945/5000 samples
Glacier RGI60-06.00377:  98%|███████████████▋| 4915/5000 samples
Glacier RGI60-06.00377:  99%|███████████████▊| 4955/5000 samples
Glacier RGI60-06.00377:  99%|███████████████▊| 4960/5000 samples
Glacier RGI60-06.00377:  99%|███████████████▉| 4965/5000 samples
Glacier RGI60-06.00377:  99%|███████████████▉| 4970/5000 samples
Glacier RGI60-06.00377: 100%|███████████████▉| 4990/5000 samples
Glacier RGI60-06.00377: 100%|████████████████| 5000/5000 samples
Glacier RGI60-06.00377: 100%|███████████████▉| 4995/5000 samples
Glacier RGI60-06.00377: 100%|███████████████▉| 4985/5000 samples
Simulations completed for glacier:  RGI60-06.00377
Copying files...
sending incremental file list
created directory glacier_outs/prior/RGI60-06.00377
./
0_output.csv
0_params.csv
1000_output.csv
1000_params.csv
1001_output.csv
1001_params.csv
1002_params.csv
1003_output.csv
1003_params.csv
1004_output.csv
1004_params.csv
1005_output.csv
1005_params.csv
1006_params.csv
1007_output.csv
1007_params.csv
1008_params.csv
1009_output.csv
1009_params.csv
100_output.csv
100_params.csv
1010_params.csv
1011_params.csv
1012_params.csv
1013_output.csv
1013_params.csv
1014_output.csv
1014_params.csv
1015_output.csv
1015_params.csv
1016_params.csv
1017_output.csv
1017_params.csv
1018_output.csv
1018_params.csv
1019_output.csv
1019_params.csv
101_params.csv
1020_output.csv
1020_params.csv
1021_params.csv
1022_params.csv
1023_output.csv
1023_params.csv
1024_output.csv
1024_params.csv
1025_output.csv
1025_params.csv
1026_output.csv
1026_params.csv
1027_output.csv
1027_params.csv
1028_output.csv
1028_params.csv
1029_params.csv
102_params.csv
1030_output.csv
1030_params.csv
1031_output.csv
1031_params.csv
1032_output.csv
1032_params.csv
1033_output.csv
1033_params.csv
1034_params.csv
1035_output.csv
1035_params.csv
1036_params.csv
1037_output.csv
1037_params.csv
1038_params.csv
1039_params.csv
103_output.csv
103_params.csv
1040_params.csv
1041_output.csv
1041_params.csv
1042_output.csv
1042_params.csv
1043_output.csv
1043_params.csv
1044_params.csv
1045_params.csv
1046_output.csv
1046_params.csv
1047_output.csv
1047_params.csv
1048_params.csv
1049_params.csv
104_params.csv
1050_params.csv
1051_params.csv
1052_output.csv
1052_params.csv
1053_params.csv
1054_params.csv
1055_output.csv
1055_params.csv
1056_params.csv
1057_params.csv
1058_params.csv
1059_output.csv
1059_params.csv
105_output.csv
105_params.csv
1060_params.csv
1061_params.csv
1062_params.csv
1063_output.csv
1063_params.csv
1064_output.csv
1064_params.csv
1065_output.csv
1065_params.csv
1066_params.csv
1067_output.csv
1067_params.csv
1068_params.csv
1069_output.csv
1069_params.csv
106_params.csv
1070_output.csv
1070_params.csv
1071_output.csv
1071_params.csv
1072_output.csv
1072_params.csv
1073_output.csv
1073_params.csv
1074_params.csv
1075_output.csv
1075_params.csv
1076_output.csv
1076_params.csv
1077_params.csv
1078_params.csv
1079_params.csv
107_output.csv
107_params.csv
1080_output.csv
1080_params.csv
1081_params.csv
1082_output.csv
1082_params.csv
1083_params.csv
1084_output.csv
1084_params.csv
1085_output.csv
1085_params.csv
1086_params.csv
1087_output.csv
1087_params.csv
1088_params.csv
1089_output.csv
1089_params.csv
108_output.csv
108_params.csv
1090_output.csv
1090_params.csv
1091_params.csv
1092_output.csv
1092_params.csv
1093_params.csv
1094_output.csv
1094_params.csv
1095_output.csv
1095_params.csv
1096_output.csv
1096_params.csv
1097_params.csv
1098_output.csv
1098_params.csv
1099_params.csv
109_output.csv
109_params.csv
10_output.csv
10_params.csv
1100_params.csv
1101_params.csv
1102_output.csv
1102_params.csv
1103_params.csv
1104_output.csv
1104_params.csv
1105_params.csv
1106_params.csv
1107_output.csv
1107_params.csv
1108_params.csv
1109_output.csv
1109_params.csv
110_output.csv
110_params.csv
1110_output.csv
1110_params.csv
1111_params.csv
1112_output.csv
1112_params.csv
1113_output.csv
1113_params.csv
1114_params.csv
1115_output.csv
1115_params.csv
1116_output.csv
1116_params.csv
1117_output.csv
1117_params.csv
1118_output.csv
1118_params.csv
1119_output.csv
1119_params.csv
111_params.csv
1120_output.csv
1120_params.csv
1121_output.csv
1121_params.csv
1122_output.csv
1122_params.csv
1123_output.csv
1123_params.csv
1124_params.csv
1125_output.csv
1125_params.csv
1126_output.csv
1126_params.csv
1127_output.csv
1127_params.csv
1128_output.csv
1128_params.csv
1129_output.csv
1129_params.csv
112_params.csv
1130_params.csv
1131_output.csv
1131_params.csv
1132_output.csv
1132_params.csv
1133_output.csv
1133_params.csv
1134_output.csv
1134_params.csv
1135_output.csv
1135_params.csv
1136_output.csv
1136_params.csv
1137_params.csv
1138_output.csv
1138_params.csv
1139_output.csv
1139_params.csv
113_output.csv
113_params.csv
1140_params.csv
1141_params.csv
1142_params.csv
1143_output.csv
1143_params.csv
1144_output.csv
1144_params.csv
1145_params.csv
1146_output.csv
1146_params.csv
1147_output.csv
1147_params.csv
1148_output.csv
1148_params.csv
1149_output.csv
1149_params.csv
114_output.csv
114_params.csv
1150_output.csv
1150_params.csv
1151_params.csv
1152_output.csv
1152_params.csv
1153_params.csv
1154_params.csv
1155_output.csv
1155_params.csv
1156_output.csv
1156_params.csv
1157_output.csv
1157_params.csv
1158_params.csv
1159_params.csv
115_params.csv
1160_output.csv
1160_params.csv
1161_output.csv
1161_params.csv
1162_params.csv
1163_output.csv
1163_params.csv
1164_output.csv
1164_params.csv
1165_output.csv
1165_params.csv
1166_params.csv
1167_params.csv
1168_params.csv
1169_output.csv
1169_params.csv
116_output.csv
116_params.csv
1170_params.csv
1171_output.csv
1171_params.csv
1172_output.csv
1172_params.csv
1173_output.csv
1173_params.csv
1174_output.csv
1174_params.csv
1175_params.csv
1176_params.csv
1177_output.csv
1177_params.csv
1178_output.csv
1178_params.csv
1179_params.csv
117_params.csv
1180_output.csv
1180_params.csv
1181_output.csv
1181_params.csv
1182_params.csv
1183_params.csv
1184_output.csv
1184_params.csv
1185_output.csv
1185_params.csv
1186_params.csv
1187_output.csv
1187_params.csv
1188_output.csv
1188_params.csv
1189_output.csv
1189_params.csv
118_output.csv
118_params.csv
1190_output.csv
1190_params.csv
1191_output.csv
1191_params.csv
1192_output.csv
1192_params.csv
1193_output.csv
1193_params.csv
1194_output.csv
1194_params.csv
1195_params.csv
1196_params.csv
1197_params.csv
1198_output.csv
1198_params.csv
1199_output.csv
1199_params.csv
119_output.csv
119_params.csv
11_params.csv
1200_params.csv
1201_output.csv
1201_params.csv
1202_params.csv
1203_output.csv
1203_params.csv
1204_output.csv
1204_params.csv
1205_output.csv
1205_params.csv
1206_params.csv
1207_output.csv
1207_params.csv
1208_output.csv
1208_params.csv
1209_output.csv
1209_params.csv
120_params.csv
1210_params.csv
1211_output.csv
1211_params.csv
1212_params.csv
1213_params.csv
1214_params.csv
1215_output.csv
1215_params.csv
1216_params.csv
1217_output.csv
1217_params.csv
1218_output.csv
1218_params.csv
1219_output.csv
1219_params.csv
121_output.csv
121_params.csv
1220_output.csv
1220_params.csv
1221_output.csv
1221_params.csv
1222_params.csv
1223_params.csv
1224_output.csv
1224_params.csv
1225_params.csv
1226_output.csv
1226_params.csv
1227_output.csv
1227_params.csv
1228_output.csv
1228_params.csv
1229_params.csv
122_output.csv
122_params.csv
1230_output.csv
1230_params.csv
1231_output.csv
1231_params.csv
1232_params.csv
1233_params.csv
1234_output.csv
1234_params.csv
1235_output.csv
1235_params.csv
1236_output.csv
1236_params.csv
1237_output.csv
1237_params.csv
1238_params.csv
1239_output.csv
1239_params.csv
123_params.csv
1240_output.csv
1240_params.csv
1241_output.csv
1241_params.csv
1242_output.csv
1242_params.csv
1243_output.csv
1243_params.csv
1244_params.csv
1245_output.csv
1245_params.csv
1246_output.csv
1246_params.csv
1247_output.csv
1247_params.csv
1248_params.csv
1249_params.csv
124_params.csv
1250_params.csv
1251_output.csv
1251_params.csv
1252_output.csv
1252_params.csv
1253_params.csv
1254_output.csv
1254_params.csv
1255_output.csv
1255_params.csv
1256_params.csv
1257_output.csv
1257_params.csv
1258_output.csv
1258_params.csv
1259_params.csv
125_output.csv
125_params.csv
1260_output.csv
1260_params.csv
1261_params.csv
1262_output.csv
1262_params.csv
1263_output.csv
1263_params.csv
1264_params.csv
1265_params.csv
1266_output.csv
1266_params.csv
1267_output.csv
1267_params.csv
1268_params.csv
1269_output.csv
1269_params.csv
126_output.csv
126_params.csv
1270_params.csv
1271_output.csv
1271_params.csv
1272_params.csv
1273_params.csv
1274_output.csv
1274_params.csv
1275_params.csv
1276_output.csv
1276_params.csv
1277_output.csv
1277_params.csv
1278_output.csv
1278_params.csv
1279_output.csv
1279_params.csv
127_output.csv
127_params.csv
1280_params.csv
1281_params.csv
1282_output.csv
1282_params.csv
1283_output.csv
1283_params.csv
1284_params.csv
1285_params.csv
1286_output.csv
1286_params.csv
1287_output.csv
1287_params.csv
1288_params.csv
1289_output.csv
1289_params.csv
128_output.csv
128_params.csv
1290_params.csv
1291_params.csv
1292_output.csv
1292_params.csv
1293_output.csv
1293_params.csv
1294_output.csv
1294_params.csv
1295_output.csv
1295_params.csv
1296_output.csv
1296_params.csv
1297_output.csv
1297_params.csv
1298_params.csv
1299_output.csv
1299_params.csv
129_params.csv
12_params.csv
1300_params.csv
1301_output.csv
1301_params.csv
1302_output.csv
1302_params.csv
1303_output.csv
1303_params.csv
1304_params.csv
1305_output.csv
1305_params.csv
1306_output.csv
1306_params.csv
1307_output.csv
1307_params.csv
1308_params.csv
1309_params.csv
130_params.csv
1310_output.csv
1310_params.csv
1311_output.csv
1311_params.csv
1312_output.csv
1312_params.csv
1313_output.csv
1313_params.csv
1314_output.csv
1314_params.csv
1315_output.csv
1315_params.csv
1316_params.csv
1317_output.csv
1317_params.csv
1318_params.csv
1319_output.csv
1319_params.csv
131_output.csv
131_params.csv
1320_params.csv
1321_params.csv
1322_output.csv
1322_params.csv
1323_output.csv
1323_params.csv
1324_output.csv
1324_params.csv
1325_output.csv
1325_params.csv
1326_output.csv
1326_params.csv
1327_params.csv
1328_params.csv
1329_output.csv
1329_params.csv
132_params.csv
1330_output.csv
1330_params.csv
1331_params.csv
1332_output.csv
1332_params.csv
1333_output.csv
1333_params.csv
1334_output.csv
1334_params.csv
1335_output.csv
1335_params.csv
1336_params.csv
1337_params.csv
1338_output.csv
1338_params.csv
1339_output.csv
1339_params.csv
133_output.csv
133_params.csv
1340_output.csv
1340_params.csv
1341_params.csv
1342_output.csv
1342_params.csv
1343_params.csv
1344_params.csv
1345_output.csv
1345_params.csv
1346_output.csv
1346_params.csv
1347_params.csv
1348_output.csv
1348_params.csv
1349_output.csv
1349_params.csv
134_output.csv
134_params.csv
1350_output.csv
1350_params.csv
1351_output.csv
1351_params.csv
1352_params.csv
1353_params.csv
1354_output.csv
1354_params.csv
1355_output.csv
1355_params.csv
1356_output.csv
1356_params.csv
1357_params.csv
1358_params.csv
1359_params.csv
135_params.csv
1360_output.csv
1360_params.csv
1361_params.csv
1362_output.csv
1362_params.csv
1363_output.csv
1363_params.csv
1364_output.csv
1364_params.csv
1365_params.csv
1366_params.csv
1367_output.csv
1367_params.csv
1368_output.csv
1368_params.csv
1369_output.csv
1369_params.csv
136_output.csv
136_params.csv
1370_params.csv
1371_params.csv
1372_params.csv
1373_output.csv
1373_params.csv
1374_params.csv
1375_params.csv
1376_output.csv
1376_params.csv
1377_params.csv
1378_output.csv
1378_params.csv
1379_params.csv
137_output.csv
137_params.csv
1380_output.csv
1380_params.csv
1381_params.csv
1382_output.csv
1382_params.csv
1383_output.csv
1383_params.csv
1384_params.csv
1385_params.csv
1386_output.csv
1386_params.csv
1387_params.csv
1388_output.csv
1388_params.csv
1389_params.csv
138_output.csv
138_params.csv
1390_output.csv
1390_params.csv
1391_output.csv
1391_params.csv
1392_output.csv
1392_params.csv
1393_output.csv
1393_params.csv
1394_params.csv
1395_output.csv
1395_params.csv
1396_output.csv
1396_params.csv
1397_output.csv
1397_params.csv
1398_params.csv
1399_params.csv
139_output.csv
139_params.csv
13_output.csv
13_params.csv
1400_output.csv
1400_params.csv
1401_output.csv
1401_params.csv
1402_output.csv
1402_params.csv
1403_params.csv
1404_params.csv
1405_output.csv
1405_params.csv
1406_params.csv
1407_params.csv
1408_params.csv
1409_params.csv
140_output.csv
140_params.csv
1410_output.csv
1410_params.csv
1411_output.csv
1411_params.csv
1412_output.csv
1412_params.csv
1413_params.csv
1414_output.csv
1414_params.csv
1415_output.csv
1415_params.csv
1416_output.csv
1416_params.csv
1417_params.csv
1418_params.csv
1419_output.csv
1419_params.csv
141_params.csv
1420_output.csv
1420_params.csv
1421_output.csv
1421_params.csv
1422_params.csv
1423_output.csv
1423_params.csv
1424_params.csv
1425_output.csv
1425_params.csv
1426_params.csv
1427_output.csv
1427_params.csv
1428_output.csv
1428_params.csv
1429_output.csv
1429_params.csv
142_output.csv
142_params.csv
1430_output.csv
1430_params.csv
1431_output.csv
1431_params.csv
1432_output.csv
1432_params.csv
1433_output.csv
1433_params.csv
1434_output.csv
1434_params.csv
1435_params.csv
1436_output.csv
1436_params.csv
1437_params.csv
1438_output.csv
1438_params.csv
1439_params.csv
143_params.csv
1440_params.csv
1441_params.csv
1442_params.csv
1443_output.csv
1443_params.csv
1444_params.csv
1445_output.csv
1445_params.csv
1446_params.csv
1447_output.csv
1447_params.csv
1448_output.csv
1448_params.csv
1449_output.csv
1449_params.csv
144_output.csv
144_params.csv
1450_params.csv
1451_params.csv
1452_params.csv
1453_params.csv
1454_params.csv
1455_output.csv
1455_params.csv
1456_output.csv
1456_params.csv
1457_params.csv
1458_params.csv
1459_params.csv
145_output.csv
145_params.csv
1460_output.csv
1460_params.csv
1461_params.csv
1462_params.csv
1463_output.csv
1463_params.csv
1464_params.csv
1465_params.csv
1466_output.csv
1466_params.csv
1467_params.csv
1468_params.csv
1469_output.csv
1469_params.csv
146_output.csv
146_params.csv
1470_output.csv
1470_params.csv
1471_params.csv
1472_output.csv
1472_params.csv
1473_params.csv
1474_params.csv
1475_params.csv
1476_output.csv
1476_params.csv
1477_output.csv
1477_params.csv
1478_output.csv
1478_params.csv
1479_params.csv
147_output.csv
147_params.csv
1480_params.csv
1481_output.csv
1481_params.csv
1482_params.csv
1483_output.csv
1483_params.csv
1484_output.csv
1484_params.csv
1485_output.csv
1485_params.csv
1486_output.csv
1486_params.csv
1487_params.csv
1488_params.csv
1489_output.csv
1489_params.csv
148_output.csv
148_params.csv
1490_params.csv
1491_output.csv
1491_params.csv
1492_params.csv
1493_params.csv
1494_output.csv
1494_params.csv
1495_output.csv
1495_params.csv
1496_params.csv
1497_params.csv
1498_output.csv
1498_params.csv
1499_output.csv
1499_params.csv
149_output.csv
149_params.csv
14_params.csv
1500_output.csv
1500_params.csv
1501_output.csv
1501_params.csv
1502_params.csv
1503_output.csv
1503_params.csv
1504_params.csv
1505_params.csv
1506_output.csv
1506_params.csv
1507_output.csv
1507_params.csv
1508_params.csv
1509_params.csv
150_params.csv
1510_params.csv
1511_output.csv
1511_params.csv
1512_output.csv
1512_params.csv
1513_params.csv
1514_params.csv
1515_output.csv
1515_params.csv
1516_output.csv
1516_params.csv
1517_output.csv
1517_params.csv
1518_output.csv
1518_params.csv
1519_output.csv
1519_params.csv
151_output.csv
151_params.csv
1520_output.csv
1520_params.csv
1521_params.csv
1522_params.csv
1523_output.csv
1523_params.csv
1524_params.csv
1525_params.csv
1526_params.csv
1527_params.csv
1528_output.csv
1528_params.csv
1529_params.csv
152_params.csv
1530_output.csv
1530_params.csv
1531_output.csv
1531_params.csv
1532_params.csv
1533_params.csv
1534_params.csv
1535_output.csv
1535_params.csv
1536_params.csv
1537_output.csv
1537_params.csv
1538_output.csv
1538_params.csv
1539_params.csv
153_output.csv
153_params.csv
1540_output.csv
1540_params.csv
1541_params.csv
1542_output.csv
1542_params.csv
1543_output.csv
1543_params.csv
1544_params.csv
1545_output.csv
1545_params.csv
1546_params.csv
1547_output.csv
1547_params.csv
1548_output.csv
1548_params.csv
1549_output.csv
1549_params.csv
154_output.csv
154_params.csv
1550_params.csv
1551_params.csv
1552_params.csv
1553_output.csv
1553_params.csv
1554_output.csv
1554_params.csv
1555_output.csv
1555_params.csv
1556_params.csv
1557_params.csv
1558_output.csv
1558_params.csv
1559_output.csv
1559_params.csv
155_output.csv
155_params.csv
1560_params.csv
1561_output.csv
1561_params.csv
1562_params.csv
1563_output.csv
1563_params.csv
1564_params.csv
1565_params.csv
1566_output.csv
1566_params.csv
1567_output.csv
1567_params.csv
1568_params.csv
1569_output.csv
1569_params.csv
156_output.csv
156_params.csv
1570_output.csv
1570_params.csv
1571_params.csv
1572_output.csv
1572_params.csv
1573_params.csv
1574_params.csv
1575_params.csv
1576_params.csv
1577_output.csv
1577_params.csv
1578_output.csv
1578_params.csv
1579_params.csv
157_output.csv
157_params.csv
1580_output.csv
1580_params.csv
1581_params.csv
1582_output.csv
1582_params.csv
1583_params.csv
1584_output.csv
1584_params.csv
1585_output.csv
1585_params.csv
1586_output.csv
1586_params.csv
1587_output.csv
1587_params.csv
1588_params.csv
1589_output.csv
1589_params.csv
158_output.csv
158_params.csv
1590_output.csv
1590_params.csv
1591_output.csv
1591_params.csv
1592_output.csv
1592_params.csv
1593_output.csv
1593_params.csv
1594_output.csv
1594_params.csv
1595_output.csv
1595_params.csv
1596_params.csv
1597_output.csv
1597_params.csv
1598_params.csv
1599_output.csv
1599_params.csv
159_output.csv
159_params.csv
15_output.csv
15_params.csv
1600_output.csv
1600_params.csv
1601_params.csv
1602_output.csv
1602_params.csv
1603_params.csv
1604_output.csv
1604_params.csv
1605_output.csv
1605_params.csv
1606_params.csv
1607_params.csv
1608_params.csv
1609_params.csv
160_params.csv
1610_params.csv
1611_output.csv
1611_params.csv
1612_params.csv
1613_params.csv
1614_output.csv
1614_params.csv
1615_output.csv
1615_params.csv
1616_output.csv
1616_params.csv
1617_output.csv
1617_params.csv
1618_params.csv
1619_params.csv
161_output.csv
161_params.csv
1620_output.csv
1620_params.csv
1621_output.csv
1621_params.csv
1622_output.csv
1622_params.csv
1623_params.csv
1624_output.csv
1624_params.csv
1625_output.csv
1625_params.csv
1626_params.csv
1627_output.csv
1627_params.csv
1628_output.csv
1628_params.csv
1629_params.csv
162_output.csv
162_params.csv
1630_output.csv
1630_params.csv
1631_output.csv
1631_params.csv
1632_params.csv
1633_output.csv
1633_params.csv
1634_params.csv
1635_output.csv
1635_params.csv
1636_params.csv
1637_params.csv
1638_output.csv
1638_params.csv
1639_output.csv
1639_params.csv
163_params.csv
1640_params.csv
1641_output.csv
1641_params.csv
1642_output.csv
1642_params.csv
1643_output.csv
1643_params.csv
1644_params.csv
1645_params.csv
1646_params.csv
1647_output.csv
1647_params.csv
1648_params.csv
1649_output.csv
1649_params.csv
164_params.csv
1650_params.csv
1651_params.csv
1652_params.csv
1653_params.csv
1654_params.csv
1655_params.csv
1656_output.csv
1656_params.csv
1657_params.csv
1658_output.csv
1658_params.csv
1659_output.csv
1659_params.csv
165_params.csv
1660_output.csv
1660_params.csv
1661_output.csv
1661_params.csv
1662_output.csv
1662_params.csv
1663_output.csv
1663_params.csv
1664_output.csv
1664_params.csv
1665_output.csv
1665_params.csv
1666_params.csv
1667_params.csv
1668_params.csv
1669_output.csv
1669_params.csv
166_output.csv
166_params.csv
1670_params.csv
1671_output.csv
1671_params.csv
1672_params.csv
1673_params.csv
1674_params.csv
1675_output.csv
1675_params.csv
1676_params.csv
1677_params.csv
1678_params.csv
1679_params.csv
167_params.csv
1680_output.csv
1680_params.csv
1681_output.csv
1681_params.csv
1682_output.csv
1682_params.csv
1683_params.csv
1684_output.csv
1684_params.csv
1685_output.csv
1685_params.csv
1686_output.csv
1686_params.csv
1687_params.csv
1688_params.csv
1689_output.csv
1689_params.csv
168_params.csv
1690_output.csv
1690_params.csv
1691_output.csv
1691_params.csv
1692_output.csv
1692_params.csv
1693_params.csv
1694_output.csv
1694_params.csv
1695_params.csv
1696_output.csv
1696_params.csv
1697_output.csv
1697_params.csv
1698_output.csv
1698_params.csv
1699_output.csv
1699_params.csv
169_output.csv
169_params.csv
16_output.csv
16_params.csv
1700_output.csv
1700_params.csv
1701_output.csv
1701_params.csv
1702_output.csv
1702_params.csv
1703_output.csv
1703_params.csv
1704_output.csv
1704_params.csv
1705_output.csv
1705_params.csv
1706_params.csv
1707_output.csv
1707_params.csv
1708_output.csv
1708_params.csv
1709_output.csv
1709_params.csv
170_output.csv
170_params.csv
1710_output.csv
1710_params.csv
1711_params.csv
1712_output.csv
1712_params.csv
1713_output.csv
1713_params.csv
1714_params.csv
1715_params.csv
1716_params.csv
1717_params.csv
1718_output.csv
1718_params.csv
1719_params.csv
171_params.csv
1720_params.csv
1721_params.csv
1722_output.csv
1722_params.csv
1723_params.csv
1724_params.csv
1725_params.csv
1726_output.csv
1726_params.csv
1727_output.csv
1727_params.csv
1728_output.csv
1728_params.csv
1729_output.csv
1729_params.csv
172_output.csv
172_params.csv
1730_params.csv
1731_output.csv
1731_params.csv
1732_params.csv
1733_params.csv
1734_output.csv
1734_params.csv
1735_output.csv
1735_params.csv
1736_params.csv
1737_params.csv
1738_output.csv
1738_params.csv
1739_output.csv
1739_params.csv
173_output.csv
173_params.csv
1740_params.csv
1741_params.csv
1742_output.csv
1742_params.csv
1743_params.csv
1744_output.csv
1744_params.csv
1745_output.csv
1745_params.csv
1746_params.csv
1747_output.csv
1747_params.csv
1748_params.csv
1749_output.csv
1749_params.csv
174_params.csv
1750_output.csv
1750_params.csv
1751_params.csv
1752_output.csv
1752_params.csv
1753_params.csv
1754_params.csv
1755_params.csv
1756_params.csv
1757_params.csv
1758_output.csv
1758_params.csv
1759_params.csv
175_output.csv
175_params.csv
1760_params.csv
1761_output.csv
1761_params.csv
1762_params.csv
1763_params.csv
1764_output.csv
1764_params.csv
1765_output.csv
1765_params.csv
1766_output.csv
1766_params.csv
1767_output.csv
1767_params.csv
1768_params.csv
1769_output.csv
1769_params.csv
176_params.csv
1770_params.csv
1771_params.csv
1772_params.csv
1773_params.csv
1774_output.csv
1774_params.csv
1775_output.csv
1775_params.csv
1776_output.csv
1776_params.csv
1777_params.csv
1778_output.csv
1778_params.csv
1779_output.csv
1779_params.csv
177_output.csv
177_params.csv
1780_output.csv
1780_params.csv
1781_output.csv
1781_params.csv
1782_output.csv
1782_params.csv
1783_params.csv
1784_output.csv
1784_params.csv
1785_output.csv
1785_params.csv
1786_params.csv
1787_params.csv
1788_output.csv
1788_params.csv
1789_params.csv
178_output.csv
178_params.csv
1790_params.csv
1791_params.csv
1792_output.csv
1792_params.csv
1793_params.csv
1794_output.csv
1794_params.csv
1795_params.csv
1796_output.csv
1796_params.csv
1797_params.csv
1798_output.csv
1798_params.csv
1799_output.csv
1799_params.csv
179_params.csv
17_output.csv
17_params.csv
1800_params.csv
1801_params.csv
1802_output.csv
1802_params.csv
1803_output.csv
1803_params.csv
1804_output.csv
1804_params.csv
1805_params.csv
1806_output.csv
1806_params.csv
1807_output.csv
1807_params.csv
1808_params.csv
1809_output.csv
1809_params.csv
180_params.csv
1810_params.csv
1811_output.csv
1811_params.csv
1812_output.csv
1812_params.csv
1813_params.csv
1814_output.csv
1814_params.csv
1815_output.csv
1815_params.csv
1816_output.csv
1816_params.csv
1817_output.csv
1817_params.csv
1818_params.csv
1819_output.csv
1819_params.csv
181_params.csv
1820_output.csv
1820_params.csv
1821_output.csv
1821_params.csv
1822_params.csv
1823_output.csv
1823_params.csv
1824_params.csv
1825_output.csv
1825_params.csv
1826_params.csv
1827_output.csv
1827_params.csv
1828_output.csv
1828_params.csv
1829_params.csv
182_params.csv
1830_params.csv
1831_output.csv
1831_params.csv
1832_output.csv
1832_params.csv
1833_params.csv
1834_params.csv
1835_output.csv
1835_params.csv
1836_output.csv
1836_params.csv
1837_params.csv
1838_output.csv
1838_params.csv
1839_params.csv
183_params.csv
1840_params.csv
1841_output.csv
1841_params.csv
1842_output.csv
1842_params.csv
1843_output.csv
1843_params.csv
1844_output.csv
1844_params.csv
1845_output.csv
1845_params.csv
1846_output.csv
1846_params.csv
1847_params.csv
1848_output.csv
1848_params.csv
1849_params.csv
184_output.csv
184_params.csv
1850_params.csv
1851_params.csv
1852_params.csv
1853_output.csv
1853_params.csv
1854_params.csv
1855_params.csv
1856_output.csv
1856_params.csv
1857_output.csv
1857_params.csv
1858_params.csv
1859_output.csv
1859_params.csv
185_output.csv
185_params.csv
1860_output.csv
1860_params.csv
1861_output.csv
1861_params.csv
1862_output.csv
1862_params.csv
1863_output.csv
1863_params.csv
1864_params.csv
1865_params.csv
1866_output.csv
1866_params.csv
1867_output.csv
1867_params.csv
1868_output.csv
1868_params.csv
1869_params.csv
186_params.csv
1870_output.csv
1870_params.csv
1871_output.csv
1871_params.csv
1872_output.csv
1872_params.csv
1873_output.csv
1873_params.csv
1874_output.csv
1874_params.csv
1875_output.csv
1875_params.csv
1876_params.csv
1877_output.csv
1877_params.csv
1878_params.csv
1879_output.csv
1879_params.csv
187_params.csv
1880_params.csv
1881_output.csv
1881_params.csv
1882_output.csv
1882_params.csv
1883_params.csv
1884_params.csv
1885_output.csv
1885_params.csv
1886_output.csv
1886_params.csv
1887_params.csv
1888_output.csv
1888_params.csv
1889_output.csv
1889_params.csv
188_params.csv
1890_output.csv
1890_params.csv
1891_output.csv
1891_params.csv
1892_output.csv
1892_params.csv
1893_params.csv
1894_output.csv
1894_params.csv
1895_output.csv
1895_params.csv
1896_params.csv
1897_params.csv
1898_params.csv
1899_output.csv
1899_params.csv
189_output.csv
189_params.csv
18_output.csv
18_params.csv
1900_output.csv
1900_params.csv
1901_params.csv
1902_params.csv
1903_output.csv
1903_params.csv
1904_params.csv
1905_params.csv
1906_output.csv
1906_params.csv
1907_output.csv
1907_params.csv
1908_params.csv
1909_params.csv
190_params.csv
1910_output.csv
1910_params.csv
1911_params.csv
1912_output.csv
1912_params.csv
1913_params.csv
1914_output.csv
1914_params.csv
1915_output.csv
1915_params.csv
1916_output.csv
1916_params.csv
1917_output.csv
1917_params.csv
1918_params.csv
1919_params.csv
191_output.csv
191_params.csv
1920_output.csv
1920_params.csv
1921_params.csv
1922_output.csv
1922_params.csv
1923_output.csv
1923_params.csv
1924_params.csv
1925_output.csv
1925_params.csv
1926_output.csv
1926_params.csv
1927_params.csv
1928_params.csv
1929_output.csv
1929_params.csv
192_output.csv
192_params.csv
1930_params.csv
1931_params.csv
1932_params.csv
1933_output.csv
1933_params.csv
1934_output.csv
1934_params.csv
1935_output.csv
1935_params.csv
1936_params.csv
1937_params.csv
1938_output.csv
1938_params.csv
1939_params.csv
193_output.csv
193_params.csv
1940_output.csv
1940_params.csv
1941_output.csv
1941_params.csv
1942_output.csv
1942_params.csv
1943_params.csv
1944_params.csv
1945_output.csv
1945_params.csv
1946_output.csv
1946_params.csv
1947_params.csv
1948_output.csv
1948_params.csv
1949_output.csv
1949_params.csv
194_params.csv
1950_output.csv
1950_params.csv
1951_params.csv
1952_output.csv
1952_params.csv
1953_params.csv
1954_params.csv
1955_output.csv
1955_params.csv
1956_output.csv
1956_params.csv
1957_params.csv
1958_params.csv
1959_output.csv
1959_params.csv
195_params.csv
1960_params.csv
1961_output.csv
1961_params.csv
1962_output.csv
1962_params.csv
1963_output.csv
1963_params.csv
1964_params.csv
1965_params.csv
1966_params.csv
1967_params.csv
1968_output.csv
1968_params.csv
1969_output.csv
1969_params.csv
196_output.csv
196_params.csv
1970_params.csv
1971_output.csv
1971_params.csv
1972_params.csv
1973_output.csv
1973_params.csv
1974_params.csv
1975_params.csv
1976_params.csv
1977_output.csv
1977_params.csv
1978_output.csv
1978_params.csv
1979_output.csv
1979_params.csv
197_params.csv
1980_params.csv
1981_params.csv
1982_params.csv
1983_params.csv
1984_output.csv
1984_params.csv
1985_params.csv
1986_params.csv
1987_output.csv
1987_params.csv
1988_output.csv
1988_params.csv
1989_output.csv
1989_params.csv
198_output.csv
198_params.csv
1990_output.csv
1990_params.csv
1991_output.csv
1991_params.csv
1992_output.csv
1992_params.csv
1993_params.csv
1994_output.csv
1994_params.csv
1995_output.csv
1995_params.csv
1996_params.csv
1997_params.csv
1998_params.csv
1999_output.csv
1999_params.csv
199_output.csv
199_params.csv
19_output.csv
19_params.csv
1_output.csv
1_params.csv
2000_output.csv
2000_params.csv
2001_output.csv
2001_params.csv
2002_output.csv
2002_params.csv
2003_params.csv
2004_output.csv
2004_params.csv
2005_output.csv
2005_params.csv
2006_params.csv
2007_output.csv
2007_params.csv
2008_output.csv
2008_params.csv
2009_output.csv
2009_params.csv
200_output.csv
200_params.csv
2010_params.csv
2011_output.csv
2011_params.csv
2012_params.csv
2013_output.csv
2013_params.csv
2014_output.csv
2014_params.csv
2015_output.csv
2015_params.csv
2016_params.csv
2017_output.csv
2017_params.csv
2018_output.csv
2018_params.csv
2019_params.csv
201_output.csv
201_params.csv
2020_output.csv
2020_params.csv
2021_params.csv
2022_output.csv
2022_params.csv
2023_params.csv
2024_output.csv
2024_params.csv
2025_params.csv
2026_output.csv
2026_params.csv
2027_output.csv
2027_params.csv
2028_params.csv
2029_params.csv
202_output.csv
202_params.csv
2030_params.csv
2031_params.csv
2032_output.csv
2032_params.csv
2033_output.csv
2033_params.csv
2034_output.csv
2034_params.csv
2035_params.csv
2036_params.csv
2037_output.csv
2037_params.csv
2038_output.csv
2038_params.csv
2039_output.csv
2039_params.csv
203_params.csv
2040_output.csv
2040_params.csv
2041_output.csv
2041_params.csv
2042_output.csv
2042_params.csv
2043_params.csv
2044_params.csv
2045_output.csv
2045_params.csv
2046_params.csv
2047_output.csv
2047_params.csv
2048_output.csv
2048_params.csv
2049_params.csv
204_params.csv
2050_params.csv
2051_params.csv
2052_params.csv
2053_params.csv
2054_params.csv
2055_output.csv
2055_params.csv
2056_output.csv
2056_params.csv
2057_output.csv
2057_params.csv
2058_params.csv
2059_params.csv
205_output.csv
205_params.csv
2060_params.csv
2061_output.csv
2061_params.csv
2062_output.csv
2062_params.csv
2063_output.csv
2063_params.csv
2064_output.csv
2064_params.csv
2065_params.csv
2066_params.csv
2067_output.csv
2067_params.csv
2068_params.csv
2069_output.csv
2069_params.csv
206_output.csv
206_params.csv
2070_params.csv
2071_params.csv
2072_output.csv
2072_params.csv
2073_output.csv
2073_params.csv
2074_params.csv
2075_output.csv
2075_params.csv
2076_output.csv
2076_params.csv
2077_output.csv
2077_params.csv
2078_output.csv
2078_params.csv
2079_output.csv
2079_params.csv
207_output.csv
207_params.csv
2080_output.csv
2080_params.csv
2081_params.csv
2082_params.csv
2083_params.csv
2084_output.csv
2084_params.csv
2085_params.csv
2086_output.csv
2086_params.csv
2087_output.csv
2087_params.csv
2088_params.csv
2089_params.csv
208_params.csv
2090_output.csv
2090_params.csv
2091_output.csv
2091_params.csv
2092_output.csv
2092_params.csv
2093_params.csv
2094_params.csv
2095_output.csv
2095_params.csv
2096_output.csv
2096_params.csv
2097_params.csv
2098_output.csv
2098_params.csv
2099_params.csv
209_params.csv
20_output.csv
20_params.csv
2100_output.csv
2100_params.csv
2101_output.csv
2101_params.csv
2102_params.csv
2103_output.csv
2103_params.csv
2104_output.csv
2104_params.csv
2105_output.csv
2105_params.csv
2106_output.csv
2106_params.csv
2107_output.csv
2107_params.csv
2108_output.csv
2108_params.csv
2109_params.csv
210_output.csv
210_params.csv
2110_output.csv
2110_params.csv
2111_output.csv
2111_params.csv
2112_params.csv
2113_output.csv
2113_params.csv
2114_output.csv
2114_params.csv
2115_params.csv
2116_params.csv
2117_params.csv
2118_params.csv
2119_params.csv
211_params.csv
2120_output.csv
2120_params.csv
2121_output.csv
2121_params.csv
2122_output.csv
2122_params.csv
2123_params.csv
2124_params.csv
2125_output.csv
2125_params.csv
2126_output.csv
2126_params.csv
2127_output.csv
2127_params.csv
2128_params.csv
2129_output.csv
2129_params.csv
212_params.csv
2130_params.csv
2131_params.csv
2132_output.csv
2132_params.csv
2133_params.csv
2134_output.csv
2134_params.csv
2135_output.csv
2135_params.csv
2136_output.csv
2136_params.csv
2137_params.csv
2138_params.csv
2139_output.csv
2139_params.csv
213_output.csv
213_params.csv
2140_params.csv
2141_params.csv
2142_output.csv
2142_params.csv
2143_params.csv
2144_output.csv
2144_params.csv
2145_output.csv
2145_params.csv
2146_params.csv
2147_output.csv
2147_params.csv
2148_output.csv
2148_params.csv
2149_output.csv
2149_params.csv
214_output.csv
214_params.csv
2150_params.csv
2151_output.csv
2151_params.csv
2152_output.csv
2152_params.csv
2153_output.csv
2153_params.csv
2154_output.csv
2154_params.csv
2155_params.csv
2156_params.csv
2157_params.csv
2158_params.csv
2159_output.csv
2159_params.csv
215_output.csv
215_params.csv
2160_params.csv
2161_params.csv
2162_params.csv
2163_output.csv
2163_params.csv
2164_output.csv
2164_params.csv
2165_output.csv
2165_params.csv
2166_params.csv
2167_output.csv
2167_params.csv
2168_output.csv
2168_params.csv
2169_params.csv
216_params.csv
2170_output.csv
2170_params.csv
2171_output.csv
2171_params.csv
2172_params.csv
2173_params.csv
2174_params.csv
2175_params.csv
2176_output.csv
2176_params.csv
2177_output.csv
2177_params.csv
2178_params.csv
2179_output.csv
2179_params.csv
217_output.csv
217_params.csv
2180_params.csv
2181_output.csv
2181_params.csv
2182_params.csv
2183_output.csv
2183_params.csv
2184_output.csv
2184_params.csv
2185_output.csv
2185_params.csv
2186_output.csv
2186_params.csv
2187_output.csv
2187_params.csv
2188_params.csv
2189_params.csv
218_output.csv
218_params.csv
2190_params.csv
2191_params.csv
2192_output.csv
2192_params.csv
2193_output.csv
2193_params.csv
2194_params.csv
2195_output.csv
2195_params.csv
2196_output.csv
2196_params.csv
2197_output.csv
2197_params.csv
2198_params.csv
2199_output.csv
2199_params.csv
219_output.csv
219_params.csv
21_output.csv
21_params.csv
2200_output.csv
2200_params.csv
2201_params.csv
2202_output.csv
2202_params.csv
2203_output.csv
2203_params.csv
2204_output.csv
2204_params.csv
2205_params.csv
2206_output.csv
2206_params.csv
2207_output.csv
2207_params.csv
2208_output.csv
2208_params.csv
2209_output.csv
2209_params.csv
220_params.csv
2210_params.csv
2211_output.csv
2211_params.csv
2212_params.csv
2213_output.csv
2213_params.csv
2214_output.csv
2214_params.csv
2215_params.csv
2216_output.csv
2216_params.csv
2217_output.csv
2217_params.csv
2218_output.csv
2218_params.csv
2219_params.csv
221_params.csv
2220_params.csv
2221_params.csv
2222_params.csv
2223_output.csv
2223_params.csv
2224_params.csv
2225_output.csv
2225_params.csv
2226_params.csv
2227_output.csv
2227_params.csv
2228_output.csv
2228_params.csv
2229_params.csv
222_output.csv
222_params.csv
2230_output.csv
2230_params.csv
2231_params.csv
2232_params.csv
2233_output.csv
2233_params.csv
2234_output.csv
2234_params.csv
2235_params.csv
2236_output.csv
2236_params.csv
2237_params.csv
2238_output.csv
2238_params.csv
2239_params.csv
223_output.csv
223_params.csv
2240_output.csv
2240_params.csv
2241_output.csv
2241_params.csv
2242_params.csv
2243_params.csv
2244_params.csv
2245_output.csv
2245_params.csv
2246_output.csv
2246_params.csv
2247_params.csv
2248_output.csv
2248_params.csv
2249_output.csv
2249_params.csv
224_output.csv
224_params.csv
2250_output.csv
2250_params.csv
2251_output.csv
2251_params.csv
2252_params.csv
2253_output.csv
2253_params.csv
2254_output.csv
2254_params.csv
2255_output.csv
2255_params.csv
2256_params.csv
2257_output.csv
2257_params.csv
2258_output.csv
2258_params.csv
2259_output.csv
2259_params.csv
225_output.csv
225_params.csv
2260_output.csv
2260_params.csv
2261_output.csv
2261_params.csv
2262_output.csv
2262_params.csv
2263_output.csv
2263_params.csv
2264_output.csv
2264_params.csv
2265_params.csv
2266_output.csv
2266_params.csv
2267_output.csv
2267_params.csv
2268_output.csv
2268_params.csv
2269_output.csv
2269_params.csv
226_params.csv
2270_params.csv
2271_params.csv
2272_output.csv
2272_params.csv
2273_output.csv
2273_params.csv
2274_output.csv
2274_params.csv
2275_params.csv
2276_params.csv
2277_output.csv
2277_params.csv
2278_params.csv
2279_params.csv
227_params.csv
2280_output.csv
2280_params.csv
2281_output.csv
2281_params.csv
2282_output.csv
2282_params.csv
2283_output.csv
2283_params.csv
2284_output.csv
2284_params.csv
2285_params.csv
2286_output.csv
2286_params.csv
2287_params.csv
2288_output.csv
2288_params.csv
2289_output.csv
2289_params.csv
228_output.csv
228_params.csv
2290_output.csv
2290_params.csv
2291_output.csv
2291_params.csv
2292_output.csv
2292_params.csv
2293_output.csv
2293_params.csv
2294_output.csv
2294_params.csv
2295_output.csv
2295_params.csv
2296_params.csv
2297_output.csv
2297_params.csv
2298_output.csv
2298_params.csv
2299_output.csv
2299_params.csv
229_output.csv
229_params.csv
22_output.csv
22_params.csv
2300_params.csv
2301_output.csv
2301_params.csv
2302_output.csv
2302_params.csv
2303_output.csv
2303_params.csv
2304_params.csv
2305_output.csv
2305_params.csv
2306_params.csv
2307_params.csv
2308_output.csv
2308_params.csv
2309_output.csv
2309_params.csv
230_output.csv
230_params.csv
2310_output.csv
2310_params.csv
2311_output.csv
2311_params.csv
2312_params.csv
2313_params.csv
2314_params.csv
2315_params.csv
2316_output.csv
2316_params.csv
2317_params.csv
2318_params.csv
2319_params.csv
231_params.csv
2320_output.csv
2320_params.csv
2321_params.csv
2322_params.csv
2323_params.csv
2324_params.csv
2325_output.csv
2325_params.csv
2326_output.csv
2326_params.csv
2327_params.csv
2328_params.csv
2329_output.csv
2329_params.csv
232_params.csv
2330_params.csv
2331_output.csv
2331_params.csv
2332_output.csv
2332_params.csv
2333_output.csv
2333_params.csv
2334_params.csv
2335_output.csv
2335_params.csv
2336_params.csv
2337_output.csv
2337_params.csv
2338_params.csv
2339_output.csv
2339_params.csv
233_output.csv
233_params.csv
2340_params.csv
2341_output.csv
2341_params.csv
2342_output.csv
2342_params.csv
2343_output.csv
2343_params.csv
2344_params.csv
2345_output.csv
2345_params.csv
2346_output.csv
2346_params.csv
2347_output.csv
2347_params.csv
2348_output.csv
2348_params.csv
2349_output.csv
2349_params.csv
234_output.csv
234_params.csv
2350_output.csv
2350_params.csv
2351_output.csv
2351_params.csv
2352_output.csv
2352_params.csv
2353_params.csv
2354_output.csv
2354_params.csv
2355_output.csv
2355_params.csv
2356_output.csv
2356_params.csv
2357_output.csv
2357_params.csv
2358_output.csv
2358_params.csv
2359_output.csv
2359_params.csv
235_output.csv
235_params.csv
2360_output.csv
2360_params.csv
2361_params.csv
2362_params.csv
2363_output.csv
2363_params.csv
2364_params.csv
2365_output.csv
2365_params.csv
2366_output.csv
2366_params.csv
2367_params.csv
2368_output.csv
2368_params.csv
2369_params.csv
236_params.csv
2370_output.csv
2370_params.csv
2371_output.csv
2371_params.csv
2372_params.csv
2373_params.csv
2374_params.csv
2375_output.csv
2375_params.csv
2376_output.csv
2376_params.csv
2377_output.csv
2377_params.csv
2378_output.csv
2378_params.csv
2379_params.csv
237_params.csv
2380_params.csv
2381_params.csv
2382_output.csv
2382_params.csv
2383_output.csv
2383_params.csv
2384_output.csv
2384_params.csv
2385_output.csv
2385_params.csv
2386_params.csv
2387_output.csv
2387_params.csv
2388_output.csv
2388_params.csv
2389_output.csv
2389_params.csv
238_output.csv
238_params.csv
2390_output.csv
2390_params.csv
2391_output.csv
2391_params.csv
2392_params.csv
2393_params.csv
2394_params.csv
2395_params.csv
2396_output.csv
2396_params.csv
2397_params.csv
2398_params.csv
2399_params.csv
239_params.csv
23_output.csv
23_params.csv
2400_output.csv
2400_params.csv
2401_params.csv
2402_params.csv
2403_params.csv
2404_params.csv
2405_output.csv
2405_params.csv
2406_output.csv
2406_params.csv
2407_params.csv
2408_output.csv
2408_params.csv
2409_output.csv
2409_params.csv
240_output.csv
240_params.csv
2410_output.csv
2410_params.csv
2411_params.csv
2412_output.csv
2412_params.csv
2413_params.csv
2414_output.csv
2414_params.csv
2415_output.csv
2415_params.csv
2416_output.csv
2416_params.csv
2417_output.csv
2417_params.csv
2418_output.csv
2418_params.csv
2419_params.csv
241_params.csv
2420_output.csv
2420_params.csv
2421_params.csv
2422_params.csv
2423_params.csv
2424_params.csv
2425_params.csv
2426_output.csv
2426_params.csv
2427_output.csv
2427_params.csv
2428_output.csv
2428_params.csv
2429_params.csv
242_output.csv
242_params.csv
2430_output.csv
2430_params.csv
2431_params.csv
2432_params.csv
2433_output.csv
2433_params.csv
2434_output.csv
2434_params.csv
2435_output.csv
2435_params.csv
2436_output.csv
2436_params.csv
2437_params.csv
2438_params.csv
2439_params.csv
243_output.csv
243_params.csv
2440_output.csv
2440_params.csv
2441_output.csv
2441_params.csv
2442_output.csv
2442_params.csv
2443_output.csv
2443_params.csv
2444_output.csv
2444_params.csv
2445_output.csv
2445_params.csv
2446_params.csv
2447_output.csv
2447_params.csv
2448_output.csv
2448_params.csv
2449_output.csv
2449_params.csv
244_output.csv
244_params.csv
2450_params.csv
2451_params.csv
2452_output.csv
2452_params.csv
2453_output.csv
2453_params.csv
2454_output.csv
2454_params.csv
2455_output.csv
2455_params.csv
2456_output.csv
2456_params.csv
2457_output.csv
2457_params.csv
2458_output.csv
2458_params.csv
2459_output.csv
2459_params.csv
245_params.csv
2460_output.csv
2460_params.csv
2461_params.csv
2462_output.csv
2462_params.csv
2463_params.csv
2464_output.csv
2464_params.csv
2465_params.csv
2466_output.csv
2466_params.csv
2467_output.csv
2467_params.csv
2468_output.csv
2468_params.csv
2469_output.csv
2469_params.csv
246_output.csv
246_params.csv
2470_output.csv
2470_params.csv
2471_output.csv
2471_params.csv
2472_output.csv
2472_params.csv
2473_output.csv
2473_params.csv
2474_output.csv
2474_params.csv
2475_output.csv
2475_params.csv
2476_output.csv
2476_params.csv
2477_output.csv
2477_params.csv
2478_params.csv
2479_params.csv
247_params.csv
2480_params.csv
2481_params.csv
2482_params.csv
2483_output.csv
2483_params.csv
2484_output.csv
2484_params.csv
2485_params.csv
2486_params.csv
2487_output.csv
2487_params.csv
2488_output.csv
2488_params.csv
2489_output.csv
2489_params.csv
248_params.csv
2490_params.csv
2491_output.csv
2491_params.csv
2492_params.csv
2493_output.csv
2493_params.csv
2494_params.csv
2495_params.csv
2496_params.csv
2497_params.csv
2498_params.csv
2499_output.csv
2499_params.csv
249_output.csv
249_params.csv
24_params.csv
2500_output.csv
2500_params.csv
2501_params.csv
2502_output.csv
2502_params.csv
2503_output.csv
2503_params.csv
2504_output.csv
2504_params.csv
2505_output.csv
2505_params.csv
2506_params.csv
2507_params.csv
2508_output.csv
2508_params.csv
2509_output.csv
2509_params.csv
250_output.csv
250_params.csv
2510_output.csv
2510_params.csv
2511_output.csv
2511_params.csv
2512_output.csv
2512_params.csv
2513_params.csv
2514_output.csv
2514_params.csv
2515_params.csv
2516_params.csv
2517_output.csv
2517_params.csv
2518_params.csv
2519_params.csv
251_params.csv
2520_output.csv
2520_params.csv
2521_output.csv
2521_params.csv
2522_output.csv
2522_params.csv
2523_params.csv
2524_output.csv
2524_params.csv
2525_output.csv
2525_params.csv
2526_output.csv
2526_params.csv
2527_output.csv
2527_params.csv
2528_output.csv
2528_params.csv
2529_output.csv
2529_params.csv
252_params.csv
2530_output.csv
2530_params.csv
2531_params.csv
2532_params.csv
2533_output.csv
2533_params.csv
2534_params.csv
2535_params.csv
2536_output.csv
2536_params.csv
2537_output.csv
2537_params.csv
2538_output.csv
2538_params.csv
2539_output.csv
2539_params.csv
253_params.csv
2540_params.csv
2541_params.csv
2542_params.csv
2543_output.csv
2543_params.csv
2544_output.csv
2544_params.csv
2545_params.csv
2546_output.csv
2546_params.csv
2547_output.csv
2547_params.csv
2548_output.csv
2548_params.csv
2549_output.csv
2549_params.csv
254_params.csv
2550_output.csv
2550_params.csv
2551_params.csv
2552_output.csv
2552_params.csv
2553_params.csv
2554_params.csv
2555_params.csv
2556_params.csv
2557_output.csv
2557_params.csv
2558_output.csv
2558_params.csv
2559_params.csv
255_output.csv
255_params.csv
2560_output.csv
2560_params.csv
2561_output.csv
2561_params.csv
2562_params.csv
2563_output.csv
2563_params.csv
2564_output.csv
2564_params.csv
2565_output.csv
2565_params.csv
2566_params.csv
2567_output.csv
2567_params.csv
2568_output.csv
2568_params.csv
2569_output.csv
2569_params.csv
256_output.csv
256_params.csv
2570_params.csv
2571_output.csv
2571_params.csv
2572_output.csv
2572_params.csv
2573_output.csv
2573_params.csv
2574_output.csv
2574_params.csv
2575_params.csv
2576_output.csv
2576_params.csv
2577_params.csv
2578_output.csv
2578_params.csv
2579_output.csv
2579_params.csv
257_output.csv
257_params.csv
2580_output.csv
2580_params.csv
2581_output.csv
2581_params.csv
2582_output.csv
2582_params.csv
2583_output.csv
2583_params.csv
2584_params.csv
2585_output.csv
2585_params.csv
2586_params.csv
2587_output.csv
2587_params.csv
2588_output.csv
2588_params.csv
2589_output.csv
2589_params.csv
258_params.csv
2590_output.csv
2590_params.csv
2591_output.csv
2591_params.csv
2592_output.csv
2592_params.csv
2593_params.csv
2594_output.csv
2594_params.csv
2595_output.csv
2595_params.csv
2596_params.csv
2597_output.csv
2597_params.csv
2598_output.csv
2598_params.csv
2599_output.csv
2599_params.csv
259_output.csv
259_params.csv
25_output.csv
25_params.csv
2600_params.csv
2601_output.csv
2601_params.csv
2602_output.csv
2602_params.csv
2603_output.csv
2603_params.csv
2604_output.csv
2604_params.csv
2605_output.csv
2605_params.csv
2606_output.csv
2606_params.csv
2607_output.csv
2607_params.csv
2608_params.csv
2609_output.csv
2609_params.csv
260_output.csv
260_params.csv
2610_params.csv
2611_output.csv
2611_params.csv
2612_params.csv
2613_params.csv
2614_output.csv
2614_params.csv
2615_params.csv
2616_output.csv
2616_params.csv
2617_output.csv
2617_params.csv
2618_output.csv
2618_params.csv
2619_params.csv
261_output.csv
261_params.csv
2620_params.csv
2621_output.csv
2621_params.csv
2622_output.csv
2622_params.csv
2623_output.csv
2623_params.csv
2624_params.csv
2625_output.csv
2625_params.csv
2626_output.csv
2626_params.csv
2627_params.csv
2628_params.csv
2629_params.csv
262_output.csv
262_params.csv
2630_output.csv
2630_params.csv
2631_output.csv
2631_params.csv
2632_output.csv
2632_params.csv
2633_params.csv
2634_params.csv
2635_output.csv
2635_params.csv
2636_params.csv
2637_output.csv
2637_params.csv
2638_params.csv
2639_output.csv
2639_params.csv
263_output.csv
263_params.csv
2640_output.csv
2640_params.csv
2641_params.csv
2642_params.csv
2643_output.csv
2643_params.csv
2644_output.csv
2644_params.csv
2645_output.csv
2645_params.csv
2646_output.csv
2646_params.csv
2647_output.csv
2647_params.csv
2648_output.csv
2648_params.csv
2649_output.csv
2649_params.csv
264_params.csv
2650_output.csv
2650_params.csv
2651_params.csv
2652_output.csv
2652_params.csv
2653_output.csv
2653_params.csv
2654_params.csv
2655_params.csv
2656_params.csv
2657_output.csv
2657_params.csv
2658_params.csv
2659_output.csv
2659_params.csv
265_output.csv
265_params.csv
2660_output.csv
2660_params.csv
2661_params.csv
2662_output.csv
2662_params.csv
2663_output.csv
2663_params.csv
2664_output.csv
2664_params.csv
2665_output.csv
2665_params.csv
2666_output.csv
2666_params.csv
2667_output.csv
2667_params.csv
2668_params.csv
2669_output.csv
2669_params.csv
266_output.csv
266_params.csv
2670_params.csv
2671_output.csv
2671_params.csv
2672_params.csv
2673_output.csv
2673_params.csv
2674_output.csv
2674_params.csv
2675_output.csv
2675_params.csv
2676_output.csv
2676_params.csv
2677_output.csv
2677_params.csv
2678_params.csv
2679_params.csv
267_output.csv
267_params.csv
2680_output.csv
2680_params.csv
2681_params.csv
2682_output.csv
2682_params.csv
2683_output.csv
2683_params.csv
2684_params.csv
2685_output.csv
2685_params.csv
2686_output.csv
2686_params.csv
2687_output.csv
2687_params.csv
2688_params.csv
2689_output.csv
2689_params.csv
268_output.csv
268_params.csv
2690_params.csv
2691_params.csv
2692_params.csv
2693_output.csv
2693_params.csv
2694_output.csv
2694_params.csv
2695_output.csv
2695_params.csv
2696_output.csv
2696_params.csv
2697_output.csv
2697_params.csv
2698_output.csv
2698_params.csv
2699_params.csv
269_output.csv
269_params.csv
26_output.csv
26_params.csv
2700_params.csv
2701_output.csv
2701_params.csv
2702_output.csv
2702_params.csv
2703_output.csv
2703_params.csv
2704_params.csv
2705_params.csv
2706_params.csv
2707_output.csv
2707_params.csv
2708_output.csv
2708_params.csv
2709_params.csv
270_output.csv
270_params.csv
2710_params.csv
2711_output.csv
2711_params.csv
2712_output.csv
2712_params.csv
2713_params.csv
2714_output.csv
2714_params.csv
2715_output.csv
2715_params.csv
2716_output.csv
2716_params.csv
2717_output.csv
2717_params.csv
2718_params.csv
2719_params.csv
271_params.csv
2720_params.csv
2721_output.csv
2721_params.csv
2722_params.csv
2723_output.csv
2723_params.csv
2724_params.csv
2725_output.csv
2725_params.csv
2726_output.csv
2726_params.csv
2727_output.csv
2727_params.csv
2728_params.csv
2729_output.csv
2729_params.csv
272_output.csv
272_params.csv
2730_output.csv
2730_params.csv
2731_params.csv
2732_params.csv
2733_output.csv
2733_params.csv
2734_output.csv
2734_params.csv
2735_params.csv
2736_params.csv
2737_output.csv
2737_params.csv
2738_params.csv
2739_output.csv
2739_params.csv
273_params.csv
2740_output.csv
2740_params.csv
2741_params.csv
2742_output.csv
2742_params.csv
2743_params.csv
2744_params.csv
2745_params.csv
2746_params.csv
2747_output.csv
2747_params.csv
2748_output.csv
2748_params.csv
2749_output.csv
2749_params.csv
274_output.csv
274_params.csv
2750_params.csv
2751_output.csv
2751_params.csv
2752_params.csv
2753_params.csv
2754_output.csv
2754_params.csv
2755_params.csv
2756_output.csv
2756_params.csv
2757_params.csv
2758_output.csv
2758_params.csv
2759_params.csv
275_output.csv
275_params.csv
2760_output.csv
2760_params.csv
2761_output.csv
2761_params.csv
2762_output.csv
2762_params.csv
2763_output.csv
2763_params.csv
2764_output.csv
2764_params.csv
2765_output.csv
2765_params.csv
2766_output.csv
2766_params.csv
2767_output.csv
2767_params.csv
2768_output.csv
2768_params.csv
2769_output.csv
2769_params.csv
276_output.csv
276_params.csv
2770_params.csv
2771_output.csv
2771_params.csv
2772_params.csv
2773_params.csv
2774_params.csv
2775_output.csv
2775_params.csv
2776_params.csv
2777_output.csv
2777_params.csv
2778_output.csv
2778_params.csv
2779_output.csv
2779_params.csv
277_output.csv
277_params.csv
2780_params.csv
2781_params.csv
2782_output.csv
2782_params.csv
2783_output.csv
2783_params.csv
2784_output.csv
2784_params.csv
2785_params.csv
2786_output.csv
2786_params.csv
2787_output.csv
2787_params.csv
2788_output.csv
2788_params.csv
2789_output.csv
2789_params.csv
278_params.csv
2790_output.csv
2790_params.csv
2791_output.csv
2791_params.csv
2792_params.csv
2793_output.csv
2793_params.csv
2794_output.csv
2794_params.csv
2795_output.csv
2795_params.csv
2796_params.csv
2797_params.csv
2798_output.csv
2798_params.csv
2799_output.csv
2799_params.csv
279_params.csv
27_output.csv
27_params.csv
2800_output.csv
2800_params.csv
2801_output.csv
2801_params.csv
2802_output.csv
2802_params.csv
2803_params.csv
2804_output.csv
2804_params.csv
2805_params.csv
2806_output.csv
2806_params.csv
2807_output.csv
2807_params.csv
2808_output.csv
2808_params.csv
2809_params.csv
280_params.csv
2810_output.csv
2810_params.csv
2811_params.csv
2812_output.csv
2812_params.csv
2813_output.csv
2813_params.csv
2814_output.csv
2814_params.csv
2815_params.csv
2816_params.csv
2817_output.csv
2817_params.csv
2818_params.csv
2819_output.csv
2819_params.csv
281_params.csv
2820_output.csv
2820_params.csv
2821_output.csv
2821_params.csv
2822_params.csv
2823_params.csv
2824_output.csv
2824_params.csv
2825_output.csv
2825_params.csv
2826_output.csv
2826_params.csv
2827_output.csv
2827_params.csv
2828_output.csv
2828_params.csv
2829_output.csv
2829_params.csv
282_output.csv
282_params.csv
2830_output.csv
2830_params.csv
2831_output.csv
2831_params.csv
2832_params.csv
2833_output.csv
2833_params.csv
2834_params.csv
2835_output.csv
2835_params.csv
2836_output.csv
2836_params.csv
2837_output.csv
2837_params.csv
2838_params.csv
2839_output.csv
2839_params.csv
283_output.csv
283_params.csv
2840_output.csv
2840_params.csv
2841_output.csv
2841_params.csv
2842_output.csv
2842_params.csv
2843_params.csv
2844_output.csv
2844_params.csv
2845_output.csv
2845_params.csv
2846_output.csv
2846_params.csv
2847_params.csv
2848_params.csv
2849_output.csv
2849_params.csv
284_params.csv
2850_output.csv
2850_params.csv
2851_output.csv
2851_params.csv
2852_output.csv
2852_params.csv
2853_params.csv
2854_params.csv
2855_output.csv
2855_params.csv
2856_params.csv
2857_params.csv
2858_params.csv
2859_params.csv
285_params.csv
2860_output.csv
2860_params.csv
2861_output.csv
2861_params.csv
2862_output.csv
2862_params.csv
2863_output.csv
2863_params.csv
2864_params.csv
2865_output.csv
2865_params.csv
2866_output.csv
2866_params.csv
2867_params.csv
2868_output.csv
2868_params.csv
2869_output.csv
2869_params.csv
286_output.csv
286_params.csv
2870_params.csv
2871_params.csv
2872_output.csv
2872_params.csv
2873_output.csv
2873_params.csv
2874_output.csv
2874_params.csv
2875_params.csv
2876_output.csv
2876_params.csv
2877_output.csv
2877_params.csv
2878_output.csv
2878_params.csv
2879_params.csv
287_output.csv
287_params.csv
2880_params.csv
2881_params.csv
2882_output.csv
2882_params.csv
2883_params.csv
2884_params.csv
2885_output.csv
2885_params.csv
2886_params.csv
2887_output.csv
2887_params.csv
2888_output.csv
2888_params.csv
2889_output.csv
2889_params.csv
288_params.csv
2890_params.csv
2891_params.csv
2892_output.csv
2892_params.csv
2893_params.csv
2894_output.csv
2894_params.csv
2895_params.csv
2896_params.csv
2897_output.csv
2897_params.csv
2898_output.csv
2898_params.csv
2899_output.csv
2899_params.csv
289_params.csv
28_output.csv
28_params.csv
2900_output.csv
2900_params.csv
2901_output.csv
2901_params.csv
2902_output.csv
2902_params.csv
2903_output.csv
2903_params.csv
2904_params.csv
2905_output.csv
2905_params.csv
2906_params.csv
2907_output.csv
2907_params.csv
2908_params.csv
2909_params.csv
290_output.csv
290_params.csv
2910_params.csv
2911_output.csv
2911_params.csv
2912_params.csv
2913_params.csv
2914_output.csv
2914_params.csv
2915_output.csv
2915_params.csv
2916_output.csv
2916_params.csv
2917_params.csv
2918_output.csv
2918_params.csv
2919_params.csv
291_output.csv
291_params.csv
2920_output.csv
2920_params.csv
2921_params.csv
2922_params.csv
2923_output.csv
2923_params.csv
2924_output.csv
2924_params.csv
2925_output.csv
2925_params.csv
2926_output.csv
2926_params.csv
2927_output.csv
2927_params.csv
2928_params.csv
2929_output.csv
2929_params.csv
292_params.csv
2930_output.csv
2930_params.csv
2931_output.csv
2931_params.csv
2932_params.csv
2933_params.csv
2934_params.csv
2935_output.csv
2935_params.csv
2936_params.csv
2937_params.csv
2938_output.csv
2938_params.csv
2939_output.csv
2939_params.csv
293_params.csv
2940_output.csv
2940_params.csv
2941_params.csv
2942_params.csv
2943_params.csv
2944_output.csv
2944_params.csv
2945_output.csv
2945_params.csv
2946_output.csv
2946_params.csv
2947_output.csv
2947_params.csv
2948_output.csv
2948_params.csv
2949_output.csv
2949_params.csv
294_output.csv
294_params.csv
2950_output.csv
2950_params.csv
2951_output.csv
2951_params.csv
2952_params.csv
2953_output.csv
2953_params.csv
2954_params.csv
2955_output.csv
2955_params.csv
2956_params.csv
2957_params.csv
2958_params.csv
2959_output.csv
2959_params.csv
295_output.csv
295_params.csv
2960_params.csv
2961_output.csv
2961_params.csv
2962_output.csv
2962_params.csv
2963_output.csv
2963_params.csv
2964_output.csv
2964_params.csv
2965_output.csv
2965_params.csv
2966_params.csv
2967_output.csv
2967_params.csv
2968_output.csv
2968_params.csv
2969_params.csv
296_output.csv
296_params.csv
2970_params.csv
2971_output.csv
2971_params.csv
2972_params.csv
2973_params.csv
2974_output.csv
2974_params.csv
2975_output.csv
2975_params.csv
2976_output.csv
2976_params.csv
2977_output.csv
2977_params.csv
2978_output.csv
2978_params.csv
2979_output.csv
2979_params.csv
297_output.csv
297_params.csv
2980_params.csv
2981_output.csv
2981_params.csv
2982_output.csv
2982_params.csv
2983_output.csv
2983_params.csv
2984_params.csv
2985_output.csv
2985_params.csv
2986_output.csv
2986_params.csv
2987_output.csv
2987_params.csv
2988_params.csv
2989_output.csv
2989_params.csv
298_params.csv
2990_output.csv
2990_params.csv
2991_params.csv
2992_params.csv
2993_params.csv
2994_output.csv
2994_params.csv
2995_params.csv
2996_output.csv
2996_params.csv
2997_output.csv
2997_params.csv
2998_params.csv
2999_params.csv
299_params.csv
29_output.csv
29_params.csv
2_params.csv
3000_params.csv
3001_params.csv
3002_params.csv
3003_output.csv
3003_params.csv
3004_params.csv
3005_params.csv
3006_output.csv
3006_params.csv
3007_output.csv
3007_params.csv
3008_output.csv
3008_params.csv
3009_params.csv
300_params.csv
3010_params.csv
3011_output.csv
3011_params.csv
3012_output.csv
3012_params.csv
3013_output.csv
3013_params.csv
3014_params.csv
3015_output.csv
3015_params.csv
3016_output.csv
3016_params.csv
3017_params.csv
3018_params.csv
3019_output.csv
3019_params.csv
301_output.csv
301_params.csv
3020_params.csv
3021_output.csv
3021_params.csv
3022_output.csv
3022_params.csv
3023_output.csv
3023_params.csv
3024_output.csv
3024_params.csv
3025_params.csv
3026_params.csv
3027_output.csv
3027_params.csv
3028_output.csv
3028_params.csv
3029_params.csv
302_params.csv
3030_output.csv
3030_params.csv
3031_params.csv
3032_params.csv
3033_output.csv
3033_params.csv
3034_output.csv
3034_params.csv
3035_output.csv
3035_params.csv
3036_params.csv
3037_output.csv
3037_params.csv
3038_output.csv
3038_params.csv
3039_params.csv
303_output.csv
303_params.csv
3040_output.csv
3040_params.csv
3041_params.csv
3042_params.csv
3043_output.csv
3043_params.csv
3044_output.csv
3044_params.csv
3045_output.csv
3045_params.csv
3046_params.csv
3047_params.csv
3048_output.csv
3048_params.csv
3049_output.csv
3049_params.csv
304_output.csv
304_params.csv
3050_output.csv
3050_params.csv
3051_params.csv
3052_output.csv
3052_params.csv
3053_output.csv
3053_params.csv
3054_output.csv
3054_params.csv
3055_params.csv
3056_output.csv
3056_params.csv
3057_params.csv
3058_output.csv
3058_params.csv
3059_params.csv
305_params.csv
3060_output.csv
3060_params.csv
3061_output.csv
3061_params.csv
3062_params.csv
3063_output.csv
3063_params.csv
3064_params.csv
3065_params.csv
3066_output.csv
3066_params.csv
3067_output.csv
3067_params.csv
3068_output.csv
3068_params.csv
3069_output.csv
3069_params.csv
306_params.csv
3070_output.csv
3070_params.csv
3071_params.csv
3072_params.csv
3073_output.csv
3073_params.csv
3074_output.csv
3074_params.csv
3075_output.csv
3075_params.csv
3076_params.csv
3077_params.csv
3078_params.csv
3079_output.csv
3079_params.csv
307_output.csv
307_params.csv
3080_output.csv
3080_params.csv
3081_params.csv
3082_output.csv
3082_params.csv
3083_output.csv
3083_params.csv
3084_output.csv
3084_params.csv
3085_output.csv
3085_params.csv
3086_params.csv
3087_params.csv
3088_output.csv
3088_params.csv
3089_params.csv
308_output.csv
308_params.csv
3090_output.csv
3090_params.csv
3091_output.csv
3091_params.csv
3092_output.csv
3092_params.csv
3093_output.csv
3093_params.csv
3094_params.csv
3095_output.csv
3095_params.csv
3096_output.csv
3096_params.csv
3097_params.csv
3098_params.csv
3099_params.csv
309_output.csv
309_params.csv
30_params.csv
3100_params.csv
3101_output.csv
3101_params.csv
3102_output.csv
3102_params.csv
3103_params.csv
3104_output.csv
3104_params.csv
3105_output.csv
3105_params.csv
3106_output.csv
3106_params.csv
3107_output.csv
3107_params.csv
3108_output.csv
3108_params.csv
3109_output.csv
3109_params.csv
310_params.csv
3110_output.csv
3110_params.csv
3111_output.csv
3111_params.csv
3112_output.csv
3112_params.csv
3113_output.csv
3113_params.csv
3114_output.csv
3114_params.csv
3115_output.csv
3115_params.csv
3116_output.csv
3116_params.csv
3117_output.csv
3117_params.csv
3118_output.csv
3118_params.csv
3119_output.csv
3119_params.csv
311_output.csv
311_params.csv
3120_output.csv
3120_params.csv
3121_params.csv
3122_params.csv
3123_output.csv
3123_params.csv
3124_params.csv
3125_params.csv
3126_params.csv
3127_output.csv
3127_params.csv
3128_params.csv
3129_params.csv
312_output.csv
312_params.csv
3130_output.csv
3130_params.csv
3131_output.csv
3131_params.csv
3132_params.csv
3133_output.csv
3133_params.csv
3134_output.csv
3134_params.csv
3135_params.csv
3136_output.csv
3136_params.csv
3137_params.csv
3138_output.csv
3138_params.csv
3139_output.csv
3139_params.csv
313_output.csv
313_params.csv
3140_params.csv
3141_output.csv
3141_params.csv
3142_output.csv
3142_params.csv
3143_output.csv
3143_params.csv
3144_output.csv
3144_params.csv
3145_output.csv
3145_params.csv
3146_output.csv
3146_params.csv
3147_output.csv
3147_params.csv
3148_output.csv
3148_params.csv
3149_params.csv
314_output.csv
314_params.csv
3150_params.csv
3151_output.csv
3151_params.csv
3152_params.csv
3153_output.csv
3153_params.csv
3154_params.csv
3155_output.csv
3155_params.csv
3156_params.csv
3157_params.csv
3158_params.csv
3159_output.csv
3159_params.csv
315_output.csv
315_params.csv
3160_params.csv
3161_params.csv
3162_params.csv
3163_output.csv
3163_params.csv
3164_params.csv
3165_output.csv
3165_params.csv
3166_output.csv
3166_params.csv
3167_params.csv
3168_params.csv
3169_output.csv
3169_params.csv
316_output.csv
316_params.csv
3170_output.csv
3170_params.csv
3171_output.csv
3171_params.csv
3172_output.csv
3172_params.csv
3173_params.csv
3174_output.csv
3174_params.csv
3175_output.csv
3175_params.csv
3176_params.csv
3177_output.csv
3177_params.csv
3178_params.csv
3179_output.csv
3179_params.csv
317_output.csv
317_params.csv
3180_output.csv
3180_params.csv
3181_output.csv
3181_params.csv
3182_output.csv
3182_params.csv
3183_output.csv
3183_params.csv
3184_output.csv
3184_params.csv
3185_output.csv
3185_params.csv
3186_output.csv
3186_params.csv
3187_output.csv
3187_params.csv
3188_params.csv
3189_output.csv
3189_params.csv
318_output.csv
318_params.csv
3190_params.csv
3191_output.csv
3191_params.csv
3192_output.csv
3192_params.csv
3193_output.csv
3193_params.csv
3194_output.csv
3194_params.csv
3195_output.csv
3195_params.csv
3196_output.csv
3196_params.csv
3197_output.csv
3197_params.csv
3198_output.csv
3198_params.csv
3199_output.csv
3199_params.csv
319_params.csv
31_params.csv
3200_params.csv
3201_output.csv
3201_params.csv
3202_output.csv
3202_params.csv
3203_params.csv
3204_params.csv
3205_output.csv
3205_params.csv
3206_params.csv
3207_params.csv
3208_params.csv
3209_output.csv
3209_params.csv
320_output.csv
320_params.csv
3210_output.csv
3210_params.csv
3211_output.csv
3211_params.csv
3212_params.csv
3213_output.csv
3213_params.csv
3214_params.csv
3215_params.csv
3216_output.csv
3216_params.csv
3217_output.csv
3217_params.csv
3218_output.csv
3218_params.csv
3219_output.csv
3219_params.csv
321_params.csv
3220_output.csv
3220_params.csv
3221_output.csv
3221_params.csv
3222_output.csv
3222_params.csv
3223_output.csv
3223_params.csv
3224_params.csv
3225_output.csv
3225_params.csv
3226_output.csv
3226_params.csv
3227_params.csv
3228_output.csv
3228_params.csv
3229_output.csv
3229_params.csv
322_params.csv
3230_params.csv
3231_output.csv
3231_params.csv
3232_output.csv
3232_params.csv
3233_output.csv
3233_params.csv
3234_params.csv
3235_params.csv
3236_output.csv
3236_params.csv
3237_output.csv
3237_params.csv
3238_params.csv
3239_output.csv
3239_params.csv
323_output.csv
323_params.csv
3240_params.csv
3241_output.csv
3241_params.csv
3242_output.csv
3242_params.csv
3243_output.csv
3243_params.csv
3244_params.csv
3245_params.csv
3246_output.csv
3246_params.csv
3247_output.csv
3247_params.csv
3248_params.csv
3249_output.csv
3249_params.csv
324_params.csv
3250_output.csv
3250_params.csv
3251_output.csv
3251_params.csv
3252_params.csv
3253_output.csv
3253_params.csv
3254_output.csv
3254_params.csv
3255_params.csv
3256_output.csv
3256_params.csv
3257_params.csv
3258_output.csv
3258_params.csv
3259_params.csv
325_output.csv
325_params.csv
3260_params.csv
3261_params.csv
3262_output.csv
3262_params.csv
3263_params.csv
3264_output.csv
3264_params.csv
3265_output.csv
3265_params.csv
3266_output.csv
3266_params.csv
3267_output.csv
3267_params.csv
3268_output.csv
3268_params.csv
3269_output.csv
3269_params.csv
326_params.csv
3270_params.csv
3271_params.csv
3272_output.csv
3272_params.csv
3273_output.csv
3273_params.csv
3274_params.csv
3275_output.csv
3275_params.csv
3276_output.csv
3276_params.csv
3277_params.csv
3278_params.csv
3279_params.csv
327_output.csv
327_params.csv
3280_params.csv
3281_params.csv
3282_params.csv
3283_output.csv
3283_params.csv
3284_params.csv
3285_output.csv
3285_params.csv
3286_output.csv
3286_params.csv
3287_output.csv
3287_params.csv
3288_output.csv
3288_params.csv
3289_output.csv
3289_params.csv
328_output.csv
328_params.csv
3290_output.csv
3290_params.csv
3291_output.csv
3291_params.csv
3292_params.csv
3293_params.csv
3294_output.csv
3294_params.csv
3295_params.csv
3296_params.csv
3297_output.csv
3297_params.csv
3298_params.csv
3299_output.csv
3299_params.csv
329_params.csv
32_output.csv
32_params.csv
3300_output.csv
3300_params.csv
3301_output.csv
3301_params.csv
3302_output.csv
3302_params.csv
3303_params.csv
3304_output.csv
3304_params.csv
3305_output.csv
3305_params.csv
3306_output.csv
3306_params.csv
3307_output.csv
3307_params.csv
3308_params.csv
3309_params.csv
330_output.csv
330_params.csv
3310_output.csv
3310_params.csv
3311_output.csv
3311_params.csv
3312_output.csv
3312_params.csv
3313_params.csv
3314_output.csv
3314_params.csv
3315_output.csv
3315_params.csv
3316_params.csv
3317_output.csv
3317_params.csv
3318_output.csv
3318_params.csv
3319_output.csv
3319_params.csv
331_output.csv
331_params.csv
3320_output.csv
3320_params.csv
3321_output.csv
3321_params.csv
3322_output.csv
3322_params.csv
3323_output.csv
3323_params.csv
3324_params.csv
3325_output.csv
3325_params.csv
3326_params.csv
3327_params.csv
3328_output.csv
3328_params.csv
3329_output.csv
3329_params.csv
332_output.csv
332_params.csv
3330_output.csv
3330_params.csv
3331_output.csv
3331_params.csv
3332_output.csv
3332_params.csv
3333_params.csv
3334_output.csv
3334_params.csv
3335_output.csv
3335_params.csv
3336_output.csv
3336_params.csv
3337_params.csv
3338_params.csv
3339_output.csv
3339_params.csv
333_output.csv
333_params.csv
3340_output.csv
3340_params.csv
3341_output.csv
3341_params.csv
3342_output.csv
3342_params.csv
3343_params.csv
3344_output.csv
3344_params.csv
3345_params.csv
3346_output.csv
3346_params.csv
3347_params.csv
3348_params.csv
3349_output.csv
3349_params.csv
334_params.csv
3350_output.csv
3350_params.csv
3351_output.csv
3351_params.csv
3352_params.csv
3353_output.csv
3353_params.csv
3354_params.csv
3355_params.csv
3356_params.csv
3357_output.csv
3357_params.csv
3358_output.csv
3358_params.csv
3359_output.csv
3359_params.csv
335_params.csv
3360_params.csv
3361_output.csv
3361_params.csv
3362_output.csv
3362_params.csv
3363_params.csv
3364_output.csv
3364_params.csv
3365_output.csv
3365_params.csv
3366_params.csv
3367_output.csv
3367_params.csv
3368_output.csv
3368_params.csv
3369_output.csv
3369_params.csv
336_output.csv
336_params.csv
3370_output.csv
3370_params.csv
3371_params.csv
3372_output.csv
3372_params.csv
3373_output.csv
3373_params.csv
3374_output.csv
3374_params.csv
3375_output.csv
3375_params.csv
3376_params.csv
3377_output.csv
3377_params.csv
3378_output.csv
3378_params.csv
3379_output.csv
3379_params.csv
337_params.csv
3380_output.csv
3380_params.csv
3381_output.csv
3381_params.csv
3382_params.csv
3383_output.csv
3383_params.csv
3384_params.csv
3385_params.csv
3386_output.csv
3386_params.csv
3387_output.csv
3387_params.csv
3388_output.csv
3388_params.csv
3389_output.csv
3389_params.csv
338_output.csv
338_params.csv
3390_output.csv
3390_params.csv
3391_output.csv
3391_params.csv
3392_params.csv
3393_params.csv
3394_output.csv
3394_params.csv
3395_output.csv
3395_params.csv
3396_output.csv
3396_params.csv
3397_output.csv
3397_params.csv
3398_params.csv
3399_output.csv
3399_params.csv
339_params.csv
33_params.csv
3400_params.csv
3401_output.csv
3401_params.csv
3402_output.csv
3402_params.csv
3403_params.csv
3404_output.csv
3404_params.csv
3405_output.csv
3405_params.csv
3406_output.csv
3406_params.csv
3407_params.csv
3408_output.csv
3408_params.csv
3409_params.csv
340_params.csv
3410_params.csv
3411_output.csv
3411_params.csv
3412_output.csv
3412_params.csv
3413_output.csv
3413_params.csv
3414_output.csv
3414_params.csv
3415_params.csv
3416_output.csv
3416_params.csv
3417_output.csv
3417_params.csv
3418_output.csv
3418_params.csv
3419_output.csv
3419_params.csv
341_params.csv
3420_output.csv
3420_params.csv
3421_output.csv
3421_params.csv
3422_params.csv
3423_params.csv
3424_output.csv
3424_params.csv
3425_output.csv
3425_params.csv
3426_output.csv
3426_params.csv
3427_output.csv
3427_params.csv
3428_output.csv
3428_params.csv
3429_output.csv
3429_params.csv
342_params.csv
3430_output.csv
3430_params.csv
3431_output.csv
3431_params.csv
3432_output.csv
3432_params.csv
3433_params.csv
3434_params.csv
3435_params.csv
3436_params.csv
3437_params.csv
3438_params.csv
3439_output.csv
3439_params.csv
343_output.csv
343_params.csv
3440_output.csv
3440_params.csv
3441_params.csv
3442_output.csv
3442_params.csv
3443_output.csv
3443_params.csv
3444_params.csv
3445_params.csv
3446_params.csv
3447_output.csv
3447_params.csv
3448_output.csv
3448_params.csv
3449_params.csv
344_output.csv
344_params.csv
3450_output.csv
3450_params.csv
3451_params.csv
3452_params.csv
3453_output.csv
3453_params.csv
3454_output.csv
3454_params.csv
3455_params.csv
3456_output.csv
3456_params.csv
3457_output.csv
3457_params.csv
3458_output.csv
3458_params.csv
3459_output.csv
3459_params.csv
345_output.csv
345_params.csv
3460_output.csv
3460_params.csv
3461_params.csv
3462_output.csv
3462_params.csv
3463_params.csv
3464_output.csv
3464_params.csv
3465_params.csv
3466_params.csv
3467_output.csv
3467_params.csv
3468_params.csv
3469_output.csv
3469_params.csv
346_params.csv
3470_output.csv
3470_params.csv
3471_output.csv
3471_params.csv
3472_output.csv
3472_params.csv
3473_output.csv
3473_params.csv
3474_params.csv
3475_output.csv
3475_params.csv
3476_params.csv
3477_output.csv
3477_params.csv
3478_params.csv
3479_output.csv
3479_params.csv
347_output.csv
347_params.csv
3480_output.csv
3480_params.csv
3481_params.csv
3482_output.csv
3482_params.csv
3483_params.csv
3484_params.csv
3485_params.csv
3486_params.csv
3487_output.csv
3487_params.csv
3488_output.csv
3488_params.csv
3489_output.csv
3489_params.csv
348_output.csv
348_params.csv
3490_output.csv
3490_params.csv
3491_output.csv
3491_params.csv
3492_params.csv
3493_output.csv
3493_params.csv
3494_output.csv
3494_params.csv
3495_params.csv
3496_params.csv
3497_output.csv
3497_params.csv
3498_output.csv
3498_params.csv
3499_output.csv
3499_params.csv
349_output.csv
349_params.csv
34_params.csv
3500_output.csv
3500_params.csv
3501_output.csv
3501_params.csv
3502_output.csv
3502_params.csv
3503_output.csv
3503_params.csv
3504_output.csv
3504_params.csv
3505_output.csv
3505_params.csv
3506_params.csv
3507_params.csv
3508_output.csv
3508_params.csv
3509_output.csv
3509_params.csv
350_params.csv
3510_params.csv
3511_params.csv
3512_output.csv
3512_params.csv
3513_output.csv
3513_params.csv
3514_output.csv
3514_params.csv
3515_params.csv
3516_params.csv
3517_params.csv
3518_output.csv
3518_params.csv
3519_output.csv
3519_params.csv
351_params.csv
3520_params.csv
3521_params.csv
3522_output.csv
3522_params.csv
3523_output.csv
3523_params.csv
3524_params.csv
3525_output.csv
3525_params.csv
3526_output.csv
3526_params.csv
3527_output.csv
3527_params.csv
3528_output.csv
3528_params.csv
3529_output.csv
3529_params.csv
352_output.csv
352_params.csv
3530_output.csv
3530_params.csv
3531_output.csv
3531_params.csv
3532_params.csv
3533_output.csv
3533_params.csv
3534_params.csv
3535_output.csv
3535_params.csv
3536_params.csv
3537_params.csv
3538_params.csv
3539_output.csv
3539_params.csv
353_params.csv
3540_params.csv
3541_params.csv
3542_params.csv
3543_params.csv
3544_output.csv
3544_params.csv
3545_output.csv
3545_params.csv
3546_output.csv
3546_params.csv
3547_output.csv
3547_params.csv
3548_output.csv
3548_params.csv
3549_params.csv
354_output.csv
354_params.csv
3550_params.csv
3551_output.csv
3551_params.csv
3552_params.csv
3553_params.csv
3554_output.csv
3554_params.csv
3555_output.csv
3555_params.csv
3556_output.csv
3556_params.csv
3557_output.csv
3557_params.csv
3558_output.csv
3558_params.csv
3559_output.csv
3559_params.csv
355_output.csv
355_params.csv
3560_output.csv
3560_params.csv
3561_params.csv
3562_output.csv
3562_params.csv
3563_output.csv
3563_params.csv
3564_params.csv
3565_output.csv
3565_params.csv
3566_output.csv
3566_params.csv
3567_params.csv
3568_params.csv
3569_output.csv
3569_params.csv
356_output.csv
356_params.csv
3570_params.csv
3571_output.csv
3571_params.csv
3572_output.csv
3572_params.csv
3573_output.csv
3573_params.csv
3574_output.csv
3574_params.csv
3575_params.csv
3576_output.csv
3576_params.csv
3577_output.csv
3577_params.csv
3578_output.csv
3578_params.csv
3579_output.csv
3579_params.csv
357_output.csv
357_params.csv
3580_params.csv
3581_output.csv
3581_params.csv
3582_output.csv
3582_params.csv
3583_params.csv
3584_output.csv
3584_params.csv
3585_output.csv
3585_params.csv
3586_output.csv
3586_params.csv
3587_params.csv
3588_output.csv
3588_params.csv
3589_params.csv
358_params.csv
3590_params.csv
3591_params.csv
3592_output.csv
3592_params.csv
3593_output.csv
3593_params.csv
3594_output.csv
3594_params.csv
3595_output.csv
3595_params.csv
3596_output.csv
3596_params.csv
3597_output.csv
3597_params.csv
3598_params.csv
3599_output.csv
3599_params.csv
359_output.csv
359_params.csv
35_output.csv
35_params.csv
3600_output.csv
3600_params.csv
3601_output.csv
3601_params.csv
3602_output.csv
3602_params.csv
3603_params.csv
3604_params.csv
3605_output.csv
3605_params.csv
3606_output.csv
3606_params.csv
3607_params.csv
3608_output.csv
3608_params.csv
3609_params.csv
360_params.csv
3610_params.csv
3611_output.csv
3611_params.csv
3612_output.csv
3612_params.csv
3613_output.csv
3613_params.csv
3614_params.csv
3615_output.csv
3615_params.csv
3616_params.csv
3617_output.csv
3617_params.csv
3618_output.csv
3618_params.csv
3619_output.csv
3619_params.csv
361_params.csv
3620_params.csv
3621_output.csv
3621_params.csv
3622_output.csv
3622_params.csv
3623_params.csv
3624_params.csv
3625_output.csv
3625_params.csv
3626_output.csv
3626_params.csv
3627_output.csv
3627_params.csv
3628_output.csv
3628_params.csv
3629_output.csv
3629_params.csv
362_params.csv
3630_params.csv
3631_output.csv
3631_params.csv
3632_output.csv
3632_params.csv
3633_params.csv
3634_output.csv
3634_params.csv
3635_params.csv
3636_output.csv
3636_params.csv
3637_params.csv
3638_output.csv
3638_params.csv
3639_output.csv
3639_params.csv
363_output.csv
363_params.csv
3640_output.csv
3640_params.csv
3641_output.csv
3641_params.csv
3642_output.csv
3642_params.csv
3643_output.csv
3643_params.csv
3644_output.csv
3644_params.csv
3645_output.csv
3645_params.csv
3646_output.csv
3646_params.csv
3647_output.csv
3647_params.csv
3648_output.csv
3648_params.csv
3649_output.csv
3649_params.csv
364_params.csv
3650_output.csv
3650_params.csv
3651_output.csv
3651_params.csv
3652_output.csv
3652_params.csv
3653_params.csv
3654_output.csv
3654_params.csv
3655_params.csv
3656_params.csv
3657_output.csv
3657_params.csv
3658_params.csv
3659_output.csv
3659_params.csv
365_params.csv
3660_output.csv
3660_params.csv
3661_params.csv
3662_output.csv
3662_params.csv
3663_output.csv
3663_params.csv
3664_output.csv
3664_params.csv
3665_params.csv
3666_output.csv
3666_params.csv
3667_output.csv
3667_params.csv
3668_output.csv
3668_params.csv
3669_params.csv
366_output.csv
366_params.csv
3670_params.csv
3671_output.csv
3671_params.csv
3672_params.csv
3673_params.csv
3674_output.csv
3674_params.csv
3675_params.csv
3676_params.csv
3677_output.csv
3677_params.csv
3678_output.csv
3678_params.csv
3679_params.csv
367_output.csv
367_params.csv
3680_params.csv
3681_output.csv
3681_params.csv
3682_output.csv
3682_params.csv
3683_params.csv
3684_output.csv
3684_params.csv
3685_params.csv
3686_output.csv
3686_params.csv
3687_params.csv
3688_output.csv
3688_params.csv
3689_params.csv
368_params.csv
3690_output.csv
3690_params.csv
3691_params.csv
3692_params.csv
3693_output.csv
3693_params.csv
3694_params.csv
3695_params.csv
3696_output.csv
3696_params.csv
3697_output.csv
3697_params.csv
3698_output.csv
3698_params.csv
3699_output.csv
3699_params.csv
369_output.csv
369_params.csv
36_output.csv
36_params.csv
3700_params.csv
3701_params.csv
3702_output.csv
3702_params.csv
3703_output.csv
3703_params.csv
3704_output.csv
3704_params.csv
3705_output.csv
3705_params.csv
3706_params.csv
3707_output.csv
3707_params.csv
3708_params.csv
3709_output.csv
3709_params.csv
370_params.csv
3710_output.csv
3710_params.csv
3711_params.csv
3712_params.csv
3713_output.csv
3713_params.csv
3714_output.csv
3714_params.csv
3715_output.csv
3715_params.csv
3716_params.csv
3717_output.csv
3717_params.csv
3718_params.csv
3719_params.csv
371_output.csv
371_params.csv
3720_params.csv
3721_output.csv
3721_params.csv
3722_params.csv
3723_params.csv
3724_output.csv
3724_params.csv
3725_output.csv
3725_params.csv
3726_output.csv
3726_params.csv
3727_output.csv
3727_params.csv
3728_params.csv
3729_params.csv
372_params.csv
3730_params.csv
3731_output.csv
3731_params.csv
3732_output.csv
3732_params.csv
3733_output.csv
3733_params.csv
3734_output.csv
3734_params.csv
3735_output.csv
3735_params.csv
3736_params.csv
3737_params.csv
3738_output.csv
3738_params.csv
3739_params.csv
373_output.csv
373_params.csv
3740_params.csv
3741_params.csv
3742_output.csv
3742_params.csv
3743_output.csv
3743_params.csv
3744_output.csv
3744_params.csv
3745_output.csv
3745_params.csv
3746_output.csv
3746_params.csv
3747_params.csv
3748_params.csv
3749_output.csv
3749_params.csv
374_output.csv
374_params.csv
3750_output.csv
3750_params.csv
3751_params.csv
3752_output.csv
3752_params.csv
3753_output.csv
3753_params.csv
3754_params.csv
3755_output.csv
3755_params.csv
3756_output.csv
3756_params.csv
3757_params.csv
3758_params.csv
3759_params.csv
375_output.csv
375_params.csv
3760_params.csv
3761_params.csv
3762_output.csv
3762_params.csv
3763_output.csv
3763_params.csv
3764_output.csv
3764_params.csv
3765_output.csv
3765_params.csv
3766_params.csv
3767_params.csv
3768_output.csv
3768_params.csv
3769_output.csv
3769_params.csv
376_output.csv
376_params.csv
3770_output.csv
3770_params.csv
3771_output.csv
3771_params.csv
3772_params.csv
3773_output.csv
3773_params.csv
3774_output.csv
3774_params.csv
3775_output.csv
3775_params.csv
3776_output.csv
3776_params.csv
3777_params.csv
3778_output.csv
3778_params.csv
3779_params.csv
377_output.csv
377_params.csv
3780_output.csv
3780_params.csv
3781_output.csv
3781_params.csv
3782_output.csv
3782_params.csv
3783_output.csv
3783_params.csv
3784_output.csv
3784_params.csv
3785_output.csv
3785_params.csv
3786_output.csv
3786_params.csv
3787_output.csv
3787_params.csv
3788_params.csv
3789_output.csv
3789_params.csv
378_output.csv
378_params.csv
3790_params.csv
3791_output.csv
3791_params.csv
3792_output.csv
3792_params.csv
3793_output.csv
3793_params.csv
3794_output.csv
3794_params.csv
3795_output.csv
3795_params.csv
3796_params.csv
3797_params.csv
3798_output.csv
3798_params.csv
3799_params.csv
379_output.csv
379_params.csv
37_output.csv
37_params.csv
3800_output.csv
3800_params.csv
3801_params.csv
3802_output.csv
3802_params.csv
3803_output.csv
3803_params.csv
3804_output.csv
3804_params.csv
3805_output.csv
3805_params.csv
3806_params.csv
3807_output.csv
3807_params.csv
3808_params.csv
3809_params.csv
380_params.csv
3810_params.csv
3811_output.csv
3811_params.csv
3812_params.csv
3813_output.csv
3813_params.csv
3814_params.csv
3815_output.csv
3815_params.csv
3816_params.csv
3817_output.csv
3817_params.csv
3818_output.csv
3818_params.csv
3819_output.csv
3819_params.csv
381_params.csv
3820_output.csv
3820_params.csv
3821_params.csv
3822_output.csv
3822_params.csv
3823_params.csv
3824_output.csv
3824_params.csv
3825_params.csv
3826_output.csv
3826_params.csv
3827_params.csv
3828_output.csv
3828_params.csv
3829_output.csv
3829_params.csv
382_output.csv
382_params.csv
3830_params.csv
3831_params.csv
3832_output.csv
3832_params.csv
3833_output.csv
3833_params.csv
3834_output.csv
3834_params.csv
3835_params.csv
3836_output.csv
3836_params.csv
3837_params.csv
3838_output.csv
3838_params.csv
3839_output.csv
3839_params.csv
383_params.csv
3840_params.csv
3841_output.csv
3841_params.csv
3842_params.csv
3843_params.csv
3844_params.csv
3845_params.csv
3846_params.csv
3847_output.csv
3847_params.csv
3848_params.csv
3849_output.csv
3849_params.csv
384_params.csv
3850_output.csv
3850_params.csv
3851_output.csv
3851_params.csv
3852_output.csv
3852_params.csv
3853_output.csv
3853_params.csv
3854_output.csv
3854_params.csv
3855_output.csv
3855_params.csv
3856_output.csv
3856_params.csv
3857_params.csv
3858_output.csv
3858_params.csv
3859_params.csv
385_params.csv
3860_output.csv
3860_params.csv
3861_params.csv
3862_params.csv
3863_params.csv
3864_output.csv
3864_params.csv
3865_params.csv
3866_output.csv
3866_params.csv
3867_params.csv
3868_params.csv
3869_output.csv
3869_params.csv
386_output.csv
386_params.csv
3870_params.csv
3871_output.csv
3871_params.csv
3872_params.csv
3873_params.csv
3874_output.csv
3874_params.csv
3875_params.csv
3876_params.csv
3877_output.csv
3877_params.csv
3878_output.csv
3878_params.csv
3879_params.csv
387_output.csv
387_params.csv
3880_output.csv
3880_params.csv
3881_output.csv
3881_params.csv
3882_params.csv
3883_output.csv
3883_params.csv
3884_output.csv
3884_params.csv
3885_params.csv
3886_output.csv
3886_params.csv
3887_output.csv
3887_params.csv
3888_params.csv
3889_output.csv
3889_params.csv
388_params.csv
3890_output.csv
3890_params.csv
3891_output.csv
3891_params.csv
3892_output.csv
3892_params.csv
3893_output.csv
3893_params.csv
3894_params.csv
3895_output.csv
3895_params.csv
3896_output.csv
3896_params.csv
3897_params.csv
3898_params.csv
3899_params.csv
389_output.csv
389_params.csv
38_output.csv
38_params.csv
3900_params.csv
3901_output.csv
3901_params.csv
3902_params.csv
3903_output.csv
3903_params.csv
3904_output.csv
3904_params.csv
3905_output.csv
3905_params.csv
3906_output.csv
3906_params.csv
3907_params.csv
3908_params.csv
3909_params.csv
390_output.csv
390_params.csv
3910_params.csv
3911_params.csv
3912_output.csv
3912_params.csv
3913_output.csv
3913_params.csv
3914_output.csv
3914_params.csv
3915_params.csv
3916_output.csv
3916_params.csv
3917_output.csv
3917_params.csv
3918_output.csv
3918_params.csv
3919_params.csv
391_output.csv
391_params.csv
3920_output.csv
3920_params.csv
3921_output.csv
3921_params.csv
3922_params.csv
3923_params.csv
3924_params.csv
3925_params.csv
3926_params.csv
3927_params.csv
3928_output.csv
3928_params.csv
3929_output.csv
3929_params.csv
392_output.csv
392_params.csv
3930_output.csv
3930_params.csv
3931_params.csv
3932_output.csv
3932_params.csv
3933_params.csv
3934_output.csv
3934_params.csv
3935_params.csv
3936_output.csv
3936_params.csv
3937_output.csv
3937_params.csv
3938_output.csv
3938_params.csv
3939_params.csv
393_output.csv
393_params.csv
3940_params.csv
3941_params.csv
3942_params.csv
3943_params.csv
3944_params.csv
3945_output.csv
3945_params.csv
3946_output.csv
3946_params.csv
3947_output.csv
3947_params.csv
3948_output.csv
3948_params.csv
3949_params.csv
394_output.csv
394_params.csv
3950_output.csv
3950_params.csv
3951_params.csv
3952_output.csv
3952_params.csv
3953_output.csv
3953_params.csv
3954_output.csv
3954_params.csv
3955_output.csv
3955_params.csv
3956_params.csv
3957_output.csv
3957_params.csv
3958_params.csv
3959_output.csv
3959_params.csv
395_output.csv
395_params.csv
3960_params.csv
3961_output.csv
3961_params.csv
3962_output.csv
3962_params.csv
3963_params.csv
3964_params.csv
3965_params.csv
3966_output.csv
3966_params.csv
3967_params.csv
3968_output.csv
3968_params.csv
3969_output.csv
3969_params.csv
396_params.csv
3970_output.csv
3970_params.csv
3971_output.csv
3971_params.csv
3972_output.csv
3972_params.csv
3973_output.csv
3973_params.csv
3974_output.csv
3974_params.csv
3975_params.csv
3976_output.csv
3976_params.csv
3977_output.csv
3977_params.csv
3978_output.csv
3978_params.csv
3979_output.csv
3979_params.csv
397_output.csv
397_params.csv
3980_params.csv
3981_params.csv
3982_params.csv
3983_output.csv
3983_params.csv
3984_params.csv
3985_params.csv
3986_output.csv
3986_params.csv
3987_params.csv
3988_output.csv
3988_params.csv
3989_output.csv
3989_params.csv
398_output.csv
398_params.csv
3990_params.csv
3991_params.csv
3992_params.csv
3993_output.csv
3993_params.csv
3994_params.csv
3995_params.csv
3996_params.csv
3997_output.csv
3997_params.csv
3998_output.csv
3998_params.csv
3999_params.csv
399_params.csv
39_output.csv
39_params.csv
3_output.csv
3_params.csv
4000_output.csv
4000_params.csv
4001_params.csv
4002_output.csv
4002_params.csv
4003_output.csv
4003_params.csv
4004_params.csv
4005_output.csv
4005_params.csv
4006_output.csv
4006_params.csv
4007_output.csv
4007_params.csv
4008_params.csv
4009_params.csv
400_output.csv
400_params.csv
4010_output.csv
4010_params.csv
4011_output.csv
4011_params.csv
4012_output.csv
4012_params.csv
4013_output.csv
4013_params.csv
4014_output.csv
4014_params.csv
4015_output.csv
4015_params.csv
4016_output.csv
4016_params.csv
4017_params.csv
4018_output.csv
4018_params.csv
4019_output.csv
4019_params.csv
401_params.csv
4020_output.csv
4020_params.csv
4021_params.csv
4022_params.csv
4023_params.csv
4024_output.csv
4024_params.csv
4025_params.csv
4026_output.csv
4026_params.csv
4027_output.csv
4027_params.csv
4028_output.csv
4028_params.csv
4029_output.csv
4029_params.csv
402_output.csv
402_params.csv
4030_params.csv
4031_output.csv
4031_params.csv
4032_params.csv
4033_params.csv
4034_params.csv
4035_params.csv
4036_output.csv
4036_params.csv
4037_output.csv
4037_params.csv
4038_params.csv
4039_params.csv
403_params.csv
4040_output.csv
4040_params.csv
4041_output.csv
4041_params.csv
4042_output.csv
4042_params.csv
4043_params.csv
4044_output.csv
4044_params.csv
4045_params.csv
4046_params.csv
4047_output.csv
4047_params.csv
4048_output.csv
4048_params.csv
4049_output.csv
4049_params.csv
404_output.csv
404_params.csv
4050_output.csv
4050_params.csv
4051_params.csv
4052_output.csv
4052_params.csv
4053_params.csv
4054_output.csv
4054_params.csv
4055_params.csv
4056_params.csv
4057_output.csv
4057_params.csv
4058_output.csv
4058_params.csv
4059_output.csv
4059_params.csv
405_output.csv
405_params.csv
4060_params.csv
4061_params.csv
4062_params.csv
4063_output.csv
4063_params.csv
4064_output.csv
4064_params.csv
4065_output.csv
4065_params.csv
4066_output.csv
4066_params.csv
4067_output.csv
4067_params.csv
4068_params.csv
4069_output.csv
4069_params.csv
406_output.csv
406_params.csv
4070_output.csv
4070_params.csv
4071_output.csv
4071_params.csv
4072_output.csv
4072_params.csv
4073_output.csv
4073_params.csv
4074_output.csv
4074_params.csv
4075_output.csv
4075_params.csv
4076_params.csv
4077_params.csv
4078_output.csv
4078_params.csv
4079_output.csv
4079_params.csv
407_output.csv
407_params.csv
4080_output.csv
4080_params.csv
4081_output.csv
4081_params.csv
4082_output.csv
4082_params.csv
4083_params.csv
4084_output.csv
4084_params.csv
4085_output.csv
4085_params.csv
4086_output.csv
4086_params.csv
4087_params.csv
4088_params.csv
4089_params.csv
408_output.csv
408_params.csv
4090_params.csv
4091_params.csv
4092_params.csv
4093_output.csv
4093_params.csv
4094_output.csv
4094_params.csv
4095_params.csv
4096_output.csv
4096_params.csv
4097_output.csv
4097_params.csv
4098_params.csv
4099_output.csv
4099_params.csv
409_output.csv
409_params.csv
40_params.csv
4100_output.csv
4100_params.csv
4101_params.csv
4102_params.csv
4103_output.csv
4103_params.csv
4104_output.csv
4104_params.csv
4105_output.csv
4105_params.csv
4106_output.csv
4106_params.csv
4107_output.csv
4107_params.csv
4108_output.csv
4108_params.csv
4109_output.csv
4109_params.csv
410_output.csv
410_params.csv
4110_params.csv
4111_output.csv
4111_params.csv
4112_output.csv
4112_params.csv
4113_params.csv
4114_output.csv
4114_params.csv
4115_output.csv
4115_params.csv
4116_output.csv
4116_params.csv
4117_output.csv
4117_params.csv
4118_output.csv
4118_params.csv
4119_params.csv
411_output.csv
411_params.csv
4120_output.csv
4120_params.csv
4121_output.csv
4121_params.csv
4122_output.csv
4122_params.csv
4123_output.csv
4123_params.csv
4124_output.csv
4124_params.csv
4125_output.csv
4125_params.csv
4126_output.csv
4126_params.csv
4127_params.csv
4128_params.csv
4129_output.csv
4129_params.csv
412_params.csv
4130_output.csv
4130_params.csv
4131_output.csv
4131_params.csv
4132_output.csv
4132_params.csv
4133_params.csv
4134_output.csv
4134_params.csv
4135_params.csv
4136_params.csv
4137_output.csv
4137_params.csv
4138_params.csv
4139_params.csv
413_output.csv
413_params.csv
4140_output.csv
4140_params.csv
4141_params.csv
4142_params.csv
4143_output.csv
4143_params.csv
4144_output.csv
4144_params.csv
4145_output.csv
4145_params.csv
4146_output.csv
4146_params.csv
4147_params.csv
4148_output.csv
4148_params.csv
4149_output.csv
4149_params.csv
414_output.csv
414_params.csv
4150_params.csv
4151_output.csv
4151_params.csv
4152_output.csv
4152_params.csv
4153_output.csv
4153_params.csv
4154_output.csv
4154_params.csv
4155_params.csv
4156_params.csv
4157_params.csv
4158_params.csv
4159_output.csv
4159_params.csv
415_output.csv
415_params.csv
4160_output.csv
4160_params.csv
4161_output.csv
4161_params.csv
4162_params.csv
4163_output.csv
4163_params.csv
4164_output.csv
4164_params.csv
4165_output.csv
4165_params.csv
4166_output.csv
4166_params.csv
4167_output.csv
4167_params.csv
4168_params.csv
4169_params.csv
416_output.csv
416_params.csv
4170_params.csv
4171_output.csv
4171_params.csv
4172_output.csv
4172_params.csv
4173_output.csv
4173_params.csv
4174_params.csv
4175_params.csv
4176_params.csv
4177_output.csv
4177_params.csv
4178_params.csv
4179_params.csv
417_params.csv
4180_output.csv
4180_params.csv
4181_output.csv
4181_params.csv
4182_output.csv
4182_params.csv
4183_output.csv
4183_params.csv
4184_output.csv
4184_params.csv
4185_output.csv
4185_params.csv
4186_params.csv
4187_output.csv
4187_params.csv
4188_output.csv
4188_params.csv
4189_output.csv
4189_params.csv
418_params.csv
4190_output.csv
4190_params.csv
4191_params.csv
4192_output.csv
4192_params.csv
4193_params.csv
4194_params.csv
4195_params.csv
4196_output.csv
4196_params.csv
4197_output.csv
4197_params.csv
4198_params.csv
4199_params.csv
419_output.csv
419_params.csv
41_output.csv
41_params.csv
4200_output.csv
4200_params.csv
4201_params.csv
4202_params.csv
4203_params.csv
4204_output.csv
4204_params.csv
4205_output.csv
4205_params.csv
4206_output.csv
4206_params.csv
4207_output.csv
4207_params.csv
4208_params.csv
4209_output.csv
4209_params.csv
420_output.csv
420_params.csv
4210_output.csv
4210_params.csv
4211_output.csv
4211_params.csv
4212_output.csv
4212_params.csv
4213_params.csv
4214_output.csv
4214_params.csv
4215_params.csv
4216_params.csv
4217_output.csv
4217_params.csv
4218_output.csv
4218_params.csv
4219_params.csv
421_output.csv
421_params.csv
4220_params.csv
4221_params.csv
4222_output.csv
4222_params.csv
4223_params.csv
4224_params.csv
4225_params.csv
4226_params.csv
4227_output.csv
4227_params.csv
4228_params.csv
4229_params.csv
422_output.csv
422_params.csv
4230_params.csv
4231_output.csv
4231_params.csv
4232_output.csv
4232_params.csv
4233_params.csv
4234_output.csv
4234_params.csv
4235_params.csv
4236_params.csv
4237_output.csv
4237_params.csv
4238_params.csv
4239_output.csv
4239_params.csv
423_output.csv
423_params.csv
4240_params.csv
4241_params.csv
4242_output.csv
4242_params.csv
4243_params.csv
4244_output.csv
4244_params.csv
4245_output.csv
4245_params.csv
4246_params.csv
4247_output.csv
4247_params.csv
4248_output.csv
4248_params.csv
4249_output.csv
4249_params.csv
424_output.csv
424_params.csv
4250_output.csv
4250_params.csv
4251_output.csv
4251_params.csv
4252_params.csv
4253_params.csv
4254_params.csv
4255_params.csv
4256_output.csv
4256_params.csv
4257_output.csv
4257_params.csv
4258_output.csv
4258_params.csv
4259_output.csv
4259_params.csv
425_output.csv
425_params.csv
4260_params.csv
4261_params.csv
4262_output.csv
4262_params.csv
4263_params.csv
4264_output.csv
4264_params.csv
4265_params.csv
4266_params.csv
4267_params.csv
4268_output.csv
4268_params.csv
4269_output.csv
4269_params.csv
426_params.csv
4270_output.csv
4270_params.csv
4271_output.csv
4271_params.csv
4272_output.csv
4272_params.csv
4273_output.csv
4273_params.csv
4274_output.csv
4274_params.csv
4275_params.csv
4276_output.csv
4276_params.csv
4277_output.csv
4277_params.csv
4278_params.csv
4279_output.csv
4279_params.csv
427_output.csv
427_params.csv
4280_output.csv
4280_params.csv
4281_output.csv
4281_params.csv
4282_output.csv
4282_params.csv
4283_params.csv
4284_params.csv
4285_output.csv
4285_params.csv
4286_params.csv
4287_output.csv
4287_params.csv
4288_output.csv
4288_params.csv
4289_params.csv
428_params.csv
4290_output.csv
4290_params.csv
4291_output.csv
4291_params.csv
4292_output.csv
4292_params.csv
4293_output.csv
4293_params.csv
4294_output.csv
4294_params.csv
4295_params.csv
4296_output.csv
4296_params.csv
4297_output.csv
4297_params.csv
4298_output.csv
4298_params.csv
4299_params.csv
429_output.csv
429_params.csv
42_output.csv
42_params.csv
4300_output.csv
4300_params.csv
4301_params.csv
4302_params.csv
4303_params.csv
4304_params.csv
4305_output.csv
4305_params.csv
4306_output.csv
4306_params.csv
4307_params.csv
4308_output.csv
4308_params.csv
4309_output.csv
4309_params.csv
430_params.csv
4310_output.csv
4310_params.csv
4311_output.csv
4311_params.csv
4312_output.csv
4312_params.csv
4313_output.csv
4313_params.csv
4314_output.csv
4314_params.csv
4315_output.csv
4315_params.csv
4316_params.csv
4317_params.csv
4318_params.csv
4319_params.csv
431_output.csv
431_params.csv
4320_params.csv
4321_output.csv
4321_params.csv
4322_output.csv
4322_params.csv
4323_output.csv
4323_params.csv
4324_params.csv
4325_params.csv
4326_output.csv
4326_params.csv
4327_params.csv
4328_params.csv
4329_output.csv
4329_params.csv
432_params.csv
4330_params.csv
4331_params.csv
4332_params.csv
4333_params.csv
4334_output.csv
4334_params.csv
4335_output.csv
4335_params.csv
4336_output.csv
4336_params.csv
4337_output.csv
4337_params.csv
4338_params.csv
4339_params.csv
433_output.csv
433_params.csv
4340_params.csv
4341_params.csv
4342_output.csv
4342_params.csv
4343_output.csv
4343_params.csv
4344_output.csv
4344_params.csv
4345_output.csv
4345_params.csv
4346_output.csv
4346_params.csv
4347_output.csv
4347_params.csv
4348_params.csv
4349_output.csv
4349_params.csv
434_output.csv
434_params.csv
4350_params.csv
4351_output.csv
4351_params.csv
4352_output.csv
4352_params.csv
4353_params.csv
4354_output.csv
4354_params.csv
4355_output.csv
4355_params.csv
4356_output.csv
4356_params.csv
4357_params.csv
4358_params.csv
4359_params.csv
435_params.csv
4360_output.csv
4360_params.csv
4361_params.csv
4362_output.csv
4362_params.csv
4363_output.csv
4363_params.csv
4364_params.csv
4365_output.csv
4365_params.csv
4366_output.csv
4366_params.csv
4367_output.csv
4367_params.csv
4368_output.csv
4368_params.csv
4369_params.csv
436_params.csv
4370_output.csv
4370_params.csv
4371_output.csv
4371_params.csv
4372_output.csv
4372_params.csv
4373_output.csv
4373_params.csv
4374_output.csv
4374_params.csv
4375_output.csv
4375_params.csv
4376_output.csv
4376_params.csv
4377_params.csv
4378_output.csv
4378_params.csv
4379_output.csv
4379_params.csv
437_params.csv
4380_params.csv
4381_params.csv
4382_output.csv
4382_params.csv
4383_params.csv
4384_output.csv
4384_params.csv
4385_params.csv
4386_output.csv
4386_params.csv
4387_params.csv
4388_params.csv
4389_output.csv
4389_params.csv
438_params.csv
4390_output.csv
4390_params.csv
4391_params.csv
4392_params.csv
4393_output.csv
4393_params.csv
4394_params.csv
4395_params.csv
4396_output.csv
4396_params.csv
4397_params.csv
4398_output.csv
4398_params.csv
4399_params.csv
439_output.csv
439_params.csv
43_params.csv
4400_params.csv
4401_output.csv
4401_params.csv
4402_output.csv
4402_params.csv
4403_output.csv
4403_params.csv
4404_params.csv
4405_params.csv
4406_output.csv
4406_params.csv
4407_params.csv
4408_params.csv
4409_output.csv
4409_params.csv
440_params.csv
4410_output.csv
4410_params.csv
4411_params.csv
4412_params.csv
4413_output.csv
4413_params.csv
4414_output.csv
4414_params.csv
4415_output.csv
4415_params.csv
4416_output.csv
4416_params.csv
4417_params.csv
4418_output.csv
4418_params.csv
4419_output.csv
4419_params.csv
441_output.csv
441_params.csv
4420_output.csv
4420_params.csv
4421_output.csv
4421_params.csv
4422_params.csv
4423_output.csv
4423_params.csv
4424_output.csv
4424_params.csv
4425_output.csv
4425_params.csv
4426_params.csv
4427_params.csv
4428_output.csv
4428_params.csv
4429_output.csv
4429_params.csv
442_params.csv
4430_output.csv
4430_params.csv
4431_output.csv
4431_params.csv
4432_output.csv
4432_params.csv
4433_output.csv
4433_params.csv
4434_output.csv
4434_params.csv
4435_params.csv
4436_params.csv
4437_output.csv
4437_params.csv
4438_params.csv
4439_output.csv
4439_params.csv
443_params.csv
4440_params.csv
4441_output.csv
4441_params.csv
4442_params.csv
4443_output.csv
4443_params.csv
4444_output.csv
4444_params.csv
4445_params.csv
4446_output.csv
4446_params.csv
4447_output.csv
4447_params.csv
4448_params.csv
4449_params.csv
444_output.csv
444_params.csv
4450_params.csv
4451_output.csv
4451_params.csv
4452_output.csv
4452_params.csv
4453_output.csv
4453_params.csv
4454_params.csv
4455_output.csv
4455_params.csv
4456_params.csv
4457_output.csv
4457_params.csv
4458_params.csv
4459_output.csv
4459_params.csv
445_params.csv
4460_output.csv
4460_params.csv
4461_params.csv
4462_output.csv
4462_params.csv
4463_params.csv
4464_output.csv
4464_params.csv
4465_output.csv
4465_params.csv
4466_params.csv
4467_params.csv
4468_output.csv
4468_params.csv
4469_output.csv
4469_params.csv
446_output.csv
446_params.csv
4470_output.csv
4470_params.csv
4471_output.csv
4471_params.csv
4472_params.csv
4473_params.csv
4474_output.csv
4474_params.csv
4475_output.csv
4475_params.csv
4476_params.csv
4477_output.csv
4477_params.csv
4478_output.csv
4478_params.csv
4479_output.csv
4479_params.csv
447_output.csv
447_params.csv
4480_params.csv
4481_output.csv
4481_params.csv
4482_params.csv
4483_output.csv
4483_params.csv
4484_params.csv
4485_output.csv
4485_params.csv
4486_output.csv
4486_params.csv
4487_output.csv
4487_params.csv
4488_output.csv
4488_params.csv
4489_output.csv
4489_params.csv
448_params.csv
4490_params.csv
4491_output.csv
4491_params.csv
4492_output.csv
4492_params.csv
4493_params.csv
4494_output.csv
4494_params.csv
4495_params.csv
4496_output.csv
4496_params.csv
4497_output.csv
4497_params.csv
4498_params.csv
4499_output.csv
4499_params.csv
449_output.csv
449_params.csv
44_output.csv
44_params.csv
4500_output.csv
4500_params.csv
4501_output.csv
4501_params.csv
4502_output.csv
4502_params.csv
4503_output.csv
4503_params.csv
4504_output.csv
4504_params.csv
4505_output.csv
4505_params.csv
4506_params.csv
4507_params.csv
4508_params.csv
4509_params.csv
450_params.csv
4510_params.csv
4511_params.csv
4512_output.csv
4512_params.csv
4513_output.csv
4513_params.csv
4514_output.csv
4514_params.csv
4515_params.csv
4516_output.csv
4516_params.csv
4517_output.csv
4517_params.csv
4518_output.csv
4518_params.csv
4519_params.csv
451_output.csv
451_params.csv
4520_output.csv
4520_params.csv
4521_output.csv
4521_params.csv
4522_output.csv
4522_params.csv
4523_output.csv
4523_params.csv
4524_output.csv
4524_params.csv
4525_output.csv
4525_params.csv
4526_output.csv
4526_params.csv
4527_params.csv
4528_output.csv
4528_params.csv
4529_params.csv
452_params.csv
4530_output.csv
4530_params.csv
4531_output.csv
4531_params.csv
4532_output.csv
4532_params.csv
4533_output.csv
4533_params.csv
4534_output.csv
4534_params.csv
4535_output.csv
4535_params.csv
4536_output.csv
4536_params.csv
4537_params.csv
4538_params.csv
4539_output.csv
4539_params.csv
453_params.csv
4540_output.csv
4540_params.csv
4541_output.csv
4541_params.csv
4542_output.csv
4542_params.csv
4543_output.csv
4543_params.csv
4544_output.csv
4544_params.csv
4545_params.csv
4546_params.csv
4547_output.csv
4547_params.csv
4548_params.csv
4549_output.csv
4549_params.csv
454_params.csv
4550_output.csv
4550_params.csv
4551_output.csv
4551_params.csv
4552_output.csv
4552_params.csv
4553_params.csv
4554_output.csv
4554_params.csv
4555_output.csv
4555_params.csv
4556_params.csv
4557_params.csv
4558_output.csv
4558_params.csv
4559_params.csv
455_output.csv
455_params.csv
4560_output.csv
4560_params.csv
4561_params.csv
4562_output.csv
4562_params.csv
4563_output.csv
4563_params.csv
4564_params.csv
4565_params.csv
4566_params.csv
4567_params.csv
4568_params.csv
4569_params.csv
456_params.csv
4570_output.csv
4570_params.csv
4571_output.csv
4571_params.csv
4572_params.csv
4573_output.csv
4573_params.csv
4574_params.csv
4575_params.csv
4576_params.csv
4577_output.csv
4577_params.csv
4578_output.csv
4578_params.csv
4579_output.csv
4579_params.csv
457_params.csv
4580_params.csv
4581_output.csv
4581_params.csv
4582_output.csv
4582_params.csv
4583_output.csv
4583_params.csv
4584_params.csv
4585_output.csv
4585_params.csv
4586_params.csv
4587_params.csv
4588_output.csv
4588_params.csv
4589_params.csv
458_params.csv
4590_params.csv
4591_output.csv
4591_params.csv
4592_params.csv
4593_output.csv
4593_params.csv
4594_output.csv
4594_params.csv
4595_output.csv
4595_params.csv
4596_output.csv
4596_params.csv
4597_output.csv
4597_params.csv
4598_output.csv
4598_params.csv
4599_params.csv
459_params.csv
45_params.csv
4600_output.csv
4600_params.csv
4601_output.csv
4601_params.csv
4602_params.csv
4603_output.csv
4603_params.csv
4604_params.csv
4605_params.csv
4606_params.csv
4607_output.csv
4607_params.csv
4608_params.csv
4609_output.csv
4609_params.csv
460_output.csv
460_params.csv
4610_output.csv
4610_params.csv
4611_output.csv
4611_params.csv
4612_params.csv
4613_params.csv
4614_params.csv
4615_params.csv
4616_params.csv
4617_params.csv
4618_params.csv
4619_output.csv
4619_params.csv
461_output.csv
461_params.csv
4620_output.csv
4620_params.csv
4621_output.csv
4621_params.csv
4622_params.csv
4623_params.csv
4624_output.csv
4624_params.csv
4625_output.csv
4625_params.csv
4626_output.csv
4626_params.csv
4627_params.csv
4628_output.csv
4628_params.csv
4629_output.csv
4629_params.csv
462_output.csv
462_params.csv
4630_params.csv
4631_params.csv
4632_params.csv
4633_output.csv
4633_params.csv
4634_output.csv
4634_params.csv
4635_output.csv
4635_params.csv
4636_params.csv
4637_output.csv
4637_params.csv
4638_output.csv
4638_params.csv
4639_output.csv
4639_params.csv
463_output.csv
463_params.csv
4640_output.csv
4640_params.csv
4641_output.csv
4641_params.csv
4642_output.csv
4642_params.csv
4643_output.csv
4643_params.csv
4644_params.csv
4645_output.csv
4645_params.csv
4646_params.csv
4647_params.csv
4648_output.csv
4648_params.csv
4649_params.csv
464_params.csv
4650_output.csv
4650_params.csv
4651_output.csv
4651_params.csv
4652_output.csv
4652_params.csv
4653_params.csv
4654_params.csv
4655_output.csv
4655_params.csv
4656_output.csv
4656_params.csv
4657_params.csv
4658_params.csv
4659_params.csv
465_params.csv
4660_output.csv
4660_params.csv
4661_output.csv
4661_params.csv
4662_params.csv
4663_output.csv
4663_params.csv
4664_params.csv
4665_output.csv
4665_params.csv
4666_params.csv
4667_output.csv
4667_params.csv
4668_params.csv
4669_output.csv
4669_params.csv
466_params.csv
4670_params.csv
4671_output.csv
4671_params.csv
4672_output.csv
4672_params.csv
4673_output.csv
4673_params.csv
4674_output.csv
4674_params.csv
4675_params.csv
4676_params.csv
4677_output.csv
4677_params.csv
4678_params.csv
4679_output.csv
4679_params.csv
467_params.csv
4680_output.csv
4680_params.csv
4681_output.csv
4681_params.csv
4682_params.csv
4683_output.csv
4683_params.csv
4684_params.csv
4685_output.csv
4685_params.csv
4686_params.csv
4687_output.csv
4687_params.csv
4688_output.csv
4688_params.csv
4689_output.csv
4689_params.csv
468_output.csv
468_params.csv
4690_output.csv
4690_params.csv
4691_output.csv
4691_params.csv
4692_params.csv
4693_output.csv
4693_params.csv
4694_output.csv
4694_params.csv
4695_params.csv
4696_output.csv
4696_params.csv
4697_params.csv
4698_params.csv
4699_output.csv
4699_params.csv
469_output.csv
469_params.csv
46_output.csv
46_params.csv
4700_params.csv
4701_output.csv
4701_params.csv
4702_output.csv
4702_params.csv
4703_params.csv
4704_output.csv
4704_params.csv
4705_output.csv
4705_params.csv
4706_output.csv
4706_params.csv
4707_output.csv
4707_params.csv
4708_output.csv
4708_params.csv
4709_params.csv
470_output.csv
470_params.csv
4710_output.csv
4710_params.csv
4711_output.csv
4711_params.csv
4712_output.csv
4712_params.csv
4713_output.csv
4713_params.csv
4714_params.csv
4715_output.csv
4715_params.csv
4716_params.csv
4717_params.csv
4718_output.csv
4718_params.csv
4719_params.csv
471_output.csv
471_params.csv
4720_params.csv
4721_params.csv
4722_output.csv
4722_params.csv
4723_params.csv
4724_output.csv
4724_params.csv
4725_output.csv
4725_params.csv
4726_output.csv
4726_params.csv
4727_output.csv
4727_params.csv
4728_output.csv
4728_params.csv
4729_output.csv
4729_params.csv
472_output.csv
472_params.csv
4730_params.csv
4731_params.csv
4732_output.csv
4732_params.csv
4733_output.csv
4733_params.csv
4734_output.csv
4734_params.csv
4735_output.csv
4735_params.csv
4736_params.csv
4737_params.csv
4738_params.csv
4739_output.csv
4739_params.csv
473_params.csv
4740_params.csv
4741_output.csv
4741_params.csv
4742_output.csv
4742_params.csv
4743_params.csv
4744_params.csv
4745_output.csv
4745_params.csv
4746_params.csv
4747_output.csv
4747_params.csv
4748_output.csv
4748_params.csv
4749_output.csv
4749_params.csv
474_output.csv
474_params.csv
4750_params.csv
4751_output.csv
4751_params.csv
4752_output.csv
4752_params.csv
4753_output.csv
4753_params.csv
4754_output.csv
4754_params.csv
4755_output.csv
4755_params.csv
4756_output.csv
4756_params.csv
4757_params.csv
4758_output.csv
4758_params.csv
4759_output.csv
4759_params.csv
475_output.csv
475_params.csv
4760_output.csv
4760_params.csv
4761_output.csv
4761_params.csv
4762_output.csv
4762_params.csv
4763_params.csv
4764_params.csv
4765_params.csv
4766_params.csv
4767_output.csv
4767_params.csv
4768_output.csv
4768_params.csv
4769_params.csv
476_output.csv
476_params.csv
4770_params.csv
4771_params.csv
4772_params.csv
4773_output.csv
4773_params.csv
4774_params.csv
4775_output.csv
4775_params.csv
4776_params.csv
4777_params.csv
4778_output.csv
4778_params.csv
4779_params.csv
477_output.csv
477_params.csv
4780_output.csv
4780_params.csv
4781_params.csv
4782_output.csv
4782_params.csv
4783_output.csv
4783_params.csv
4784_params.csv
4785_output.csv
4785_params.csv
4786_output.csv
4786_params.csv
4787_output.csv
4787_params.csv
4788_output.csv
4788_params.csv
4789_output.csv
4789_params.csv
478_output.csv
478_params.csv
4790_params.csv
4791_output.csv
4791_params.csv
4792_params.csv
4793_output.csv
4793_params.csv
4794_output.csv
4794_params.csv
4795_output.csv
4795_params.csv
4796_output.csv
4796_params.csv
4797_output.csv
4797_params.csv
4798_output.csv
4798_params.csv
4799_output.csv
4799_params.csv
479_params.csv
47_output.csv
47_params.csv
4800_output.csv
4800_params.csv
4801_output.csv
4801_params.csv
4802_output.csv
4802_params.csv
4803_output.csv
4803_params.csv
4804_output.csv
4804_params.csv
4805_output.csv
4805_params.csv
4806_params.csv
4807_output.csv
4807_params.csv
4808_params.csv
4809_params.csv
480_output.csv
480_params.csv
4810_params.csv
4811_params.csv
4812_output.csv
4812_params.csv
4813_output.csv
4813_params.csv
4814_params.csv
4815_params.csv
4816_params.csv
4817_output.csv
4817_params.csv
4818_output.csv
4818_params.csv
4819_output.csv
4819_params.csv
481_output.csv
481_params.csv
4820_params.csv
4821_output.csv
4821_params.csv
4822_params.csv
4823_output.csv
4823_params.csv
4824_output.csv
4824_params.csv
4825_params.csv
4826_output.csv
4826_params.csv
4827_params.csv
4828_params.csv
4829_output.csv
4829_params.csv
482_output.csv
482_params.csv
4830_output.csv
4830_params.csv
4831_output.csv
4831_params.csv
4832_params.csv
4833_params.csv
4834_params.csv
4835_params.csv
4836_output.csv
4836_params.csv
4837_output.csv
4837_params.csv
4838_output.csv
4838_params.csv
4839_params.csv
483_params.csv
4840_params.csv
4841_params.csv
4842_output.csv
4842_params.csv
4843_output.csv
4843_params.csv
4844_params.csv
4845_output.csv
4845_params.csv
4846_output.csv
4846_params.csv
4847_params.csv
4848_params.csv
4849_params.csv
484_output.csv
484_params.csv
4850_output.csv
4850_params.csv
4851_output.csv
4851_params.csv
4852_output.csv
4852_params.csv
4853_params.csv
4854_output.csv
4854_params.csv
4855_params.csv
4856_output.csv
4856_params.csv
4857_params.csv
4858_output.csv
4858_params.csv
4859_params.csv
485_params.csv
4860_params.csv
4861_output.csv
4861_params.csv
4862_params.csv
4863_params.csv
4864_params.csv
4865_output.csv
4865_params.csv
4866_output.csv
4866_params.csv
4867_output.csv
4867_params.csv
4868_output.csv
4868_params.csv
4869_params.csv
486_output.csv
486_params.csv
4870_params.csv
4871_output.csv
4871_params.csv
4872_output.csv
4872_params.csv
4873_output.csv
4873_params.csv
4874_params.csv
4875_output.csv
4875_params.csv
4876_output.csv
4876_params.csv
4877_params.csv
4878_params.csv
4879_params.csv
487_params.csv
4880_params.csv
4881_params.csv
4882_output.csv
4882_params.csv
4883_output.csv
4883_params.csv
4884_output.csv
4884_params.csv
4885_output.csv
4885_params.csv
4886_output.csv
4886_params.csv
4887_output.csv
4887_params.csv
4888_output.csv
4888_params.csv
4889_params.csv
488_params.csv
4890_output.csv
4890_params.csv
4891_output.csv
4891_params.csv
4892_output.csv
4892_params.csv
4893_output.csv
4893_params.csv
4894_output.csv
4894_params.csv
4895_params.csv
4896_params.csv
4897_params.csv
4898_params.csv
4899_params.csv
489_output.csv
489_params.csv
48_params.csv
4900_params.csv
4901_params.csv
4902_output.csv
4902_params.csv
4903_output.csv
4903_params.csv
4904_output.csv
4904_params.csv
4905_output.csv
4905_params.csv
4906_params.csv
4907_output.csv
4907_params.csv
4908_params.csv
4909_params.csv
490_output.csv
490_params.csv
4910_params.csv
4911_output.csv
4911_params.csv
4912_params.csv
4913_output.csv
4913_params.csv
4914_output.csv
4914_params.csv
4915_params.csv
4916_params.csv
4917_output.csv
4917_params.csv
4918_output.csv
4918_params.csv
4919_params.csv
491_output.csv
491_params.csv
4920_output.csv
4920_params.csv
4921_output.csv
4921_params.csv
4922_output.csv
4922_params.csv
4923_params.csv
4924_params.csv
4925_output.csv
4925_params.csv
4926_output.csv
4926_params.csv
4927_params.csv
4928_params.csv
4929_output.csv
4929_params.csv
492_output.csv
492_params.csv
4930_params.csv
4931_params.csv
4932_output.csv
4932_params.csv
4933_params.csv
4934_params.csv
4935_params.csv
4936_params.csv
4937_output.csv
4937_params.csv
4938_output.csv
4938_params.csv
4939_output.csv
4939_params.csv
493_output.csv
493_params.csv
4940_output.csv
4940_params.csv
4941_params.csv
4942_params.csv
4943_output.csv
4943_params.csv
4944_output.csv
4944_params.csv
4945_output.csv
4945_params.csv
4946_params.csv
4947_output.csv
4947_params.csv
4948_output.csv
4948_params.csv
4949_params.csv
494_params.csv
4950_output.csv
4950_params.csv
4951_params.csv
4952_output.csv
4952_params.csv
4953_output.csv
4953_params.csv
4954_output.csv
4954_params.csv
4955_params.csv
4956_params.csv
4957_params.csv
4958_params.csv
4959_output.csv
4959_params.csv
495_output.csv
495_params.csv
4960_output.csv
4960_params.csv
4961_output.csv
4961_params.csv
4962_output.csv
4962_params.csv
4963_params.csv
4964_output.csv
4964_params.csv
4965_params.csv
4966_output.csv
4966_params.csv
4967_output.csv
4967_params.csv
4968_output.csv
4968_params.csv
4969_output.csv
4969_params.csv
496_params.csv
4970_output.csv
4970_params.csv
4971_output.csv
4971_params.csv
4972_params.csv
4973_output.csv
4973_params.csv
4974_params.csv
4975_output.csv
4975_params.csv
4976_output.csv
4976_params.csv
4977_params.csv
4978_output.csv
4978_params.csv
4979_params.csv
497_output.csv
497_params.csv
4980_params.csv
4981_output.csv
4981_params.csv
4982_output.csv
4982_params.csv
4983_output.csv
4983_params.csv
4984_output.csv
4984_params.csv
4985_output.csv
4985_params.csv
4986_params.csv
4987_output.csv
4987_params.csv
4988_output.csv
4988_params.csv
4989_output.csv
4989_params.csv
498_params.csv
4990_params.csv
4991_output.csv
4991_params.csv
4992_params.csv
4993_output.csv
4993_params.csv
4994_output.csv
4994_params.csv
4995_output.csv
4995_params.csv
4996_params.csv
4997_output.csv
4997_params.csv
4998_params.csv
4999_output.csv
4999_params.csv
499_output.csv
499_params.csv
49_output.csv
49_params.csv
4_output.csv
4_params.csv
500_params.csv
501_output.csv
501_params.csv
502_params.csv
503_output.csv
503_params.csv
504_output.csv
504_params.csv
505_output.csv
505_params.csv
506_output.csv
506_params.csv
507_output.csv
507_params.csv
508_output.csv
508_params.csv
509_output.csv
509_params.csv
50_output.csv
50_params.csv
510_output.csv
510_params.csv
511_params.csv
512_output.csv
512_params.csv
513_params.csv
514_output.csv
514_params.csv
515_params.csv
516_params.csv
517_output.csv
517_params.csv
518_output.csv
518_params.csv
519_output.csv
519_params.csv
51_params.csv
520_params.csv
521_params.csv
522_output.csv
522_params.csv
523_output.csv
523_params.csv
524_output.csv
524_params.csv
525_output.csv
525_params.csv
526_output.csv
526_params.csv
527_output.csv
527_params.csv
528_output.csv
528_params.csv
529_output.csv
529_params.csv
52_output.csv
52_params.csv
530_output.csv
530_params.csv
531_params.csv
532_params.csv
533_params.csv
534_output.csv
534_params.csv
535_params.csv
536_output.csv
536_params.csv
537_params.csv
538_output.csv
538_params.csv
539_params.csv
53_output.csv
53_params.csv
540_output.csv
540_params.csv
541_params.csv
542_output.csv
542_params.csv
543_output.csv
543_params.csv
544_output.csv
544_params.csv
545_output.csv
545_params.csv
546_output.csv
546_params.csv
547_output.csv
547_params.csv
548_params.csv
549_output.csv
549_params.csv
54_params.csv
550_params.csv
551_params.csv
552_params.csv
553_output.csv
553_params.csv
554_output.csv
554_params.csv
555_output.csv
555_params.csv
556_params.csv
557_output.csv
557_params.csv
558_params.csv
559_output.csv
559_params.csv
55_params.csv
560_output.csv
560_params.csv
561_output.csv
561_params.csv
562_params.csv
563_output.csv
563_params.csv
564_params.csv
565_params.csv
566_params.csv
567_params.csv
568_output.csv
568_params.csv
569_params.csv
56_output.csv
56_params.csv
570_params.csv
571_params.csv
572_params.csv
573_output.csv
573_params.csv
574_params.csv
575_params.csv
576_output.csv
576_params.csv
577_params.csv
578_output.csv
578_params.csv
579_params.csv
57_params.csv
580_params.csv
581_output.csv
581_params.csv
582_params.csv
583_output.csv
583_params.csv
584_output.csv
584_params.csv
585_output.csv
585_params.csv
586_output.csv
586_params.csv
587_params.csv
588_output.csv
588_params.csv
589_output.csv
589_params.csv
58_params.csv
590_output.csv
590_params.csv
591_params.csv
592_params.csv
593_params.csv
594_output.csv
594_params.csv
595_params.csv
596_output.csv
596_params.csv
597_params.csv
598_output.csv
598_params.csv
599_output.csv
599_params.csv
59_output.csv
59_params.csv
5_output.csv
5_params.csv
600_output.csv
600_params.csv
601_output.csv
601_params.csv
602_params.csv
603_params.csv
604_output.csv
604_params.csv
605_output.csv
605_params.csv
606_params.csv
607_output.csv
607_params.csv
608_params.csv
609_params.csv
60_output.csv
60_params.csv
610_params.csv
611_params.csv
612_params.csv
613_output.csv
613_params.csv
614_params.csv
615_output.csv
615_params.csv
616_params.csv
617_output.csv
617_params.csv
618_params.csv
619_params.csv
61_output.csv
61_params.csv
620_params.csv
621_output.csv
621_params.csv
622_output.csv
622_params.csv
623_output.csv
623_params.csv
624_params.csv
625_output.csv
625_params.csv
626_params.csv
627_output.csv
627_params.csv
628_output.csv
628_params.csv
629_params.csv
62_output.csv
62_params.csv
630_output.csv
630_params.csv
631_params.csv
632_output.csv
632_params.csv
633_output.csv
633_params.csv
634_output.csv
634_params.csv
635_params.csv
636_output.csv
636_params.csv
637_output.csv
637_params.csv
638_output.csv
638_params.csv
639_output.csv
639_params.csv
63_params.csv
640_params.csv
641_output.csv
641_params.csv
642_output.csv
642_params.csv
643_params.csv
644_output.csv
644_params.csv
645_output.csv
645_params.csv
646_params.csv
647_params.csv
648_output.csv
648_params.csv
649_params.csv
64_params.csv
650_params.csv
651_output.csv
651_params.csv
652_params.csv
653_output.csv
653_params.csv
654_output.csv
654_params.csv
655_output.csv
655_params.csv
656_output.csv
656_params.csv
657_params.csv
658_params.csv
659_output.csv
659_params.csv
65_output.csv
65_params.csv
660_output.csv
660_params.csv
661_output.csv
661_params.csv
662_params.csv
663_params.csv
664_params.csv
665_output.csv
665_params.csv
666_output.csv
666_params.csv
667_params.csv
668_output.csv
668_params.csv
669_output.csv
669_params.csv
66_output.csv
66_params.csv
670_params.csv
671_output.csv
671_params.csv
672_output.csv
672_params.csv
673_output.csv
673_params.csv
674_params.csv
675_params.csv
676_params.csv
677_output.csv
677_params.csv
678_params.csv
679_params.csv
67_output.csv
67_params.csv
680_params.csv
681_output.csv
681_params.csv
682_params.csv
683_params.csv
684_output.csv
684_params.csv
685_output.csv
685_params.csv
686_output.csv
686_params.csv
687_params.csv
688_output.csv
688_params.csv
689_output.csv
689_params.csv
68_params.csv
690_output.csv
690_params.csv
691_output.csv
691_params.csv
692_params.csv
693_params.csv
694_output.csv
694_params.csv
695_output.csv
695_params.csv
696_output.csv
696_params.csv
697_params.csv
698_params.csv
699_params.csv
69_output.csv
69_params.csv
6_params.csv
700_output.csv
700_params.csv
701_params.csv
702_params.csv
703_output.csv
703_params.csv
704_output.csv
704_params.csv
705_output.csv
705_params.csv
706_params.csv
707_output.csv
707_params.csv
708_output.csv
708_params.csv
709_output.csv
709_params.csv
70_output.csv
70_params.csv
710_params.csv
711_params.csv
712_output.csv
712_params.csv
713_output.csv
713_params.csv
714_output.csv
714_params.csv
715_output.csv
715_params.csv
716_output.csv
716_params.csv
717_output.csv
717_params.csv
718_output.csv
718_params.csv
719_output.csv
719_params.csv
71_output.csv
71_params.csv
720_output.csv
720_params.csv
721_output.csv
721_params.csv
722_output.csv
722_params.csv
723_output.csv
723_params.csv
724_output.csv
724_params.csv
725_params.csv
726_params.csv
727_params.csv
728_params.csv
729_output.csv
729_params.csv
72_params.csv
730_output.csv
730_params.csv
731_params.csv
732_output.csv
732_params.csv
733_output.csv
733_params.csv
734_output.csv
734_params.csv
735_output.csv
735_params.csv
736_output.csv
736_params.csv
737_params.csv
738_params.csv
739_output.csv
739_params.csv
73_params.csv
740_output.csv
740_params.csv
741_output.csv
741_params.csv
742_params.csv
743_params.csv
744_params.csv
745_output.csv
745_params.csv
746_output.csv
746_params.csv
747_output.csv
747_params.csv
748_output.csv
748_params.csv
749_output.csv
749_params.csv
74_params.csv
750_output.csv
750_params.csv
751_output.csv
751_params.csv
752_params.csv
753_output.csv
753_params.csv
754_output.csv
754_params.csv
755_output.csv
755_params.csv
756_params.csv
757_params.csv
758_params.csv
759_output.csv
759_params.csv
75_params.csv
760_output.csv
760_params.csv
761_output.csv
761_params.csv
762_params.csv
763_params.csv
764_output.csv
764_params.csv
765_output.csv
765_params.csv
766_params.csv
767_output.csv
767_params.csv
768_output.csv
768_params.csv
769_params.csv
76_output.csv
76_params.csv
770_output.csv
770_params.csv
771_output.csv
771_params.csv
772_params.csv
773_output.csv
773_params.csv
774_output.csv
774_params.csv
775_output.csv
775_params.csv
776_params.csv
777_output.csv
777_params.csv
778_params.csv
779_output.csv
779_params.csv
77_params.csv
780_output.csv
780_params.csv
781_output.csv
781_params.csv
782_params.csv
783_output.csv
783_params.csv
784_output.csv
784_params.csv
785_params.csv
786_params.csv
787_output.csv
787_params.csv
788_output.csv
788_params.csv
789_output.csv
789_params.csv
78_output.csv
78_params.csv
790_params.csv
791_params.csv
792_output.csv
792_params.csv
793_output.csv
793_params.csv
794_output.csv
794_params.csv
795_output.csv
795_params.csv
796_output.csv
796_params.csv
797_params.csv
798_params.csv
799_output.csv
799_params.csv
79_output.csv
79_params.csv
7_output.csv
7_params.csv
800_output.csv
800_params.csv
801_output.csv
801_params.csv
802_params.csv
803_output.csv
803_params.csv
804_params.csv
805_output.csv
805_params.csv
806_params.csv
807_params.csv
808_output.csv
808_params.csv
809_output.csv
809_params.csv
80_output.csv
80_params.csv
810_output.csv
810_params.csv
811_output.csv
811_params.csv
812_params.csv
813_output.csv
813_params.csv
814_params.csv
815_output.csv
815_params.csv
816_output.csv
816_params.csv
817_params.csv
818_output.csv
818_params.csv
819_output.csv
819_params.csv
81_params.csv
820_params.csv
821_params.csv
822_output.csv
822_params.csv
823_params.csv
824_params.csv
825_params.csv
826_output.csv
826_params.csv
827_params.csv
828_output.csv
828_params.csv
829_params.csv
82_output.csv
82_params.csv
830_output.csv
830_params.csv
831_output.csv
831_params.csv
832_params.csv
833_output.csv
833_params.csv
834_params.csv
835_params.csv
836_output.csv
836_params.csv
837_params.csv
838_output.csv
838_params.csv
839_output.csv
839_params.csv
83_output.csv
83_params.csv
840_output.csv
840_params.csv
841_params.csv
842_output.csv
842_params.csv
843_output.csv
843_params.csv
844_output.csv
844_params.csv
845_params.csv
846_output.csv
846_params.csv
847_output.csv
847_params.csv
848_params.csv
849_output.csv
849_params.csv
84_output.csv
84_params.csv
850_params.csv
851_params.csv
852_output.csv
852_params.csv
853_output.csv
853_params.csv
854_output.csv
854_params.csv
855_output.csv
855_params.csv
856_params.csv
857_output.csv
857_params.csv
858_output.csv
858_params.csv
859_params.csv
85_output.csv
85_params.csv
860_params.csv
861_output.csv
861_params.csv
862_output.csv
862_params.csv
863_output.csv
863_params.csv
864_params.csv
865_params.csv
866_output.csv
866_params.csv
867_params.csv
868_output.csv
868_params.csv
869_params.csv
86_output.csv
86_params.csv
870_output.csv
870_params.csv
871_output.csv
871_params.csv
872_output.csv
872_params.csv
873_output.csv
873_params.csv
874_params.csv
875_output.csv
875_params.csv
876_params.csv
877_output.csv
877_params.csv
878_output.csv
878_params.csv
879_output.csv
879_params.csv
87_output.csv
87_params.csv
880_params.csv
881_output.csv
881_params.csv
882_output.csv
882_params.csv
883_output.csv
883_params.csv
884_params.csv
885_output.csv
885_params.csv
886_params.csv
887_output.csv
887_params.csv
888_output.csv
888_params.csv
889_output.csv
889_params.csv
88_output.csv
88_params.csv
890_params.csv
891_params.csv
892_output.csv
892_params.csv
893_output.csv
893_params.csv
894_params.csv
895_output.csv
895_params.csv
896_params.csv
897_output.csv
897_params.csv
898_params.csv
899_output.csv
899_params.csv
89_params.csv
8_output.csv
8_params.csv
900_params.csv
901_output.csv
901_params.csv
902_params.csv
903_params.csv
904_params.csv
905_output.csv
905_params.csv
906_params.csv
907_params.csv
908_output.csv
908_params.csv
909_params.csv
90_output.csv
90_params.csv
910_output.csv
910_params.csv
911_output.csv
911_params.csv
912_output.csv
912_params.csv
913_output.csv
913_params.csv
914_output.csv
914_params.csv
915_params.csv
916_params.csv
917_params.csv
918_output.csv
918_params.csv
919_output.csv
919_params.csv
91_output.csv
91_params.csv
920_output.csv
920_params.csv
921_output.csv
921_params.csv
922_output.csv
922_params.csv
923_params.csv
924_output.csv
924_params.csv
925_output.csv
925_params.csv
926_output.csv
926_params.csv
927_params.csv
928_params.csv
929_output.csv
929_params.csv
92_output.csv
92_params.csv
930_params.csv
931_output.csv
931_params.csv
932_output.csv
932_params.csv
933_output.csv
933_params.csv
934_output.csv
934_params.csv
935_params.csv
936_output.csv
936_params.csv
937_output.csv
937_params.csv
938_params.csv
939_output.csv
939_params.csv
93_params.csv
940_params.csv
941_params.csv
942_output.csv
942_params.csv
943_output.csv
943_params.csv
944_output.csv
944_params.csv
945_params.csv
946_output.csv
946_params.csv
947_output.csv
947_params.csv
948_params.csv
949_output.csv
949_params.csv
94_params.csv
950_params.csv
951_params.csv
952_params.csv
953_params.csv
954_output.csv
954_params.csv
955_params.csv
956_output.csv
956_params.csv
957_output.csv
957_params.csv
958_output.csv
958_params.csv
959_output.csv
959_params.csv
95_output.csv
95_params.csv
960_output.csv
960_params.csv
961_output.csv
961_params.csv
962_output.csv
962_params.csv
963_output.csv
963_params.csv
964_output.csv
964_params.csv
965_output.csv
965_params.csv
966_output.csv
966_params.csv
967_output.csv
967_params.csv
968_output.csv
968_params.csv
969_output.csv
969_params.csv
96_output.csv
96_params.csv
970_params.csv
971_output.csv
971_params.csv
972_output.csv
972_params.csv
973_params.csv
974_params.csv
975_output.csv
975_params.csv
976_params.csv
977_output.csv
977_params.csv
978_output.csv
978_params.csv
979_output.csv
979_params.csv
97_params.csv
980_params.csv
981_output.csv
981_params.csv
982_output.csv
982_params.csv
983_output.csv
983_params.csv
984_output.csv
984_params.csv
985_output.csv
985_params.csv
986_params.csv
987_params.csv
988_output.csv
988_params.csv
989_params.csv
98_params.csv
990_params.csv
991_output.csv
991_params.csv
992_output.csv
992_params.csv
993_output.csv
993_params.csv
994_params.csv
995_params.csv
996_params.csv
997_params.csv
998_output.csv
998_params.csv
999_params.csv
99_output.csv
99_params.csv
9_params.csv

sent 2.89M bytes  received 152.25K bytes  225.51K bytes/sec
total size is 4.81M  speedup is 1.58
Workdir for this run: /work/chancock/543315/wd/RGI60-13.53223
Output dir for this run: /work/chancock/543315/out/RGI60-13.53223
Glacier RGI60-13.53223:   0%|                  | 10/5000 samples
Glacier RGI60-13.53223:   0%|                  | 20/5000 samples
Glacier RGI60-13.53223:   0%|                  | 15/5000 samples
Glacier RGI60-13.53223:   1%|▏                 | 40/5000 samples
Glacier RGI60-13.53223:   0%|                  | 25/5000 samples
Glacier RGI60-13.53223:   1%|▏                 | 65/5000 samples
Glacier RGI60-13.53223:   1%|▏                 | 55/5000 samples
Glacier RGI60-13.53223:   1%|▏                 | 60/5000 samples
Glacier RGI60-13.53223:   1%|▎                 | 70/5000 samples
Glacier RGI60-13.53223:   2%|▎                 | 85/5000 samples
Glacier RGI60-13.53223:   2%|▎                 | 95/5000 samples
Glacier RGI60-13.53223:   2%|▎                | 100/5000 samples
Glacier RGI60-13.53223:   2%|▎                | 105/5000 samples
Glacier RGI60-13.53223:   2%|▎                | 110/5000 samples
Glacier RGI60-13.53223:   2%|▍                | 115/5000 samples
Glacier RGI60-13.53223:   3%|▍                | 130/5000 samples
Glacier RGI60-13.53223:   2%|▍                | 120/5000 samples
Glacier RGI60-13.53223:   2%|▍                | 125/5000 samples
Glacier RGI60-13.53223:   0%|                   | 5/5000 samples
Glacier RGI60-13.53223:   3%|▍                | 135/5000 samples
Glacier RGI60-13.53223:   3%|▍                | 140/5000 samples
Glacier RGI60-13.53223:   3%|▍                | 145/5000 samples
Glacier RGI60-13.53223:   3%|▌                | 155/5000 samples
Glacier RGI60-13.53223:   3%|▌                | 160/5000 samples
Glacier RGI60-13.53223:   3%|▌                | 165/5000 samples
Glacier RGI60-13.53223:   3%|▌                | 170/5000 samples
Glacier RGI60-13.53223:   4%|▌                | 180/5000 samples
Glacier RGI60-13.53223:   4%|▋                | 185/5000 samples
Glacier RGI60-13.53223:   4%|▋                | 195/5000 samples
Glacier RGI60-13.53223:   4%|▋                | 190/5000 samples
Glacier RGI60-13.53223:   4%|▋                | 200/5000 samples
Glacier RGI60-13.53223:   4%|▋                | 205/5000 samples
Glacier RGI60-13.53223:   4%|▋                | 210/5000 samples
Glacier RGI60-13.53223:   4%|▋                | 215/5000 samples
Glacier RGI60-13.53223:   4%|▋                | 220/5000 samples
Glacier RGI60-13.53223:   4%|▊                | 225/5000 samples
Glacier RGI60-13.53223:   5%|▊                | 230/5000 samples
Glacier RGI60-13.53223:   5%|▊                | 235/5000 samples
Glacier RGI60-13.53223:   5%|▊                | 240/5000 samples
Glacier RGI60-13.53223:   5%|▊                | 245/5000 samples
Glacier RGI60-13.53223:   5%|▊                | 250/5000 samples
Glacier RGI60-13.53223:   5%|▊                | 255/5000 samples
Glacier RGI60-13.53223:   5%|▉                | 260/5000 samples
Glacier RGI60-13.53223:   5%|▉                | 265/5000 samples
Glacier RGI60-13.53223:   5%|▉                | 270/5000 samples
Glacier RGI60-13.53223:   6%|▉                | 280/5000 samples
Glacier RGI60-13.53223:   6%|▉                | 285/5000 samples
Glacier RGI60-13.53223:   6%|▉                | 290/5000 samples
Glacier RGI60-13.53223:   6%|█                | 300/5000 samples
Glacier RGI60-13.53223:   6%|█                | 315/5000 samples
Glacier RGI60-13.53223:   6%|█                | 320/5000 samples
Glacier RGI60-13.53223:   6%|█                | 325/5000 samples
Glacier RGI60-13.53223:   7%|█▏               | 335/5000 samples
Glacier RGI60-13.53223:   7%|█▏               | 340/5000 samples
Glacier RGI60-13.53223:   7%|█▏               | 345/5000 samples
Glacier RGI60-13.53223:   7%|█▏               | 350/5000 samples
Glacier RGI60-13.53223:   7%|█▏               | 355/5000 samples
Glacier RGI60-13.53223:   7%|█▏               | 365/5000 samples
Glacier RGI60-13.53223:   7%|█▎               | 370/5000 samples
Glacier RGI60-13.53223:   8%|█▎               | 375/5000 samples
Glacier RGI60-13.53223:   8%|█▎               | 380/5000 samples
Glacier RGI60-13.53223:   8%|█▎               | 390/5000 samples
Glacier RGI60-13.53223:   8%|█▎               | 395/5000 samples
Glacier RGI60-13.53223:   8%|█▎               | 385/5000 samples
Glacier RGI60-13.53223:   8%|█▎               | 400/5000 samples
Glacier RGI60-13.53223:   8%|█▍               | 405/5000 samples
Glacier RGI60-13.53223:   8%|█▍               | 410/5000 samples
Glacier RGI60-13.53223:   8%|█▍               | 415/5000 samples
Glacier RGI60-13.53223:   8%|█▍               | 425/5000 samples
Glacier RGI60-13.53223:   9%|█▍               | 430/5000 samples
Glacier RGI60-13.53223:   9%|█▍               | 435/5000 samples
Glacier RGI60-13.53223:   9%|█▍               | 440/5000 samples
Glacier RGI60-13.53223:   9%|█▌               | 445/5000 samples
Glacier RGI60-13.53223:   9%|█▌               | 460/5000 samples
Glacier RGI60-13.53223:   9%|█▌               | 470/5000 samples
Glacier RGI60-13.53223:  10%|█▌               | 475/5000 samples
Glacier RGI60-13.53223:  10%|█▋               | 480/5000 samples
Glacier RGI60-13.53223:  10%|█▋               | 485/5000 samples
Glacier RGI60-13.53223:  10%|█▋               | 490/5000 samples
Glacier RGI60-13.53223:  10%|█▋               | 495/5000 samples
Glacier RGI60-13.53223:  10%|█▋               | 500/5000 samples
Glacier RGI60-13.53223:  10%|█▋               | 505/5000 samples
Glacier RGI60-13.53223:  10%|█▋               | 510/5000 samples
Glacier RGI60-13.53223:  10%|█▊               | 515/5000 samples
Glacier RGI60-13.53223:  11%|█▊               | 530/5000 samples
Glacier RGI60-13.53223:  11%|█▊               | 535/5000 samples
Glacier RGI60-13.53223:  11%|█▊               | 540/5000 samples
Glacier RGI60-13.53223:  11%|█▊               | 545/5000 samples
Glacier RGI60-13.53223:  11%|█▊               | 550/5000 samples
Glacier RGI60-13.53223:  11%|█▉               | 555/5000 samples
Glacier RGI60-13.53223:  11%|█▉               | 560/5000 samples
Glacier RGI60-13.53223:  11%|█▉               | 565/5000 samples
Glacier RGI60-13.53223:  11%|█▉               | 570/5000 samples
Glacier RGI60-13.53223:  12%|█▉               | 580/5000 samples
Glacier RGI60-13.53223:  12%|█▉               | 585/5000 samples
Glacier RGI60-13.53223:  12%|██               | 595/5000 samples
Glacier RGI60-13.53223:  12%|██               | 600/5000 samples
Glacier RGI60-13.53223:  12%|██               | 610/5000 samples
Glacier RGI60-13.53223:  12%|██               | 615/5000 samples
Glacier RGI60-13.53223:  12%|██               | 620/5000 samples
Glacier RGI60-13.53223:  13%|██▏              | 630/5000 samples
Glacier RGI60-13.53223:  12%|██▏              | 625/5000 samples
Glacier RGI60-13.53223:  13%|██▏              | 635/5000 samples
Glacier RGI60-13.53223:  13%|██▏              | 640/5000 samples
Glacier RGI60-13.53223:  13%|██▏              | 645/5000 samples
Glacier RGI60-13.53223:  13%|██▏              | 650/5000 samples
Glacier RGI60-13.53223:  13%|██▏              | 655/5000 samples
Glacier RGI60-13.53223:  13%|██▎              | 665/5000 samples
Glacier RGI60-13.53223:  13%|██▎              | 670/5000 samples
Glacier RGI60-13.53223:  14%|██▎              | 675/5000 samples
Glacier RGI60-13.53223:  14%|██▎              | 680/5000 samples
Glacier RGI60-13.53223:  14%|██▎              | 685/5000 samples
Glacier RGI60-13.53223:  14%|██▎              | 695/5000 samples
Glacier RGI60-13.53223:  14%|██▍              | 700/5000 samples
Glacier RGI60-13.53223:  14%|██▍              | 705/5000 samples
Glacier RGI60-13.53223:  14%|██▍              | 710/5000 samples
Glacier RGI60-13.53223:  14%|██▍              | 725/5000 samples
Glacier RGI60-13.53223:  15%|██▍              | 730/5000 samples
Glacier RGI60-13.53223:  15%|██▍              | 735/5000 samples
Glacier RGI60-13.53223:  15%|██▌              | 740/5000 samples
Glacier RGI60-13.53223:  15%|██▌              | 745/5000 samples
Glacier RGI60-13.53223:  15%|██▌              | 750/5000 samples
Glacier RGI60-13.53223:  15%|██▌              | 755/5000 samples
Glacier RGI60-13.53223:  15%|██▌              | 765/5000 samples
Glacier RGI60-13.53223:  16%|██▋              | 775/5000 samples
Glacier RGI60-13.53223:  16%|██▋              | 780/5000 samples
Glacier RGI60-13.53223:  16%|██▋              | 790/5000 samples
Glacier RGI60-13.53223:  16%|██▋              | 795/5000 samples
Glacier RGI60-13.53223:  16%|██▋              | 800/5000 samples
Glacier RGI60-13.53223:  16%|██▊              | 810/5000 samples
Glacier RGI60-13.53223:  16%|██▊              | 815/5000 samples
Glacier RGI60-13.53223:  16%|██▊              | 825/5000 samples
Glacier RGI60-13.53223:  17%|██▊              | 830/5000 samples
Glacier RGI60-13.53223:  17%|██▊              | 845/5000 samples
Glacier RGI60-13.53223:  17%|██▉              | 855/5000 samples
Glacier RGI60-13.53223:  17%|██▉              | 850/5000 samples
Glacier RGI60-13.53223:  17%|██▉              | 860/5000 samples
Glacier RGI60-13.53223:  17%|██▉              | 865/5000 samples
Glacier RGI60-13.53223:  17%|██▉              | 870/5000 samples
Glacier RGI60-13.53223:  18%|██▉              | 875/5000 samples
Glacier RGI60-13.53223:  18%|██▉              | 880/5000 samples
Glacier RGI60-13.53223:  18%|███              | 885/5000 samples
Glacier RGI60-13.53223:  18%|███              | 890/5000 samples
Glacier RGI60-13.53223:  18%|███              | 900/5000 samples
Glacier RGI60-13.53223:  18%|███              | 910/5000 samples
Glacier RGI60-13.53223:  18%|███              | 915/5000 samples
Glacier RGI60-13.53223:  18%|███▏             | 920/5000 samples
Glacier RGI60-13.53223:  18%|███▏             | 925/5000 samples
Glacier RGI60-13.53223:  19%|███▏             | 930/5000 samples
Glacier RGI60-13.53223:  19%|███▏             | 935/5000 samples
Glacier RGI60-13.53223:  19%|███▏             | 940/5000 samples
Glacier RGI60-13.53223:  19%|███▏             | 950/5000 samples
Glacier RGI60-13.53223:  19%|███▏             | 955/5000 samples
Glacier RGI60-13.53223:  19%|███▎             | 965/5000 samples
Glacier RGI60-13.53223:  19%|███▎             | 970/5000 samples
Glacier RGI60-13.53223:  20%|███▎             | 975/5000 samples
Glacier RGI60-13.53223:  20%|███▎             | 985/5000 samples
Glacier RGI60-13.53223:  20%|███▎             | 990/5000 samples
Glacier RGI60-13.53223:  20%|███▍             | 995/5000 samples
Glacier RGI60-13.53223:  20%|███▏            | 1000/5000 samples
Glacier RGI60-13.53223:  20%|███▏            | 1005/5000 samples
Glacier RGI60-13.53223:  20%|███▏            | 1010/5000 samples
Glacier RGI60-13.53223:  20%|███▏            | 1015/5000 samples
Glacier RGI60-13.53223:  20%|███▎            | 1020/5000 samples
Glacier RGI60-13.53223:  20%|███▎            | 1025/5000 samples
Glacier RGI60-13.53223:  21%|███▎            | 1030/5000 samples
Glacier RGI60-13.53223:  21%|███▎            | 1045/5000 samples
Glacier RGI60-13.53223:  21%|███▎            | 1040/5000 samples
Glacier RGI60-13.53223:  21%|███▎            | 1050/5000 samples
Glacier RGI60-13.53223:  21%|███▍            | 1060/5000 samples
Glacier RGI60-13.53223:  21%|███▍            | 1065/5000 samples
Glacier RGI60-13.53223:  21%|███▍            | 1070/5000 samples
Glacier RGI60-13.53223:  22%|███▍            | 1075/5000 samples
Glacier RGI60-13.53223:  22%|███▍            | 1080/5000 samples
Glacier RGI60-13.53223:  22%|███▍            | 1085/5000 samples
Glacier RGI60-13.53223:  22%|███▍            | 1090/5000 samples
Glacier RGI60-13.53223:  22%|███▌            | 1095/5000 samples
Glacier RGI60-13.53223:  22%|███▌            | 1100/5000 samples
Glacier RGI60-13.53223:  22%|███▌            | 1105/5000 samples
Glacier RGI60-13.53223:  22%|███▌            | 1110/5000 samples
Glacier RGI60-13.53223:  22%|███▌            | 1115/5000 samples
Glacier RGI60-13.53223:  22%|███▌            | 1125/5000 samples
Glacier RGI60-13.53223:  23%|███▌            | 1130/5000 samples
Glacier RGI60-13.53223:  23%|███▋            | 1135/5000 samples
Glacier RGI60-13.53223:  23%|███▋            | 1140/5000 samples
Glacier RGI60-13.53223:  23%|███▋            | 1145/5000 samples
Glacier RGI60-13.53223:  23%|███▋            | 1150/5000 samples
Glacier RGI60-13.53223:  23%|███▋            | 1155/5000 samples
Glacier RGI60-13.53223:  23%|███▋            | 1160/5000 samples
Glacier RGI60-13.53223:  23%|███▋            | 1165/5000 samples
Glacier RGI60-13.53223:  23%|███▋            | 1170/5000 samples
Glacier RGI60-13.53223:  24%|███▊            | 1175/5000 samples
Glacier RGI60-13.53223:  24%|███▊            | 1185/5000 samples
Glacier RGI60-13.53223:  24%|███▊            | 1195/5000 samples
Glacier RGI60-13.53223:  24%|███▊            | 1200/5000 samples
Glacier RGI60-13.53223:  24%|███▊            | 1205/5000 samples
Glacier RGI60-13.53223:  24%|███▊            | 1210/5000 samples
Glacier RGI60-13.53223:  24%|███▉            | 1215/5000 samples
Glacier RGI60-13.53223:  24%|███▉            | 1220/5000 samples
Glacier RGI60-13.53223:  24%|███▉            | 1225/5000 samples
Glacier RGI60-13.53223:  25%|███▉            | 1230/5000 samples
Glacier RGI60-13.53223:  25%|███▉            | 1235/5000 samples
Glacier RGI60-13.53223:  25%|███▉            | 1240/5000 samples
Glacier RGI60-13.53223:  25%|███▉            | 1245/5000 samples
Glacier RGI60-13.53223:  25%|████            | 1255/5000 samples
Glacier RGI60-13.53223:  25%|████            | 1250/5000 samples
Glacier RGI60-13.53223:  25%|████            | 1260/5000 samples
Glacier RGI60-13.53223:  25%|████            | 1270/5000 samples
Glacier RGI60-13.53223:  26%|████            | 1275/5000 samples
Glacier RGI60-13.53223:  26%|████            | 1285/5000 samples
Glacier RGI60-13.53223:  26%|████▏           | 1290/5000 samples
Glacier RGI60-13.53223:  26%|████▏           | 1305/5000 samples
Glacier RGI60-13.53223:  26%|████▏           | 1310/5000 samples
Glacier RGI60-13.53223:  26%|████▏           | 1320/5000 samples
Glacier RGI60-13.53223:  27%|████▎           | 1335/5000 samples
Glacier RGI60-13.53223:  27%|████▎           | 1340/5000 samples
Glacier RGI60-13.53223:  27%|████▎           | 1345/5000 samples
Glacier RGI60-13.53223:  27%|████▎           | 1350/5000 samples
Glacier RGI60-13.53223:  27%|████▎           | 1355/5000 samples
Glacier RGI60-13.53223:  27%|████▎           | 1360/5000 samples
Glacier RGI60-13.53223:  27%|████▎           | 1365/5000 samples
Glacier RGI60-13.53223:  27%|████▍           | 1370/5000 samples
Glacier RGI60-13.53223:  28%|████▍           | 1375/5000 samples
Glacier RGI60-13.53223:  28%|████▍           | 1380/5000 samples
Glacier RGI60-13.53223:  28%|████▍           | 1385/5000 samples
Glacier RGI60-13.53223:  28%|████▍           | 1390/5000 samples
Glacier RGI60-13.53223:  28%|████▍           | 1395/5000 samples
Glacier RGI60-13.53223:  28%|████▍           | 1400/5000 samples
Glacier RGI60-13.53223:  28%|████▍           | 1405/5000 samples
Glacier RGI60-13.53223:  28%|████▌           | 1410/5000 samples
Glacier RGI60-13.53223:  28%|████▌           | 1415/5000 samples
Glacier RGI60-13.53223:  28%|████▌           | 1420/5000 samples
Glacier RGI60-13.53223:  28%|████▌           | 1425/5000 samples
Glacier RGI60-13.53223:  29%|████▌           | 1430/5000 samples
Glacier RGI60-13.53223:  29%|████▌           | 1435/5000 samples
Glacier RGI60-13.53223:  29%|████▌           | 1440/5000 samples
Glacier RGI60-13.53223:  29%|████▌           | 1445/5000 samples
Glacier RGI60-13.53223:  29%|████▋           | 1450/5000 samples
Glacier RGI60-13.53223:  29%|████▋           | 1455/5000 samples
Glacier RGI60-13.53223:  29%|████▋           | 1460/5000 samples
Glacier RGI60-13.53223:  29%|████▋           | 1465/5000 samples
Glacier RGI60-13.53223:  30%|████▋           | 1475/5000 samples
Glacier RGI60-13.53223:  30%|████▊           | 1485/5000 samples
Glacier RGI60-13.53223:  30%|████▊           | 1490/5000 samples
Glacier RGI60-13.53223:  30%|████▊           | 1495/5000 samples
Glacier RGI60-13.53223:  30%|████▊           | 1500/5000 samples
Glacier RGI60-13.53223:  30%|████▊           | 1505/5000 samples
Glacier RGI60-13.53223:  30%|████▊           | 1510/5000 samples
Glacier RGI60-13.53223:  30%|████▊           | 1515/5000 samples
Glacier RGI60-13.53223:  30%|████▊           | 1520/5000 samples
Glacier RGI60-13.53223:  30%|████▉           | 1525/5000 samples
Glacier RGI60-13.53223:  31%|████▉           | 1535/5000 samples
Glacier RGI60-13.53223:  31%|████▉           | 1540/5000 samples
Glacier RGI60-13.53223:  31%|████▉           | 1545/5000 samples
Glacier RGI60-13.53223:  31%|████▉           | 1550/5000 samples
Glacier RGI60-13.53223:  31%|████▉           | 1555/5000 samples
Glacier RGI60-13.53223:  31%|████▉           | 1560/5000 samples
Glacier RGI60-13.53223:  31%|█████           | 1570/5000 samples
Glacier RGI60-13.53223:  32%|█████           | 1580/5000 samples
Glacier RGI60-13.53223:  31%|█████           | 1565/5000 samples
Glacier RGI60-13.53223:  32%|█████           | 1585/5000 samples
Glacier RGI60-13.53223:  32%|█████           | 1590/5000 samples
Glacier RGI60-13.53223:  32%|█████           | 1595/5000 samples
Glacier RGI60-13.53223:  32%|█████           | 1600/5000 samples
Glacier RGI60-13.53223:  32%|█████▏          | 1610/5000 samples
Glacier RGI60-13.53223:  32%|█████▏          | 1615/5000 samples
Glacier RGI60-13.53223:  32%|█████▏          | 1620/5000 samples
Glacier RGI60-13.53223:  32%|█████▏          | 1625/5000 samples
Glacier RGI60-13.53223:  33%|█████▏          | 1630/5000 samples
Glacier RGI60-13.53223:  33%|█████▎          | 1645/5000 samples
Glacier RGI60-13.53223:  33%|█████▎          | 1650/5000 samples
Glacier RGI60-13.53223:  33%|█████▎          | 1655/5000 samples
Glacier RGI60-13.53223:  33%|█████▎          | 1660/5000 samples
Glacier RGI60-13.53223:  33%|█████▎          | 1665/5000 samples
Glacier RGI60-13.53223:  33%|█████▎          | 1670/5000 samples
Glacier RGI60-13.53223:  34%|█████▍          | 1685/5000 samples
Glacier RGI60-13.53223:  34%|█████▍          | 1690/5000 samples
Glacier RGI60-13.53223:  34%|█████▍          | 1695/5000 samples
Glacier RGI60-13.53223:  34%|█████▍          | 1700/5000 samples
Glacier RGI60-13.53223:  34%|█████▍          | 1715/5000 samples
Glacier RGI60-13.53223:  34%|█████▌          | 1720/5000 samples
Glacier RGI60-13.53223:  34%|█████▌          | 1725/5000 samples
Glacier RGI60-13.53223:  35%|█████▌          | 1730/5000 samples
Glacier RGI60-13.53223:  35%|█████▌          | 1735/5000 samples
Glacier RGI60-13.53223:  35%|█████▌          | 1740/5000 samples
Glacier RGI60-13.53223:  35%|█████▌          | 1745/5000 samples
Glacier RGI60-13.53223:  35%|█████▌          | 1755/5000 samples
Glacier RGI60-13.53223:  35%|█████▌          | 1750/5000 samples
Glacier RGI60-13.53223:  35%|█████▋          | 1760/5000 samples
Glacier RGI60-13.53223:  35%|█████▋          | 1765/5000 samples
Glacier RGI60-13.53223:  35%|█████▋          | 1770/5000 samples
Glacier RGI60-13.53223:  36%|█████▋          | 1775/5000 samples
Glacier RGI60-13.53223:  36%|█████▋          | 1785/5000 samples
Glacier RGI60-13.53223:  36%|█████▋          | 1790/5000 samples
Glacier RGI60-13.53223:  36%|█████▋          | 1795/5000 samples
Glacier RGI60-13.53223:  36%|█████▊          | 1800/5000 samples
Glacier RGI60-13.53223:  36%|█████▊          | 1805/5000 samples
Glacier RGI60-13.53223:  36%|█████▊          | 1815/5000 samples
Glacier RGI60-13.53223:  36%|█████▊          | 1820/5000 samples
Glacier RGI60-13.53223:  36%|█████▊          | 1825/5000 samples
Glacier RGI60-13.53223:  37%|█████▊          | 1830/5000 samples
Glacier RGI60-13.53223:  37%|█████▊          | 1835/5000 samples
Glacier RGI60-13.53223:  37%|█████▉          | 1840/5000 samples
Glacier RGI60-13.53223:  37%|█████▉          | 1845/5000 samples
Glacier RGI60-13.53223:  37%|█████▉          | 1850/5000 samples
Glacier RGI60-13.53223:  37%|█████▉          | 1855/5000 samples
Glacier RGI60-13.53223:  37%|█████▉          | 1860/5000 samples
Glacier RGI60-13.53223:  37%|█████▉          | 1865/5000 samples
Glacier RGI60-13.53223:  37%|█████▉          | 1870/5000 samples
Glacier RGI60-13.53223:  38%|██████          | 1875/5000 samples
Glacier RGI60-13.53223:  38%|██████          | 1880/5000 samples
Glacier RGI60-13.53223:  38%|██████          | 1890/5000 samples
Glacier RGI60-13.53223:  38%|██████          | 1900/5000 samples
Glacier RGI60-13.53223:  38%|██████          | 1905/5000 samples
Glacier RGI60-13.53223:  38%|██████          | 1910/5000 samples
Glacier RGI60-13.53223:  38%|██████▏         | 1915/5000 samples
Glacier RGI60-13.53223:  38%|██████▏         | 1920/5000 samples
Glacier RGI60-13.53223:  39%|██████▏         | 1930/5000 samples
Glacier RGI60-13.53223:  39%|██████▏         | 1935/5000 samples
Glacier RGI60-13.53223:  39%|██████▏         | 1940/5000 samples
Glacier RGI60-13.53223:  39%|██████▏         | 1945/5000 samples
Glacier RGI60-13.53223:  39%|██████▏         | 1950/5000 samples
Glacier RGI60-13.53223:  39%|██████▎         | 1955/5000 samples
Glacier RGI60-13.53223:  39%|██████▎         | 1960/5000 samples
Glacier RGI60-13.53223:  40%|██████▎         | 1975/5000 samples
Glacier RGI60-13.53223:  39%|██████▎         | 1970/5000 samples
Glacier RGI60-13.53223:  40%|██████▎         | 1980/5000 samples
Glacier RGI60-13.53223:  40%|██████▎         | 1985/5000 samples
Glacier RGI60-13.53223:  40%|██████▎         | 1990/5000 samples
Glacier RGI60-13.53223:  40%|██████▍         | 1995/5000 samples
Glacier RGI60-13.53223:  40%|██████▍         | 2000/5000 samples
Glacier RGI60-13.53223:  40%|██████▍         | 2010/5000 samples
Glacier RGI60-13.53223:  40%|██████▍         | 2015/5000 samples
Glacier RGI60-13.53223:  40%|██████▍         | 2020/5000 samples
Glacier RGI60-13.53223:  40%|██████▍         | 2025/5000 samples
Glacier RGI60-13.53223:  41%|██████▍         | 2030/5000 samples
Glacier RGI60-13.53223:  41%|██████▌         | 2035/5000 samples
Glacier RGI60-13.53223:  41%|██████▌         | 2040/5000 samples
Glacier RGI60-13.53223:  41%|██████▌         | 2045/5000 samples
Glacier RGI60-13.53223:  41%|██████▌         | 2055/5000 samples
Glacier RGI60-13.53223:  41%|██████▌         | 2060/5000 samples
Glacier RGI60-13.53223:  41%|██████▌         | 2065/5000 samples
Glacier RGI60-13.53223:  42%|██████▋         | 2080/5000 samples
Glacier RGI60-13.53223:  42%|██████▋         | 2085/5000 samples
Glacier RGI60-13.53223:  42%|██████▋         | 2090/5000 samples
Glacier RGI60-13.53223:  42%|██████▋         | 2095/5000 samples
Glacier RGI60-13.53223:  42%|██████▋         | 2100/5000 samples
Glacier RGI60-13.53223:  42%|██████▋         | 2105/5000 samples
Glacier RGI60-13.53223:  42%|██████▊         | 2110/5000 samples
Glacier RGI60-13.53223:  42%|██████▊         | 2115/5000 samples
Glacier RGI60-13.53223:  42%|██████▊         | 2120/5000 samples
Glacier RGI60-13.53223:  42%|██████▊         | 2125/5000 samples
Glacier RGI60-13.53223:  43%|██████▊         | 2130/5000 samples
Glacier RGI60-13.53223:  43%|██████▊         | 2135/5000 samples
Glacier RGI60-13.53223:  43%|██████▊         | 2140/5000 samples
Glacier RGI60-13.53223:  43%|██████▊         | 2145/5000 samples
Glacier RGI60-13.53223:  43%|██████▉         | 2150/5000 samples
Glacier RGI60-13.53223:  43%|██████▉         | 2160/5000 samples
Glacier RGI60-13.53223:  43%|██████▉         | 2155/5000 samples
Glacier RGI60-13.53223:  43%|██████▉         | 2165/5000 samples
Glacier RGI60-13.53223:  43%|██████▉         | 2170/5000 samples
Glacier RGI60-13.53223:  44%|██████▉         | 2175/5000 samples
Glacier RGI60-13.53223:  44%|██████▉         | 2180/5000 samples
Glacier RGI60-13.53223:  44%|███████         | 2190/5000 samples
Glacier RGI60-13.53223:  44%|███████         | 2195/5000 samples
Glacier RGI60-13.53223:  44%|███████         | 2200/5000 samples
Glacier RGI60-13.53223:  44%|███████         | 2205/5000 samples
Glacier RGI60-13.53223:  44%|███████         | 2210/5000 samples
Glacier RGI60-13.53223:  44%|███████         | 2215/5000 samples
Glacier RGI60-13.53223:  44%|███████         | 2220/5000 samples
Glacier RGI60-13.53223:  44%|███████         | 2225/5000 samples
Glacier RGI60-13.53223:  45%|███████▏        | 2230/5000 samples
Glacier RGI60-13.53223:  45%|███████▏        | 2235/5000 samples
Glacier RGI60-13.53223:  45%|███████▏        | 2245/5000 samples
Glacier RGI60-13.53223:  45%|███████▏        | 2250/5000 samples
Glacier RGI60-13.53223:  45%|███████▏        | 2255/5000 samples
Glacier RGI60-13.53223:  45%|███████▏        | 2260/5000 samples
Glacier RGI60-13.53223:  45%|███████▏        | 2265/5000 samples
Glacier RGI60-13.53223:  45%|███████▎        | 2270/5000 samples
Glacier RGI60-13.53223:  46%|███████▎        | 2275/5000 samples
Glacier RGI60-13.53223:  46%|███████▎        | 2280/5000 samples
Glacier RGI60-13.53223:  46%|███████▎        | 2285/5000 samples
Glacier RGI60-13.53223:  46%|███████▎        | 2290/5000 samples
Glacier RGI60-13.53223:  46%|███████▎        | 2300/5000 samples
Glacier RGI60-13.53223:  46%|███████▍        | 2305/5000 samples
Glacier RGI60-13.53223:  46%|███████▍        | 2310/5000 samples
Glacier RGI60-13.53223:  46%|███████▍        | 2315/5000 samples
Glacier RGI60-13.53223:  46%|███████▍        | 2320/5000 samples
Glacier RGI60-13.53223:  46%|███████▍        | 2325/5000 samples
Glacier RGI60-13.53223:  47%|███████▍        | 2330/5000 samples
Glacier RGI60-13.53223:  47%|███████▍        | 2335/5000 samples
Glacier RGI60-13.53223:  47%|███████▍        | 2340/5000 samples
Glacier RGI60-13.53223:  47%|███████▌        | 2345/5000 samples
Glacier RGI60-13.53223:  47%|███████▌        | 2350/5000 samples
Glacier RGI60-13.53223:  47%|███████▌        | 2355/5000 samples
Glacier RGI60-13.53223:  47%|███████▌        | 2370/5000 samples
Glacier RGI60-13.53223:  48%|███████▌        | 2375/5000 samples
Glacier RGI60-13.53223:  48%|███████▌        | 2380/5000 samples
Glacier RGI60-13.53223:  48%|███████▋        | 2385/5000 samples
Glacier RGI60-13.53223:  48%|███████▋        | 2390/5000 samples
Glacier RGI60-13.53223:  48%|███████▋        | 2395/5000 samples
Glacier RGI60-13.53223:  48%|███████▋        | 2400/5000 samples
Glacier RGI60-13.53223:  48%|███████▋        | 2405/5000 samples
Glacier RGI60-13.53223:  48%|███████▋        | 2410/5000 samples
Glacier RGI60-13.53223:  48%|███████▋        | 2420/5000 samples
Glacier RGI60-13.53223:  48%|███████▊        | 2425/5000 samples
Glacier RGI60-13.53223:  49%|███████▊        | 2430/5000 samples
Glacier RGI60-13.53223:  49%|███████▊        | 2440/5000 samples
Glacier RGI60-13.53223:  49%|███████▊        | 2445/5000 samples
Glacier RGI60-13.53223:  49%|███████▊        | 2450/5000 samples
Glacier RGI60-13.53223:  49%|███████▊        | 2455/5000 samples
Glacier RGI60-13.53223:  49%|███████▉        | 2465/5000 samples
Glacier RGI60-13.53223:  49%|███████▉        | 2470/5000 samples
Glacier RGI60-13.53223:  50%|███████▉        | 2480/5000 samples
Glacier RGI60-13.53223:  50%|███████▉        | 2485/5000 samples
Glacier RGI60-13.53223:  50%|███████▉        | 2490/5000 samples
Glacier RGI60-13.53223:  50%|███████▉        | 2495/5000 samples
Glacier RGI60-13.53223:  50%|████████        | 2500/5000 samples
Glacier RGI60-13.53223:  50%|████████        | 2505/5000 samples
Glacier RGI60-13.53223:  50%|████████        | 2510/5000 samples
Glacier RGI60-13.53223:  50%|████████        | 2515/5000 samples
Glacier RGI60-13.53223:  50%|████████        | 2520/5000 samples
Glacier RGI60-13.53223:  50%|████████        | 2525/5000 samples
Glacier RGI60-13.53223:  51%|████████        | 2530/5000 samples
Glacier RGI60-13.53223:  51%|████████        | 2535/5000 samples
Glacier RGI60-13.53223:  51%|████████▏       | 2540/5000 samples
Glacier RGI60-13.53223:  51%|████████▏       | 2550/5000 samples
Glacier RGI60-13.53223:  51%|████████▏       | 2555/5000 samples
Glacier RGI60-13.53223:  51%|████████▏       | 2560/5000 samples
Glacier RGI60-13.53223:  51%|████████▏       | 2565/5000 samples
Glacier RGI60-13.53223:  51%|████████▏       | 2570/5000 samples
Glacier RGI60-13.53223:  52%|████████▏       | 2575/5000 samples
Glacier RGI60-13.53223:  52%|████████▎       | 2580/5000 samples
Glacier RGI60-13.53223:  52%|████████▎       | 2585/5000 samples
Glacier RGI60-13.53223:  52%|████████▎       | 2595/5000 samples
Glacier RGI60-13.53223:  52%|████████▎       | 2600/5000 samples
Glacier RGI60-13.53223:  52%|████████▎       | 2605/5000 samples
Glacier RGI60-13.53223:  52%|████████▎       | 2615/5000 samples
Glacier RGI60-13.53223:  52%|████████▍       | 2620/5000 samples
Glacier RGI60-13.53223:  52%|████████▍       | 2625/5000 samples
Glacier RGI60-13.53223:  53%|████████▍       | 2630/5000 samples
Glacier RGI60-13.53223:  53%|████████▍       | 2635/5000 samples
Glacier RGI60-13.53223:  53%|████████▍       | 2640/5000 samples
Glacier RGI60-13.53223:  53%|████████▍       | 2645/5000 samples
Glacier RGI60-13.53223:  53%|████████▍       | 2655/5000 samples
Glacier RGI60-13.53223:  53%|████████▌       | 2660/5000 samples
Glacier RGI60-13.53223:  53%|████████▌       | 2665/5000 samples
Glacier RGI60-13.53223:  53%|████████▌       | 2670/5000 samples
Glacier RGI60-13.53223:  54%|████████▌       | 2680/5000 samples
Glacier RGI60-13.53223:  54%|████████▌       | 2685/5000 samples
Glacier RGI60-13.53223:  54%|████████▌       | 2690/5000 samples
Glacier RGI60-13.53223:  54%|████████▌       | 2695/5000 samples
Glacier RGI60-13.53223:  54%|████████▋       | 2700/5000 samples
Glacier RGI60-13.53223:  54%|████████▋       | 2705/5000 samples
Glacier RGI60-13.53223:  54%|████████▋       | 2710/5000 samples
Glacier RGI60-13.53223:  54%|████████▋       | 2715/5000 samples
Glacier RGI60-13.53223:  54%|████████▋       | 2720/5000 samples
Glacier RGI60-13.53223:  55%|████████▋       | 2725/5000 samples
Glacier RGI60-13.53223:  55%|████████▋       | 2730/5000 samples
Glacier RGI60-13.53223:  55%|████████▊       | 2735/5000 samples
Glacier RGI60-13.53223:  55%|████████▊       | 2740/5000 samples
Glacier RGI60-13.53223:  55%|████████▊       | 2745/5000 samples
Glacier RGI60-13.53223:  55%|████████▊       | 2755/5000 samples
Glacier RGI60-13.53223:  55%|████████▊       | 2760/5000 samples
Glacier RGI60-13.53223:  56%|████████▉       | 2775/5000 samples
Glacier RGI60-13.53223:  56%|████████▉       | 2785/5000 samples
Glacier RGI60-13.53223:  56%|████████▉       | 2795/5000 samples
Glacier RGI60-13.53223:  56%|████████▉       | 2790/5000 samples
Glacier RGI60-13.53223:  56%|████████▉       | 2805/5000 samples
Glacier RGI60-13.53223:  56%|█████████       | 2820/5000 samples
Glacier RGI60-13.53223:  56%|█████████       | 2815/5000 samples
Glacier RGI60-13.53223:  56%|█████████       | 2825/5000 samples
Glacier RGI60-13.53223:  57%|█████████       | 2830/5000 samples
Glacier RGI60-13.53223:  57%|█████████       | 2840/5000 samples
Glacier RGI60-13.53223:  57%|█████████       | 2845/5000 samples
Glacier RGI60-13.53223:  57%|█████████▏      | 2855/5000 samples
Glacier RGI60-13.53223:  57%|█████████▏      | 2860/5000 samples
Glacier RGI60-13.53223:  57%|█████████▏      | 2865/5000 samples
Glacier RGI60-13.53223:  57%|█████████▏      | 2875/5000 samples
Glacier RGI60-13.53223:  58%|█████████▏      | 2880/5000 samples
Glacier RGI60-13.53223:  58%|█████████▏      | 2885/5000 samples
Glacier RGI60-13.53223:  58%|█████████▏      | 2890/5000 samples
Glacier RGI60-13.53223:  58%|█████████▎      | 2895/5000 samples
Glacier RGI60-13.53223:  58%|█████████▎      | 2905/5000 samples
Glacier RGI60-13.53223:  58%|█████████▎      | 2915/5000 samples
Glacier RGI60-13.53223:  58%|█████████▎      | 2920/5000 samples
Glacier RGI60-13.53223:  59%|█████████▍      | 2930/5000 samples
Glacier RGI60-13.53223:  59%|█████████▍      | 2940/5000 samples
Glacier RGI60-13.53223:  59%|█████████▍      | 2945/5000 samples
Glacier RGI60-13.53223:  59%|█████████▍      | 2955/5000 samples
Glacier RGI60-13.53223:  59%|█████████▍      | 2960/5000 samples
Glacier RGI60-13.53223:  59%|█████████▌      | 2970/5000 samples
Glacier RGI60-13.53223:  59%|█████████▍      | 2965/5000 samples
Glacier RGI60-13.53223:  60%|█████████▌      | 2975/5000 samples
Glacier RGI60-13.53223:  60%|█████████▌      | 2980/5000 samples
Glacier RGI60-13.53223:  60%|█████████▌      | 2990/5000 samples
Glacier RGI60-13.53223:  60%|█████████▌      | 2995/5000 samples
Glacier RGI60-13.53223:  60%|█████████▌      | 3005/5000 samples
Glacier RGI60-13.53223:  60%|█████████▋      | 3010/5000 samples
Glacier RGI60-13.53223:  60%|█████████▋      | 3015/5000 samples
Glacier RGI60-13.53223:  60%|█████████▋      | 3020/5000 samples
Glacier RGI60-13.53223:  60%|█████████▋      | 3025/5000 samples
Glacier RGI60-13.53223:  61%|█████████▋      | 3030/5000 samples
Glacier RGI60-13.53223:  61%|█████████▋      | 3035/5000 samples
Glacier RGI60-13.53223:  61%|█████████▋      | 3045/5000 samples
Glacier RGI60-13.53223:  61%|█████████▊      | 3055/5000 samples
Glacier RGI60-13.53223:  61%|█████████▊      | 3060/5000 samples
Glacier RGI60-13.53223:  61%|█████████▊      | 3065/5000 samples
Glacier RGI60-13.53223:  62%|█████████▊      | 3075/5000 samples
Glacier RGI60-13.53223:  62%|█████████▊      | 3080/5000 samples
Glacier RGI60-13.53223:  62%|█████████▊      | 3085/5000 samples
Glacier RGI60-13.53223:  62%|█████████▉      | 3090/5000 samples
Glacier RGI60-13.53223:  62%|█████████▉      | 3100/5000 samples
Glacier RGI60-13.53223:  62%|█████████▉      | 3105/5000 samples
Glacier RGI60-13.53223:  62%|█████████▉      | 3115/5000 samples
Glacier RGI60-13.53223:  62%|█████████▉      | 3120/5000 samples
Glacier RGI60-13.53223:  62%|██████████      | 3125/5000 samples
Glacier RGI60-13.53223:  63%|██████████      | 3130/5000 samples
Glacier RGI60-13.53223:  63%|██████████      | 3135/5000 samples
Glacier RGI60-13.53223:  63%|██████████      | 3140/5000 samples
Glacier RGI60-13.53223:  63%|██████████      | 3145/5000 samples
Glacier RGI60-13.53223:  63%|██████████      | 3150/5000 samples
Glacier RGI60-13.53223:  63%|██████████      | 3160/5000 samples
Glacier RGI60-13.53223:  63%|██████████▏     | 3165/5000 samples
Glacier RGI60-13.53223:  63%|██████████▏     | 3170/5000 samples
Glacier RGI60-13.53223:  64%|██████████▏     | 3180/5000 samples
Glacier RGI60-13.53223:  64%|██████████▏     | 3185/5000 samples
Glacier RGI60-13.53223:  64%|██████████▏     | 3190/5000 samples
Glacier RGI60-13.53223:  64%|██████████▏     | 3195/5000 samples
Glacier RGI60-13.53223:  64%|██████████▏     | 3200/5000 samples
Glacier RGI60-13.53223:  64%|██████████▎     | 3205/5000 samples
Glacier RGI60-13.53223:  64%|██████████▎     | 3210/5000 samples
Glacier RGI60-13.53223:  64%|██████████▎     | 3215/5000 samples
Glacier RGI60-13.53223:  64%|██████████▎     | 3225/5000 samples
Glacier RGI60-13.53223:  64%|██████████▎     | 3220/5000 samples
Glacier RGI60-13.53223:  65%|██████████▎     | 3230/5000 samples
Glacier RGI60-13.53223:  65%|██████████▎     | 3235/5000 samples
Glacier RGI60-13.53223:  65%|██████████▍     | 3245/5000 samples
Glacier RGI60-13.53223:  65%|██████████▍     | 3250/5000 samples
Glacier RGI60-13.53223:  65%|██████████▍     | 3255/5000 samples
Glacier RGI60-13.53223:  65%|██████████▍     | 3260/5000 samples
Glacier RGI60-13.53223:  65%|██████████▍     | 3265/5000 samples
Glacier RGI60-13.53223:  65%|██████████▍     | 3270/5000 samples
Glacier RGI60-13.53223:  66%|██████████▍     | 3275/5000 samples
Glacier RGI60-13.53223:  66%|██████████▌     | 3285/5000 samples
Glacier RGI60-13.53223:  66%|██████████▌     | 3290/5000 samples
Glacier RGI60-13.53223:  66%|██████████▌     | 3295/5000 samples
Glacier RGI60-13.53223:  66%|██████████▌     | 3305/5000 samples
Glacier RGI60-13.53223:  66%|██████████▌     | 3315/5000 samples
Glacier RGI60-13.53223:  66%|██████████▌     | 3320/5000 samples
Glacier RGI60-13.53223:  67%|██████████▋     | 3330/5000 samples
Glacier RGI60-13.53223:  67%|██████████▋     | 3340/5000 samples
Glacier RGI60-13.53223:  67%|██████████▋     | 3345/5000 samples
Glacier RGI60-13.53223:  67%|██████████▋     | 3350/5000 samples
Glacier RGI60-13.53223:  67%|██████████▋     | 3355/5000 samples
Glacier RGI60-13.53223:  67%|██████████▊     | 3360/5000 samples
Glacier RGI60-13.53223:  67%|██████████▊     | 3370/5000 samples
Glacier RGI60-13.53223:  68%|██████████▊     | 3375/5000 samples
Glacier RGI60-13.53223:  68%|██████████▊     | 3380/5000 samples
Glacier RGI60-13.53223:  68%|██████████▊     | 3390/5000 samples
Glacier RGI60-13.53223:  68%|██████████▊     | 3395/5000 samples
Glacier RGI60-13.53223:  68%|██████████▉     | 3400/5000 samples
Glacier RGI60-13.53223:  68%|██████████▉     | 3405/5000 samples
Glacier RGI60-13.53223:  68%|██████████▉     | 3410/5000 samples
Glacier RGI60-13.53223:  68%|██████████▉     | 3415/5000 samples
Glacier RGI60-13.53223:  68%|██████████▉     | 3420/5000 samples
Glacier RGI60-13.53223:  68%|██████████▉     | 3425/5000 samples
Glacier RGI60-13.53223:  69%|██████████▉     | 3430/5000 samples
Glacier RGI60-13.53223:  69%|██████████▉     | 3435/5000 samples
Glacier RGI60-13.53223:  69%|███████████     | 3440/5000 samples
Glacier RGI60-13.53223:  69%|███████████     | 3445/5000 samples
Glacier RGI60-13.53223:  69%|███████████     | 3450/5000 samples
Glacier RGI60-13.53223:  69%|███████████     | 3455/5000 samples
Glacier RGI60-13.53223:  69%|███████████     | 3460/5000 samples
Glacier RGI60-13.53223:  69%|███████████     | 3470/5000 samples
Glacier RGI60-13.53223:  70%|███████████▏    | 3490/5000 samples
Glacier RGI60-13.53223:  70%|███████████▏    | 3495/5000 samples
Glacier RGI60-13.53223:  70%|███████████▏    | 3500/5000 samples
Glacier RGI60-13.53223:  70%|███████████▏    | 3505/5000 samples
Glacier RGI60-13.53223:  70%|███████████▏    | 3510/5000 samples
Glacier RGI60-13.53223:  70%|███████████▎    | 3525/5000 samples
Glacier RGI60-13.53223:  71%|███████████▎    | 3530/5000 samples
Glacier RGI60-13.53223:  71%|███████████▎    | 3540/5000 samples
Glacier RGI60-13.53223:  71%|███████████▎    | 3535/5000 samples
Glacier RGI60-13.53223:  71%|███████████▎    | 3550/5000 samples
Glacier RGI60-13.53223:  71%|███████████▍    | 3555/5000 samples
Glacier RGI60-13.53223:  71%|███████████▍    | 3560/5000 samples
Glacier RGI60-13.53223:  71%|███████████▍    | 3565/5000 samples
Glacier RGI60-13.53223:  71%|███████████▍    | 3570/5000 samples
Glacier RGI60-13.53223:  72%|███████████▍    | 3575/5000 samples
Glacier RGI60-13.53223:  72%|███████████▍    | 3585/5000 samples
Glacier RGI60-13.53223:  72%|███████████▍    | 3590/5000 samples
Glacier RGI60-13.53223:  72%|███████████▌    | 3595/5000 samples
Glacier RGI60-13.53223:  72%|███████████▌    | 3600/5000 samples
Glacier RGI60-13.53223:  72%|███████████▌    | 3605/5000 samples
Glacier RGI60-13.53223:  72%|███████████▌    | 3610/5000 samples
Glacier RGI60-13.53223:  72%|███████████▌    | 3620/5000 samples
Glacier RGI60-13.53223:  72%|███████████▌    | 3625/5000 samples
Glacier RGI60-13.53223:  73%|███████████▌    | 3630/5000 samples
Glacier RGI60-13.53223:  73%|███████████▋    | 3635/5000 samples
Glacier RGI60-13.53223:  73%|███████████▋    | 3640/5000 samples
Glacier RGI60-13.53223:  73%|███████████▋    | 3645/5000 samples
Glacier RGI60-13.53223:  73%|███████████▋    | 3650/5000 samples
Glacier RGI60-13.53223:  73%|███████████▋    | 3655/5000 samples
Glacier RGI60-13.53223:  73%|███████████▋    | 3665/5000 samples
Glacier RGI60-13.53223:  73%|███████████▋    | 3670/5000 samples
Glacier RGI60-13.53223:  74%|███████████▊    | 3675/5000 samples
Glacier RGI60-13.53223:  74%|███████████▊    | 3680/5000 samples
Glacier RGI60-13.53223:  74%|███████████▊    | 3685/5000 samples
Glacier RGI60-13.53223:  74%|███████████▊    | 3695/5000 samples
Glacier RGI60-13.53223:  74%|███████████▊    | 3700/5000 samples
Glacier RGI60-13.53223:  74%|███████████▊    | 3705/5000 samples
Glacier RGI60-13.53223:  74%|███████████▊    | 3710/5000 samples
Glacier RGI60-13.53223:  74%|███████████▉    | 3715/5000 samples
Glacier RGI60-13.53223:  74%|███████████▉    | 3720/5000 samples
Glacier RGI60-13.53223:  75%|███████████▉    | 3730/5000 samples
Glacier RGI60-13.53223:  75%|███████████▉    | 3735/5000 samples
Glacier RGI60-13.53223:  75%|███████████▉    | 3745/5000 samples
Glacier RGI60-13.53223:  75%|████████████    | 3750/5000 samples
Glacier RGI60-13.53223:  75%|████████████    | 3755/5000 samples
Glacier RGI60-13.53223:  75%|████████████    | 3760/5000 samples
Glacier RGI60-13.53223:  75%|████████████    | 3765/5000 samples
Glacier RGI60-13.53223:  75%|████████████    | 3770/5000 samples
Glacier RGI60-13.53223:  76%|████████████    | 3775/5000 samples
Glacier RGI60-13.53223:  76%|████████████    | 3780/5000 samples
Glacier RGI60-13.53223:  76%|████████████    | 3785/5000 samples
Glacier RGI60-13.53223:  76%|████████████▏   | 3790/5000 samples
Glacier RGI60-13.53223:  76%|████████████▏   | 3795/5000 samples
Glacier RGI60-13.53223:  76%|████████████▏   | 3815/5000 samples
Glacier RGI60-13.53223:  76%|████████████▏   | 3820/5000 samples
Glacier RGI60-13.53223:  76%|████████████▏   | 3825/5000 samples
Glacier RGI60-13.53223:  77%|████████████▎   | 3830/5000 samples
Glacier RGI60-13.53223:  77%|████████████▎   | 3835/5000 samples
Glacier RGI60-13.53223:  77%|████████████▎   | 3840/5000 samples
Glacier RGI60-13.53223:  77%|████████████▎   | 3845/5000 samples
Glacier RGI60-13.53223:  77%|████████████▎   | 3850/5000 samples
Glacier RGI60-13.53223:  77%|████████████▎   | 3855/5000 samples
Glacier RGI60-13.53223:  77%|████████████▎   | 3860/5000 samples
Glacier RGI60-13.53223:  77%|████████████▎   | 3865/5000 samples
Glacier RGI60-13.53223:  78%|████████████▍   | 3875/5000 samples
Glacier RGI60-13.53223:  78%|████████████▍   | 3880/5000 samples
Glacier RGI60-13.53223:  78%|████████████▍   | 3885/5000 samples
Glacier RGI60-13.53223:  78%|████████████▍   | 3890/5000 samples
Glacier RGI60-13.53223:  78%|████████████▍   | 3895/5000 samples
Glacier RGI60-13.53223:  78%|████████████▍   | 3905/5000 samples
Glacier RGI60-13.53223:  78%|████████████▍   | 3900/5000 samples
Glacier RGI60-13.53223:  78%|████████████▌   | 3910/5000 samples
Glacier RGI60-13.53223:  78%|████████████▌   | 3915/5000 samples
Glacier RGI60-13.53223:  78%|████████████▌   | 3920/5000 samples
Glacier RGI60-13.53223:  78%|████████████▌   | 3925/5000 samples
Glacier RGI60-13.53223:  79%|████████████▌   | 3930/5000 samples
Glacier RGI60-13.53223:  79%|████████████▌   | 3935/5000 samples
Glacier RGI60-13.53223:  79%|████████████▌   | 3940/5000 samples
Glacier RGI60-13.53223:  79%|████████████▋   | 3950/5000 samples
Glacier RGI60-13.53223:  79%|████████████▋   | 3955/5000 samples
Glacier RGI60-13.53223:  79%|████████████▋   | 3960/5000 samples
Glacier RGI60-13.53223:  79%|████████████▋   | 3965/5000 samples
Glacier RGI60-13.53223:  79%|████████████▋   | 3970/5000 samples
Glacier RGI60-13.53223:  80%|████████████▋   | 3975/5000 samples
Glacier RGI60-13.53223:  80%|████████████▋   | 3980/5000 samples
Glacier RGI60-13.53223:  80%|████████████▊   | 3995/5000 samples
Glacier RGI60-13.53223:  80%|████████████▊   | 4010/5000 samples
Glacier RGI60-13.53223:  80%|████████████▊   | 4015/5000 samples
Glacier RGI60-13.53223:  80%|████████████▊   | 4020/5000 samples
Glacier RGI60-13.53223:  80%|████████████▉   | 4025/5000 samples
Glacier RGI60-13.53223:  81%|████████████▉   | 4030/5000 samples
Glacier RGI60-13.53223:  81%|████████████▉   | 4040/5000 samples
Glacier RGI60-13.53223:  81%|████████████▉   | 4045/5000 samples
Glacier RGI60-13.53223:  81%|████████████▉   | 4050/5000 samples
Glacier RGI60-13.53223:  81%|████████████▉   | 4055/5000 samples
Glacier RGI60-13.53223:  81%|████████████▉   | 4060/5000 samples
Glacier RGI60-13.53223:  81%|█████████████   | 4065/5000 samples
Glacier RGI60-13.53223:  82%|█████████████   | 4075/5000 samples
Glacier RGI60-13.53223:  82%|█████████████   | 4080/5000 samples
Glacier RGI60-13.53223:  82%|█████████████   | 4095/5000 samples
Glacier RGI60-13.53223:  82%|█████████████▏  | 4105/5000 samples
Glacier RGI60-13.53223:  82%|█████████████▏  | 4110/5000 samples
Glacier RGI60-13.53223:  82%|█████████████▏  | 4115/5000 samples
Glacier RGI60-13.53223:  82%|█████████████▏  | 4120/5000 samples
Glacier RGI60-13.53223:  82%|█████████████▏  | 4125/5000 samples
Glacier RGI60-13.53223:  83%|█████████████▏  | 4130/5000 samples
Glacier RGI60-13.53223:  83%|█████████████▏  | 4135/5000 samples
Glacier RGI60-13.53223:  83%|█████████████▏  | 4140/5000 samples
Glacier RGI60-13.53223:  83%|█████████████▎  | 4145/5000 samples
Glacier RGI60-13.53223:  83%|█████████████▎  | 4150/5000 samples
Glacier RGI60-13.53223:  83%|█████████████▎  | 4155/5000 samples
Glacier RGI60-13.53223:  83%|█████████████▎  | 4160/5000 samples
Glacier RGI60-13.53223:  83%|█████████████▎  | 4165/5000 samples
Glacier RGI60-13.53223:  83%|█████████████▎  | 4170/5000 samples
Glacier RGI60-13.53223:  84%|█████████████▎  | 4175/5000 samples
Glacier RGI60-13.53223:  84%|█████████████▍  | 4180/5000 samples
Glacier RGI60-13.53223:  84%|█████████████▍  | 4185/5000 samples
Glacier RGI60-13.53223:  84%|█████████████▍  | 4190/5000 samples
Glacier RGI60-13.53223:  84%|█████████████▍  | 4200/5000 samples
Glacier RGI60-13.53223:  84%|█████████████▍  | 4205/5000 samples
Glacier RGI60-13.53223:  84%|█████████████▍  | 4215/5000 samples
Glacier RGI60-13.53223:  84%|█████████████▌  | 4220/5000 samples
Glacier RGI60-13.53223:  84%|█████████████▌  | 4225/5000 samples
Glacier RGI60-13.53223:  85%|█████████████▌  | 4230/5000 samples
Glacier RGI60-13.53223:  85%|█████████████▌  | 4245/5000 samples
Glacier RGI60-13.53223:  85%|█████████████▌  | 4255/5000 samples
Glacier RGI60-13.53223:  85%|█████████████▋  | 4260/5000 samples
Glacier RGI60-13.53223:  85%|█████████████▋  | 4270/5000 samples
Glacier RGI60-13.53223:  86%|█████████████▋  | 4275/5000 samples
Glacier RGI60-13.53223:  86%|█████████████▋  | 4280/5000 samples
Glacier RGI60-13.53223:  86%|█████████████▋  | 4285/5000 samples
Glacier RGI60-13.53223:  86%|█████████████▋  | 4290/5000 samples
Glacier RGI60-13.53223:  86%|█████████████▋  | 4295/5000 samples
Glacier RGI60-13.53223:  86%|█████████████▊  | 4300/5000 samples
Glacier RGI60-13.53223:  86%|█████████████▊  | 4305/5000 samples
Glacier RGI60-13.53223:  86%|█████████████▊  | 4310/5000 samples
Glacier RGI60-13.53223:  86%|█████████████▊  | 4315/5000 samples
Glacier RGI60-13.53223:  86%|█████████████▊  | 4320/5000 samples
Glacier RGI60-13.53223:  86%|█████████████▊  | 4325/5000 samples
Glacier RGI60-13.53223:  87%|█████████████▊  | 4330/5000 samples
Glacier RGI60-13.53223:  87%|█████████████▉  | 4340/5000 samples
Glacier RGI60-13.53223:  87%|█████████████▉  | 4345/5000 samples
Glacier RGI60-13.53223:  87%|█████████████▉  | 4350/5000 samples
Glacier RGI60-13.53223:  87%|█████████████▉  | 4355/5000 samples
Glacier RGI60-13.53223:  87%|█████████████▉  | 4360/5000 samples
Glacier RGI60-13.53223:  87%|█████████████▉  | 4365/5000 samples
Glacier RGI60-13.53223:  87%|█████████████▉  | 4370/5000 samples
Glacier RGI60-13.53223:  88%|██████████████  | 4375/5000 samples
Glacier RGI60-13.53223:  88%|██████████████  | 4380/5000 samples
Glacier RGI60-13.53223:  88%|██████████████  | 4385/5000 samples
Glacier RGI60-13.53223:  88%|██████████████  | 4395/5000 samples
Glacier RGI60-13.53223:  88%|██████████████  | 4400/5000 samples
Glacier RGI60-13.53223:  88%|██████████████  | 4405/5000 samples
Glacier RGI60-13.53223:  88%|██████████████  | 4410/5000 samples
Glacier RGI60-13.53223:  88%|██████████████▏ | 4420/5000 samples
Glacier RGI60-13.53223:  88%|██████████████▏ | 4425/5000 samples
Glacier RGI60-13.53223:  89%|██████████████▏ | 4430/5000 samples
Glacier RGI60-13.53223:  89%|██████████████▏ | 4435/5000 samples
Glacier RGI60-13.53223:  89%|██████████████▏ | 4440/5000 samples
Glacier RGI60-13.53223:  89%|██████████████▏ | 4450/5000 samples
Glacier RGI60-13.53223:  89%|██████████████▎ | 4455/5000 samples
Glacier RGI60-13.53223:  89%|██████████████▎ | 4460/5000 samples
Glacier RGI60-13.53223:  89%|██████████████▎ | 4465/5000 samples
Glacier RGI60-13.53223:  90%|██████████████▎ | 4475/5000 samples
Glacier RGI60-13.53223:  90%|██████████████▎ | 4480/5000 samples
Glacier RGI60-13.53223:  90%|██████████████▎ | 4485/5000 samples
Glacier RGI60-13.53223:  90%|██████████████▎ | 4490/5000 samples
Glacier RGI60-13.53223:  90%|██████████████▍ | 4495/5000 samples
Glacier RGI60-13.53223:  90%|██████████████▍ | 4500/5000 samples
Glacier RGI60-13.53223:  90%|██████████████▍ | 4505/5000 samples
Glacier RGI60-13.53223:  90%|██████████████▍ | 4510/5000 samples
Glacier RGI60-13.53223:  90%|██████████████▍ | 4520/5000 samples
Glacier RGI60-13.53223:  90%|██████████████▍ | 4525/5000 samples
Glacier RGI60-13.53223:  91%|██████████████▍ | 4530/5000 samples
Glacier RGI60-13.53223:  91%|██████████████▌ | 4535/5000 samples
Glacier RGI60-13.53223:  91%|██████████████▌ | 4540/5000 samples
Glacier RGI60-13.53223:  91%|██████████████▌ | 4545/5000 samples
Glacier RGI60-13.53223:  91%|██████████████▌ | 4550/5000 samples
Glacier RGI60-13.53223:  91%|██████████████▌ | 4555/5000 samples
Glacier RGI60-13.53223:  91%|██████████████▌ | 4560/5000 samples
Glacier RGI60-13.53223:  91%|██████████████▌ | 4570/5000 samples
Glacier RGI60-13.53223:  92%|██████████████▋ | 4575/5000 samples
Glacier RGI60-13.53223:  92%|██████████████▋ | 4580/5000 samples
Glacier RGI60-13.53223:  92%|██████████████▋ | 4590/5000 samples
Glacier RGI60-13.53223:  92%|██████████████▋ | 4595/5000 samples
Glacier RGI60-13.53223:  92%|██████████████▋ | 4600/5000 samples
Glacier RGI60-13.53223:  92%|██████████████▋ | 4605/5000 samples
Glacier RGI60-13.53223:  92%|██████████████▊ | 4610/5000 samples
Glacier RGI60-13.53223:  92%|██████████████▊ | 4615/5000 samples
Glacier RGI60-13.53223:  92%|██████████████▊ | 4620/5000 samples
Glacier RGI60-13.53223:  92%|██████████████▊ | 4625/5000 samples
Glacier RGI60-13.53223:  93%|██████████████▊ | 4630/5000 samples
Glacier RGI60-13.53223:  93%|██████████████▊ | 4635/5000 samples
Glacier RGI60-13.53223:  93%|██████████████▊ | 4640/5000 samples
Glacier RGI60-13.53223:  93%|██████████████▊ | 4645/5000 samples
Glacier RGI60-13.53223:  93%|██████████████▉ | 4650/5000 samples
Glacier RGI60-13.53223:  93%|██████████████▉ | 4655/5000 samples
Glacier RGI60-13.53223:  93%|██████████████▉ | 4660/5000 samples
Glacier RGI60-13.53223:  93%|██████████████▉ | 4665/5000 samples
Glacier RGI60-13.53223:  93%|██████████████▉ | 4670/5000 samples
Glacier RGI60-13.53223:  94%|██████████████▉ | 4675/5000 samples
Glacier RGI60-13.53223:  94%|██████████████▉ | 4680/5000 samples
Glacier RGI60-13.53223:  94%|██████████████▉ | 4685/5000 samples
Glacier RGI60-13.53223:  94%|███████████████ | 4695/5000 samples
Glacier RGI60-13.53223:  94%|███████████████ | 4700/5000 samples
Glacier RGI60-13.53223:  94%|███████████████ | 4705/5000 samples
Glacier RGI60-13.53223:  94%|███████████████ | 4710/5000 samples
Glacier RGI60-13.53223:  94%|███████████████ | 4715/5000 samples
Glacier RGI60-13.53223:  94%|███████████████ | 4720/5000 samples
Glacier RGI60-13.53223:  94%|███████████████ | 4725/5000 samples
Glacier RGI60-13.53223:  95%|███████████████▏| 4735/5000 samples
Glacier RGI60-13.53223:  95%|███████████████▏| 4740/5000 samples
Glacier RGI60-13.53223:  95%|███████████████▏| 4745/5000 samples
Glacier RGI60-13.53223:  95%|███████████████▏| 4750/5000 samples
Glacier RGI60-13.53223:  95%|███████████████▏| 4755/5000 samples
Glacier RGI60-13.53223:  95%|███████████████▏| 4760/5000 samples
Glacier RGI60-13.53223:  95%|███████████████▏| 4765/5000 samples
Glacier RGI60-13.53223:  96%|███████████████▎| 4775/5000 samples
Glacier RGI60-13.53223:  96%|███████████████▎| 4780/5000 samples
Glacier RGI60-13.53223:  96%|███████████████▎| 4785/5000 samples
Glacier RGI60-13.53223:  96%|███████████████▎| 4790/5000 samples
Glacier RGI60-13.53223:  96%|███████████████▎| 4795/5000 samples
Glacier RGI60-13.53223:  96%|███████████████▍| 4805/5000 samples
Glacier RGI60-13.53223:  96%|███████████████▍| 4810/5000 samples
Glacier RGI60-13.53223:  96%|███████████████▍| 4820/5000 samples
Glacier RGI60-13.53223:  96%|███████████████▍| 4825/5000 samples
Glacier RGI60-13.53223:  97%|███████████████▍| 4830/5000 samples
Glacier RGI60-13.53223:  97%|███████████████▍| 4835/5000 samples
Glacier RGI60-13.53223:  97%|███████████████▍| 4840/5000 samples
Glacier RGI60-13.53223:  97%|███████████████▌| 4845/5000 samples
Glacier RGI60-13.53223:  97%|███████████████▌| 4850/5000 samples
Glacier RGI60-13.53223:  97%|███████████████▌| 4860/5000 samples
Glacier RGI60-13.53223:  97%|███████████████▌| 4855/5000 samples
Glacier RGI60-13.53223:  97%|███████████████▌| 4865/5000 samples
Glacier RGI60-13.53223:  97%|███████████████▌| 4870/5000 samples
Glacier RGI60-13.53223:  98%|███████████████▌| 4875/5000 samples
Glacier RGI60-13.53223:  98%|███████████████▌| 4880/5000 samples
Glacier RGI60-13.53223:  98%|███████████████▋| 4885/5000 samples
Glacier RGI60-13.53223:  98%|███████████████▋| 4890/5000 samples
Glacier RGI60-13.53223:  98%|███████████████▋| 4895/5000 samples
Glacier RGI60-13.53223:  98%|███████████████▋| 4900/5000 samples
Glacier RGI60-13.53223:  98%|███████████████▋| 4905/5000 samples
Glacier RGI60-13.53223:  98%|███████████████▋| 4910/5000 samples
Glacier RGI60-13.53223:  98%|███████████████▋| 4915/5000 samples
Glacier RGI60-13.53223:  98%|███████████████▊| 4925/5000 samples
Glacier RGI60-13.53223:  99%|███████████████▊| 4930/5000 samples
Glacier RGI60-13.53223:  99%|███████████████▊| 4935/5000 samples
Glacier RGI60-13.53223:  99%|███████████████▊| 4940/5000 samples
Glacier RGI60-13.53223:  99%|███████████████▊| 4945/5000 samples
Glacier RGI60-13.53223:  99%|███████████████▊| 4950/5000 samples
Glacier RGI60-13.53223:  99%|███████████████▊| 4955/5000 samples
Glacier RGI60-13.53223:  99%|███████████████▊| 4960/5000 samples
Glacier RGI60-13.53223:  99%|███████████████▉| 4965/5000 samples
Glacier RGI60-13.53223: 100%|███████████████▉| 4980/5000 samples
Glacier RGI60-13.53223: 100%|███████████████▉| 4975/5000 samples
Glacier RGI60-13.53223: 100%|███████████████▉| 4995/5000 samples
Glacier RGI60-13.53223: 100%|███████████████▉| 4990/5000 samples
Glacier RGI60-13.53223: 100%|████████████████| 5000/5000 samples
Simulations completed for glacier:  RGI60-13.53223
Copying files...
sending incremental file list
created directory glacier_outs/prior/RGI60-13.53223
./
0_output.csv
0_params.csv
1000_output.csv
1000_params.csv
1001_output.csv
1001_params.csv
1002_output.csv
1002_params.csv
1003_output.csv
1003_params.csv
1004_output.csv
1004_params.csv
1005_output.csv
1005_params.csv
1006_output.csv
1006_params.csv
1007_params.csv
1008_output.csv
1008_params.csv
1009_output.csv
1009_params.csv
100_output.csv
100_params.csv
1010_params.csv
1011_output.csv
1011_params.csv
1012_output.csv
1012_params.csv
1013_output.csv
1013_params.csv
1014_output.csv
1014_params.csv
1015_output.csv
1015_params.csv
1016_output.csv
1016_params.csv
1017_output.csv
1017_params.csv
1018_output.csv
1018_params.csv
1019_output.csv
1019_params.csv
101_output.csv
101_params.csv
1020_output.csv
1020_params.csv
1021_output.csv
1021_params.csv
1022_output.csv
1022_params.csv
1023_output.csv
1023_params.csv
1024_output.csv
1024_params.csv
1025_output.csv
1025_params.csv
1026_params.csv
1027_output.csv
1027_params.csv
1028_output.csv
1028_params.csv
1029_output.csv
1029_params.csv
102_output.csv
102_params.csv
1030_params.csv
1031_output.csv
1031_params.csv
1032_output.csv
1032_params.csv
1033_output.csv
1033_params.csv
1034_params.csv
1035_output.csv
1035_params.csv
1036_output.csv
1036_params.csv
1037_output.csv
1037_params.csv
1038_output.csv
1038_params.csv
1039_output.csv
1039_params.csv
103_output.csv
103_params.csv
1040_output.csv
1040_params.csv
1041_output.csv
1041_params.csv
1042_params.csv
1043_output.csv
1043_params.csv
1044_output.csv
1044_params.csv
1045_output.csv
1045_params.csv
1046_output.csv
1046_params.csv
1047_params.csv
1048_output.csv
1048_params.csv
1049_output.csv
1049_params.csv
104_output.csv
104_params.csv
1050_output.csv
1050_params.csv
1051_output.csv
1051_params.csv
1052_output.csv
1052_params.csv
1053_output.csv
1053_params.csv
1054_params.csv
1055_output.csv
1055_params.csv
1056_params.csv
1057_output.csv
1057_params.csv
1058_params.csv
1059_output.csv
1059_params.csv
105_output.csv
105_params.csv
1060_params.csv
1061_params.csv
1062_output.csv
1062_params.csv
1063_output.csv
1063_params.csv
1064_output.csv
1064_params.csv
1065_output.csv
1065_params.csv
1066_output.csv
1066_params.csv
1067_output.csv
1067_params.csv
1068_output.csv
1068_params.csv
1069_output.csv
1069_params.csv
106_output.csv
106_params.csv
1070_params.csv
1071_output.csv
1071_params.csv
1072_output.csv
1072_params.csv
1073_output.csv
1073_params.csv
1074_output.csv
1074_params.csv
1075_params.csv
1076_output.csv
1076_params.csv
1077_params.csv
1078_output.csv
1078_params.csv
1079_output.csv
1079_params.csv
107_output.csv
107_params.csv
1080_output.csv
1080_params.csv
1081_output.csv
1081_params.csv
1082_output.csv
1082_params.csv
1083_params.csv
1084_output.csv
1084_params.csv
1085_output.csv
1085_params.csv
1086_output.csv
1086_params.csv
1087_output.csv
1087_params.csv
1088_output.csv
1088_params.csv
1089_output.csv
1089_params.csv
108_output.csv
108_params.csv
1090_output.csv
1090_params.csv
1091_output.csv
1091_params.csv
1092_params.csv
1093_output.csv
1093_params.csv
1094_output.csv
1094_params.csv
1095_output.csv
1095_params.csv
1096_output.csv
1096_params.csv
1097_output.csv
1097_params.csv
1098_output.csv
1098_params.csv
1099_output.csv
1099_params.csv
109_output.csv
109_params.csv
10_params.csv
1100_output.csv
1100_params.csv
1101_output.csv
1101_params.csv
1102_output.csv
1102_params.csv
1103_output.csv
1103_params.csv
1104_output.csv
1104_params.csv
1105_output.csv
1105_params.csv
1106_params.csv
1107_output.csv
1107_params.csv
1108_output.csv
1108_params.csv
1109_output.csv
1109_params.csv
110_output.csv
110_params.csv
1110_output.csv
1110_params.csv
1111_output.csv
1111_params.csv
1112_output.csv
1112_params.csv
1113_output.csv
1113_params.csv
1114_output.csv
1114_params.csv
1115_params.csv
1116_output.csv
1116_params.csv
1117_output.csv
1117_params.csv
1118_output.csv
1118_params.csv
1119_params.csv
111_output.csv
111_params.csv
1120_output.csv
1120_params.csv
1121_output.csv
1121_params.csv
1122_output.csv
1122_params.csv
1123_output.csv
1123_params.csv
1124_output.csv
1124_params.csv
1125_params.csv
1126_output.csv
1126_params.csv
1127_output.csv
1127_params.csv
1128_output.csv
1128_params.csv
1129_output.csv
1129_params.csv
112_output.csv
112_params.csv
1130_output.csv
1130_params.csv
1131_output.csv
1131_params.csv
1132_output.csv
1132_params.csv
1133_output.csv
1133_params.csv
1134_output.csv
1134_params.csv
1135_output.csv
1135_params.csv
1136_output.csv
1136_params.csv
1137_output.csv
1137_params.csv
1138_output.csv
1138_params.csv
1139_output.csv
1139_params.csv
113_output.csv
113_params.csv
1140_params.csv
1141_output.csv
1141_params.csv
1142_output.csv
1142_params.csv
1143_output.csv
1143_params.csv
1144_output.csv
1144_params.csv
1145_output.csv
1145_params.csv
1146_output.csv
1146_params.csv
1147_output.csv
1147_params.csv
1148_output.csv
1148_params.csv
1149_output.csv
1149_params.csv
114_output.csv
114_params.csv
1150_output.csv
1150_params.csv
1151_params.csv
1152_output.csv
1152_params.csv
1153_output.csv
1153_params.csv
1154_output.csv
1154_params.csv
1155_output.csv
1155_params.csv
1156_params.csv
1157_output.csv
1157_params.csv
1158_output.csv
1158_params.csv
1159_output.csv
1159_params.csv
115_output.csv
115_params.csv
1160_output.csv
1160_params.csv
1161_output.csv
1161_params.csv
1162_params.csv
1163_output.csv
1163_params.csv
1164_output.csv
1164_params.csv
1165_output.csv
1165_params.csv
1166_output.csv
1166_params.csv
1167_output.csv
1167_params.csv
1168_output.csv
1168_params.csv
1169_output.csv
1169_params.csv
116_output.csv
116_params.csv
1170_params.csv
1171_output.csv
1171_params.csv
1172_output.csv
1172_params.csv
1173_params.csv
1174_output.csv
1174_params.csv
1175_output.csv
1175_params.csv
1176_output.csv
1176_params.csv
1177_output.csv
1177_params.csv
1178_output.csv
1178_params.csv
1179_params.csv
117_output.csv
117_params.csv
1180_output.csv
1180_params.csv
1181_output.csv
1181_params.csv
1182_output.csv
1182_params.csv
1183_output.csv
1183_params.csv
1184_output.csv
1184_params.csv
1185_output.csv
1185_params.csv
1186_params.csv
1187_output.csv
1187_params.csv
1188_params.csv
1189_params.csv
118_params.csv
1190_output.csv
1190_params.csv
1191_output.csv
1191_params.csv
1192_output.csv
1192_params.csv
1193_params.csv
1194_output.csv
1194_params.csv
1195_output.csv
1195_params.csv
1196_params.csv
1197_output.csv
1197_params.csv
1198_output.csv
1198_params.csv
1199_output.csv
1199_params.csv
119_output.csv
119_params.csv
11_output.csv
11_params.csv
1200_output.csv
1200_params.csv
1201_output.csv
1201_params.csv
1202_output.csv
1202_params.csv
1203_params.csv
1204_output.csv
1204_params.csv
1205_params.csv
1206_params.csv
1207_output.csv
1207_params.csv
1208_output.csv
1208_params.csv
1209_output.csv
1209_params.csv
120_output.csv
120_params.csv
1210_output.csv
1210_params.csv
1211_output.csv
1211_params.csv
1212_output.csv
1212_params.csv
1213_output.csv
1213_params.csv
1214_output.csv
1214_params.csv
1215_output.csv
1215_params.csv
1216_output.csv
1216_params.csv
1217_params.csv
1218_output.csv
1218_params.csv
1219_output.csv
1219_params.csv
121_output.csv
121_params.csv
1220_output.csv
1220_params.csv
1221_output.csv
1221_params.csv
1222_output.csv
1222_params.csv
1223_output.csv
1223_params.csv
1224_output.csv
1224_params.csv
1225_output.csv
1225_params.csv
1226_output.csv
1226_params.csv
1227_output.csv
1227_params.csv
1228_params.csv
1229_output.csv
1229_params.csv
122_params.csv
1230_output.csv
1230_params.csv
1231_output.csv
1231_params.csv
1232_output.csv
1232_params.csv
1233_output.csv
1233_params.csv
1234_output.csv
1234_params.csv
1235_output.csv
1235_params.csv
1236_output.csv
1236_params.csv
1237_output.csv
1237_params.csv
1238_output.csv
1238_params.csv
1239_output.csv
1239_params.csv
123_output.csv
123_params.csv
1240_output.csv
1240_params.csv
1241_output.csv
1241_params.csv
1242_output.csv
1242_params.csv
1243_output.csv
1243_params.csv
1244_output.csv
1244_params.csv
1245_params.csv
1246_output.csv
1246_params.csv
1247_output.csv
1247_params.csv
1248_output.csv
1248_params.csv
1249_output.csv
1249_params.csv
124_output.csv
124_params.csv
1250_output.csv
1250_params.csv
1251_output.csv
1251_params.csv
1252_output.csv
1252_params.csv
1253_output.csv
1253_params.csv
1254_output.csv
1254_params.csv
1255_output.csv
1255_params.csv
1256_params.csv
1257_output.csv
1257_params.csv
1258_output.csv
1258_params.csv
1259_output.csv
1259_params.csv
125_params.csv
1260_output.csv
1260_params.csv
1261_output.csv
1261_params.csv
1262_output.csv
1262_params.csv
1263_params.csv
1264_params.csv
1265_output.csv
1265_params.csv
1266_output.csv
1266_params.csv
1267_output.csv
1267_params.csv
1268_output.csv
1268_params.csv
1269_output.csv
1269_params.csv
126_output.csv
126_params.csv
1270_output.csv
1270_params.csv
1271_output.csv
1271_params.csv
1272_output.csv
1272_params.csv
1273_output.csv
1273_params.csv
1274_output.csv
1274_params.csv
1275_output.csv
1275_params.csv
1276_output.csv
1276_params.csv
1277_output.csv
1277_params.csv
1278_output.csv
1278_params.csv
1279_params.csv
127_params.csv
1280_output.csv
1280_params.csv
1281_output.csv
1281_params.csv
1282_output.csv
1282_params.csv
1283_output.csv
1283_params.csv
1284_output.csv
1284_params.csv
1285_output.csv
1285_params.csv
1286_output.csv
1286_params.csv
1287_output.csv
1287_params.csv
1288_output.csv
1288_params.csv
1289_output.csv
1289_params.csv
128_output.csv
128_params.csv
1290_output.csv
1290_params.csv
1291_output.csv
1291_params.csv
1292_output.csv
1292_params.csv
1293_output.csv
1293_params.csv
1294_params.csv
1295_params.csv
1296_output.csv
1296_params.csv
1297_output.csv
1297_params.csv
1298_output.csv
1298_params.csv
1299_params.csv
129_output.csv
129_params.csv
12_output.csv
12_params.csv
1300_output.csv
1300_params.csv
1301_output.csv
1301_params.csv
1302_output.csv
1302_params.csv
1303_output.csv
1303_params.csv
1304_output.csv
1304_params.csv
1305_output.csv
1305_params.csv
1306_output.csv
1306_params.csv
1307_params.csv
1308_params.csv
1309_output.csv
1309_params.csv
130_params.csv
1310_output.csv
1310_params.csv
1311_params.csv
1312_output.csv
1312_params.csv
1313_output.csv
1313_params.csv
1314_params.csv
1315_params.csv
1316_output.csv
1316_params.csv
1317_output.csv
1317_params.csv
1318_params.csv
1319_output.csv
1319_params.csv
131_output.csv
131_params.csv
1320_params.csv
1321_output.csv
1321_params.csv
1322_output.csv
1322_params.csv
1323_params.csv
1324_params.csv
1325_params.csv
1326_output.csv
1326_params.csv
1327_output.csv
1327_params.csv
1328_output.csv
1328_params.csv
1329_params.csv
132_output.csv
132_params.csv
1330_output.csv
1330_params.csv
1331_params.csv
1332_output.csv
1332_params.csv
1333_output.csv
1333_params.csv
1334_output.csv
1334_params.csv
1335_params.csv
1336_params.csv
1337_output.csv
1337_params.csv
1338_output.csv
1338_params.csv
1339_output.csv
1339_params.csv
133_output.csv
133_params.csv
1340_output.csv
1340_params.csv
1341_output.csv
1341_params.csv
1342_params.csv
1343_output.csv
1343_params.csv
1344_output.csv
1344_params.csv
1345_output.csv
1345_params.csv
1346_output.csv
1346_params.csv
1347_output.csv
1347_params.csv
1348_output.csv
1348_params.csv
1349_output.csv
1349_params.csv
134_output.csv
134_params.csv
1350_params.csv
1351_output.csv
1351_params.csv
1352_output.csv
1352_params.csv
1353_output.csv
1353_params.csv
1354_output.csv
1354_params.csv
1355_output.csv
1355_params.csv
1356_params.csv
1357_output.csv
1357_params.csv
1358_output.csv
1358_params.csv
1359_output.csv
1359_params.csv
135_output.csv
135_params.csv
1360_output.csv
1360_params.csv
1361_output.csv
1361_params.csv
1362_output.csv
1362_params.csv
1363_output.csv
1363_params.csv
1364_output.csv
1364_params.csv
1365_params.csv
1366_output.csv
1366_params.csv
1367_output.csv
1367_params.csv
1368_output.csv
1368_params.csv
1369_output.csv
1369_params.csv
136_output.csv
136_params.csv
1370_output.csv
1370_params.csv
1371_output.csv
1371_params.csv
1372_output.csv
1372_params.csv
1373_params.csv
1374_output.csv
1374_params.csv
1375_output.csv
1375_params.csv
1376_output.csv
1376_params.csv
1377_output.csv
1377_params.csv
1378_output.csv
1378_params.csv
1379_output.csv
1379_params.csv
137_output.csv
137_params.csv
1380_output.csv
1380_params.csv
1381_output.csv
1381_params.csv
1382_output.csv
1382_params.csv
1383_output.csv
1383_params.csv
1384_output.csv
1384_params.csv
1385_output.csv
1385_params.csv
1386_output.csv
1386_params.csv
1387_output.csv
1387_params.csv
1388_output.csv
1388_params.csv
1389_output.csv
1389_params.csv
138_output.csv
138_params.csv
1390_output.csv
1390_params.csv
1391_output.csv
1391_params.csv
1392_output.csv
1392_params.csv
1393_output.csv
1393_params.csv
1394_output.csv
1394_params.csv
1395_output.csv
1395_params.csv
1396_output.csv
1396_params.csv
1397_output.csv
1397_params.csv
1398_output.csv
1398_params.csv
1399_output.csv
1399_params.csv
139_output.csv
139_params.csv
13_params.csv
1400_params.csv
1401_output.csv
1401_params.csv
1402_output.csv
1402_params.csv
1403_output.csv
1403_params.csv
1404_output.csv
1404_params.csv
1405_params.csv
1406_output.csv
1406_params.csv
1407_output.csv
1407_params.csv
1408_output.csv
1408_params.csv
1409_output.csv
1409_params.csv
140_output.csv
140_params.csv
1410_output.csv
1410_params.csv
1411_output.csv
1411_params.csv
1412_output.csv
1412_params.csv
1413_output.csv
1413_params.csv
1414_output.csv
1414_params.csv
1415_output.csv
1415_params.csv
1416_output.csv
1416_params.csv
1417_output.csv
1417_params.csv
1418_output.csv
1418_params.csv
1419_output.csv
1419_params.csv
141_output.csv
141_params.csv
1420_output.csv
1420_params.csv
1421_output.csv
1421_params.csv
1422_params.csv
1423_params.csv
1424_output.csv
1424_params.csv
1425_output.csv
1425_params.csv
1426_output.csv
1426_params.csv
1427_output.csv
1427_params.csv
1428_output.csv
1428_params.csv
1429_output.csv
1429_params.csv
142_output.csv
142_params.csv
1430_output.csv
1430_params.csv
1431_params.csv
1432_output.csv
1432_params.csv
1433_output.csv
1433_params.csv
1434_output.csv
1434_params.csv
1435_output.csv
1435_params.csv
1436_output.csv
1436_params.csv
1437_output.csv
1437_params.csv
1438_params.csv
1439_output.csv
1439_params.csv
143_params.csv
1440_output.csv
1440_params.csv
1441_output.csv
1441_params.csv
1442_output.csv
1442_params.csv
1443_output.csv
1443_params.csv
1444_output.csv
1444_params.csv
1445_output.csv
1445_params.csv
1446_output.csv
1446_params.csv
1447_output.csv
1447_params.csv
1448_output.csv
1448_params.csv
1449_output.csv
1449_params.csv
144_output.csv
144_params.csv
1450_params.csv
1451_output.csv
1451_params.csv
1452_output.csv
1452_params.csv
1453_output.csv
1453_params.csv
1454_output.csv
1454_params.csv
1455_output.csv
1455_params.csv
1456_output.csv
1456_params.csv
1457_output.csv
1457_params.csv
1458_params.csv
1459_output.csv
1459_params.csv
145_output.csv
145_params.csv
1460_params.csv
1461_params.csv
1462_output.csv
1462_params.csv
1463_output.csv
1463_params.csv
1464_output.csv
1464_params.csv
1465_output.csv
1465_params.csv
1466_output.csv
1466_params.csv
1467_params.csv
1468_output.csv
1468_params.csv
1469_params.csv
146_output.csv
146_params.csv
1470_output.csv
1470_params.csv
1471_output.csv
1471_params.csv
1472_output.csv
1472_params.csv
1473_output.csv
1473_params.csv
1474_output.csv
1474_params.csv
1475_output.csv
1475_params.csv
1476_output.csv
1476_params.csv
1477_output.csv
1477_params.csv
1478_output.csv
1478_params.csv
1479_params.csv
147_output.csv
147_params.csv
1480_params.csv
1481_output.csv
1481_params.csv
1482_output.csv
1482_params.csv
1483_output.csv
1483_params.csv
1484_output.csv
1484_params.csv
1485_output.csv
1485_params.csv
1486_output.csv
1486_params.csv
1487_output.csv
1487_params.csv
1488_params.csv
1489_output.csv
1489_params.csv
148_params.csv
1490_output.csv
1490_params.csv
1491_output.csv
1491_params.csv
1492_output.csv
1492_params.csv
1493_output.csv
1493_params.csv
1494_output.csv
1494_params.csv
1495_params.csv
1496_output.csv
1496_params.csv
1497_output.csv
1497_params.csv
1498_output.csv
1498_params.csv
1499_output.csv
1499_params.csv
149_params.csv
14_output.csv
14_params.csv
1500_output.csv
1500_params.csv
1501_params.csv
1502_output.csv
1502_params.csv
1503_output.csv
1503_params.csv
1504_output.csv
1504_params.csv
1505_output.csv
1505_params.csv
1506_output.csv
1506_params.csv
1507_params.csv
1508_output.csv
1508_params.csv
1509_output.csv
1509_params.csv
150_output.csv
150_params.csv
1510_output.csv
1510_params.csv
1511_output.csv
1511_params.csv
1512_output.csv
1512_params.csv
1513_output.csv
1513_params.csv
1514_output.csv
1514_params.csv
1515_output.csv
1515_params.csv
1516_output.csv
1516_params.csv
1517_output.csv
1517_params.csv
1518_output.csv
1518_params.csv
1519_output.csv
1519_params.csv
151_output.csv
151_params.csv
1520_output.csv
1520_params.csv
1521_output.csv
1521_params.csv
1522_output.csv
1522_params.csv
1523_output.csv
1523_params.csv
1524_output.csv
1524_params.csv
1525_output.csv
1525_params.csv
1526_output.csv
1526_params.csv
1527_output.csv
1527_params.csv
1528_output.csv
1528_params.csv
1529_params.csv
152_output.csv
152_params.csv
1530_output.csv
1530_params.csv
1531_output.csv
1531_params.csv
1532_params.csv
1533_output.csv
1533_params.csv
1534_output.csv
1534_params.csv
1535_output.csv
1535_params.csv
1536_params.csv
1537_output.csv
1537_params.csv
1538_output.csv
1538_params.csv
1539_output.csv
1539_params.csv
153_output.csv
153_params.csv
1540_params.csv
1541_output.csv
1541_params.csv
1542_output.csv
1542_params.csv
1543_output.csv
1543_params.csv
1544_output.csv
1544_params.csv
1545_params.csv
1546_output.csv
1546_params.csv
1547_output.csv
1547_params.csv
1548_output.csv
1548_params.csv
1549_output.csv
1549_params.csv
154_output.csv
154_params.csv
1550_output.csv
1550_params.csv
1551_output.csv
1551_params.csv
1552_output.csv
1552_params.csv
1553_output.csv
1553_params.csv
1554_output.csv
1554_params.csv
1555_output.csv
1555_params.csv
1556_output.csv
1556_params.csv
1557_output.csv
1557_params.csv
1558_params.csv
1559_output.csv
1559_params.csv
155_output.csv
155_params.csv
1560_params.csv
1561_output.csv
1561_params.csv
1562_output.csv
1562_params.csv
1563_output.csv
1563_params.csv
1564_output.csv
1564_params.csv
1565_output.csv
1565_params.csv
1566_params.csv
1567_output.csv
1567_params.csv
1568_output.csv
1568_params.csv
1569_output.csv
1569_params.csv
156_output.csv
156_params.csv
1570_output.csv
1570_params.csv
1571_params.csv
1572_output.csv
1572_params.csv
1573_output.csv
1573_params.csv
1574_params.csv
1575_output.csv
1575_params.csv
1576_output.csv
1576_params.csv
1577_params.csv
1578_output.csv
1578_params.csv
1579_output.csv
1579_params.csv
157_params.csv
1580_output.csv
1580_params.csv
1581_output.csv
1581_params.csv
1582_output.csv
1582_params.csv
1583_output.csv
1583_params.csv
1584_output.csv
1584_params.csv
1585_params.csv
1586_output.csv
1586_params.csv
1587_output.csv
1587_params.csv
1588_output.csv
1588_params.csv
1589_output.csv
1589_params.csv
158_output.csv
158_params.csv
1590_output.csv
1590_params.csv
1591_output.csv
1591_params.csv
1592_output.csv
1592_params.csv
1593_output.csv
1593_params.csv
1594_output.csv
1594_params.csv
1595_output.csv
1595_params.csv
1596_output.csv
1596_params.csv
1597_output.csv
1597_params.csv
1598_output.csv
1598_params.csv
1599_output.csv
1599_params.csv
159_output.csv
159_params.csv
15_output.csv
15_params.csv
1600_output.csv
1600_params.csv
1601_output.csv
1601_params.csv
1602_params.csv
1603_output.csv
1603_params.csv
1604_params.csv
1605_output.csv
1605_params.csv
1606_params.csv
1607_output.csv
1607_params.csv
1608_output.csv
1608_params.csv
1609_output.csv
1609_params.csv
160_output.csv
160_params.csv
1610_output.csv
1610_params.csv
1611_output.csv
1611_params.csv
1612_output.csv
1612_params.csv
1613_params.csv
1614_output.csv
1614_params.csv
1615_params.csv
1616_output.csv
1616_params.csv
1617_output.csv
1617_params.csv
1618_output.csv
1618_params.csv
1619_output.csv
1619_params.csv
161_output.csv
161_params.csv
1620_output.csv
1620_params.csv
1621_output.csv
1621_params.csv
1622_params.csv
1623_output.csv
1623_params.csv
1624_output.csv
1624_params.csv
1625_output.csv
1625_params.csv
1626_output.csv
1626_params.csv
1627_output.csv
1627_params.csv
1628_output.csv
1628_params.csv
1629_output.csv
1629_params.csv
162_output.csv
162_params.csv
1630_output.csv
1630_params.csv
1631_output.csv
1631_params.csv
1632_output.csv
1632_params.csv
1633_output.csv
1633_params.csv
1634_params.csv
1635_output.csv
1635_params.csv
1636_output.csv
1636_params.csv
1637_output.csv
1637_params.csv
1638_output.csv
1638_params.csv
1639_params.csv
163_output.csv
163_params.csv
1640_output.csv
1640_params.csv
1641_output.csv
1641_params.csv
1642_params.csv
1643_output.csv
1643_params.csv
1644_output.csv
1644_params.csv
1645_output.csv
1645_params.csv
1646_output.csv
1646_params.csv
1647_output.csv
1647_params.csv
1648_params.csv
1649_output.csv
1649_params.csv
164_output.csv
164_params.csv
1650_output.csv
1650_params.csv
1651_output.csv
1651_params.csv
1652_output.csv
1652_params.csv
1653_output.csv
1653_params.csv
1654_output.csv
1654_params.csv
1655_output.csv
1655_params.csv
1656_output.csv
1656_params.csv
1657_params.csv
1658_output.csv
1658_params.csv
1659_output.csv
1659_params.csv
165_output.csv
165_params.csv
1660_output.csv
1660_params.csv
1661_output.csv
1661_params.csv
1662_params.csv
1663_output.csv
1663_params.csv
1664_output.csv
1664_params.csv
1665_output.csv
1665_params.csv
1666_output.csv
1666_params.csv
1667_output.csv
1667_params.csv
1668_params.csv
1669_output.csv
1669_params.csv
166_output.csv
166_params.csv
1670_output.csv
1670_params.csv
1671_output.csv
1671_params.csv
1672_output.csv
1672_params.csv
1673_output.csv
1673_params.csv
1674_params.csv
1675_output.csv
1675_params.csv
1676_output.csv
1676_params.csv
1677_output.csv
1677_params.csv
1678_output.csv
1678_params.csv
1679_params.csv
167_output.csv
167_params.csv
1680_output.csv
1680_params.csv
1681_params.csv
1682_output.csv
1682_params.csv
1683_output.csv
1683_params.csv
1684_output.csv
1684_params.csv
1685_params.csv
1686_output.csv
1686_params.csv
1687_output.csv
1687_params.csv
1688_output.csv
1688_params.csv
1689_output.csv
1689_params.csv
168_params.csv
1690_output.csv
1690_params.csv
1691_output.csv
1691_params.csv
1692_output.csv
1692_params.csv
1693_output.csv
1693_params.csv
1694_output.csv
1694_params.csv
1695_output.csv
1695_params.csv
1696_params.csv
1697_output.csv
1697_params.csv
1698_output.csv
1698_params.csv
1699_output.csv
1699_params.csv
169_output.csv
169_params.csv
16_params.csv
1700_output.csv
1700_params.csv
1701_output.csv
1701_params.csv
1702_output.csv
1702_params.csv
1703_output.csv
1703_params.csv
1704_params.csv
1705_output.csv
1705_params.csv
1706_output.csv
1706_params.csv
1707_output.csv
1707_params.csv
1708_output.csv
1708_params.csv
1709_params.csv
170_output.csv
170_params.csv
1710_output.csv
1710_params.csv
1711_output.csv
1711_params.csv
1712_output.csv
1712_params.csv
1713_output.csv
1713_params.csv
1714_output.csv
1714_params.csv
1715_output.csv
1715_params.csv
1716_output.csv
1716_params.csv
1717_output.csv
1717_params.csv
1718_output.csv
1718_params.csv
1719_output.csv
1719_params.csv
171_output.csv
171_params.csv
1720_output.csv
1720_params.csv
1721_output.csv
1721_params.csv
1722_output.csv
1722_params.csv
1723_output.csv
1723_params.csv
1724_output.csv
1724_params.csv
1725_output.csv
1725_params.csv
1726_output.csv
1726_params.csv
1727_output.csv
1727_params.csv
1728_output.csv
1728_params.csv
1729_output.csv
1729_params.csv
172_output.csv
172_params.csv
1730_output.csv
1730_params.csv
1731_output.csv
1731_params.csv
1732_output.csv
1732_params.csv
1733_params.csv
1734_output.csv
1734_params.csv
1735_output.csv
1735_params.csv
1736_output.csv
1736_params.csv
1737_output.csv
1737_params.csv
1738_output.csv
1738_params.csv
1739_output.csv
1739_params.csv
173_output.csv
173_params.csv
1740_output.csv
1740_params.csv
1741_params.csv
1742_output.csv
1742_params.csv
1743_params.csv
1744_output.csv
1744_params.csv
1745_output.csv
1745_params.csv
1746_output.csv
1746_params.csv
1747_output.csv
1747_params.csv
1748_output.csv
1748_params.csv
1749_output.csv
1749_params.csv
174_params.csv
1750_output.csv
1750_params.csv
1751_output.csv
1751_params.csv
1752_output.csv
1752_params.csv
1753_output.csv
1753_params.csv
1754_output.csv
1754_params.csv
1755_params.csv
1756_output.csv
1756_params.csv
1757_output.csv
1757_params.csv
1758_output.csv
1758_params.csv
1759_output.csv
1759_params.csv
175_output.csv
175_params.csv
1760_output.csv
1760_params.csv
1761_output.csv
1761_params.csv
1762_output.csv
1762_params.csv
1763_output.csv
1763_params.csv
1764_output.csv
1764_params.csv
1765_output.csv
1765_params.csv
1766_output.csv
1766_params.csv
1767_output.csv
1767_params.csv
1768_output.csv
1768_params.csv
1769_output.csv
1769_params.csv
176_output.csv
176_params.csv
1770_output.csv
1770_params.csv
1771_params.csv
1772_output.csv
1772_params.csv
1773_output.csv
1773_params.csv
1774_output.csv
1774_params.csv
1775_output.csv
1775_params.csv
1776_params.csv
1777_output.csv
1777_params.csv
1778_output.csv
1778_params.csv
1779_params.csv
177_output.csv
177_params.csv
1780_output.csv
1780_params.csv
1781_output.csv
1781_params.csv
1782_output.csv
1782_params.csv
1783_output.csv
1783_params.csv
1784_output.csv
1784_params.csv
1785_output.csv
1785_params.csv
1786_output.csv
1786_params.csv
1787_output.csv
1787_params.csv
1788_params.csv
1789_output.csv
1789_params.csv
178_output.csv
178_params.csv
1790_params.csv
1791_output.csv
1791_params.csv
1792_output.csv
1792_params.csv
1793_output.csv
1793_params.csv
1794_output.csv
1794_params.csv
1795_output.csv
1795_params.csv
1796_output.csv
1796_params.csv
1797_params.csv
1798_output.csv
1798_params.csv
1799_output.csv
1799_params.csv
179_output.csv
179_params.csv
17_output.csv
17_params.csv
1800_output.csv
1800_params.csv
1801_output.csv
1801_params.csv
1802_params.csv
1803_output.csv
1803_params.csv
1804_output.csv
1804_params.csv
1805_params.csv
1806_output.csv
1806_params.csv
1807_output.csv
1807_params.csv
1808_output.csv
1808_params.csv
1809_params.csv
180_output.csv
180_params.csv
1810_output.csv
1810_params.csv
1811_output.csv
1811_params.csv
1812_output.csv
1812_params.csv
1813_output.csv
1813_params.csv
1814_output.csv
1814_params.csv
1815_output.csv
1815_params.csv
1816_output.csv
1816_params.csv
1817_params.csv
1818_output.csv
1818_params.csv
1819_output.csv
1819_params.csv
181_output.csv
181_params.csv
1820_output.csv
1820_params.csv
1821_params.csv
1822_output.csv
1822_params.csv
1823_output.csv
1823_params.csv
1824_output.csv
1824_params.csv
1825_output.csv
1825_params.csv
1826_params.csv
1827_output.csv
1827_params.csv
1828_output.csv
1828_params.csv
1829_output.csv
1829_params.csv
182_output.csv
182_params.csv
1830_output.csv
1830_params.csv
1831_output.csv
1831_params.csv
1832_output.csv
1832_params.csv
1833_params.csv
1834_output.csv
1834_params.csv
1835_output.csv
1835_params.csv
1836_output.csv
1836_params.csv
1837_output.csv
1837_params.csv
1838_output.csv
1838_params.csv
1839_output.csv
1839_params.csv
183_output.csv
183_params.csv
1840_output.csv
1840_params.csv
1841_output.csv
1841_params.csv
1842_params.csv
1843_params.csv
1844_output.csv
1844_params.csv
1845_params.csv
1846_output.csv
1846_params.csv
1847_output.csv
1847_params.csv
1848_output.csv
1848_params.csv
1849_output.csv
1849_params.csv
184_output.csv
184_params.csv
1850_output.csv
1850_params.csv
1851_output.csv
1851_params.csv
1852_output.csv
1852_params.csv
1853_output.csv
1853_params.csv
1854_output.csv
1854_params.csv
1855_params.csv
1856_output.csv
1856_params.csv
1857_output.csv
1857_params.csv
1858_output.csv
1858_params.csv
1859_output.csv
1859_params.csv
185_params.csv
1860_output.csv
1860_params.csv
1861_output.csv
1861_params.csv
1862_output.csv
1862_params.csv
1863_params.csv
1864_output.csv
1864_params.csv
1865_output.csv
1865_params.csv
1866_output.csv
1866_params.csv
1867_output.csv
1867_params.csv
1868_output.csv
1868_params.csv
1869_output.csv
1869_params.csv
186_output.csv
186_params.csv
1870_output.csv
1870_params.csv
1871_params.csv
1872_output.csv
1872_params.csv
1873_output.csv
1873_params.csv
1874_output.csv
1874_params.csv
1875_output.csv
1875_params.csv
1876_output.csv
1876_params.csv
1877_output.csv
1877_params.csv
1878_params.csv
1879_output.csv
1879_params.csv
187_output.csv
187_params.csv
1880_output.csv
1880_params.csv
1881_output.csv
1881_params.csv
1882_output.csv
1882_params.csv
1883_output.csv
1883_params.csv
1884_params.csv
1885_params.csv
1886_output.csv
1886_params.csv
1887_output.csv
1887_params.csv
1888_params.csv
1889_output.csv
1889_params.csv
188_output.csv
188_params.csv
1890_output.csv
1890_params.csv
1891_output.csv
1891_params.csv
1892_output.csv
1892_params.csv
1893_output.csv
1893_params.csv
1894_params.csv
1895_output.csv
1895_params.csv
1896_output.csv
1896_params.csv
1897_output.csv
1897_params.csv
1898_output.csv
1898_params.csv
1899_output.csv
1899_params.csv
189_output.csv
189_params.csv
18_params.csv
1900_output.csv
1900_params.csv
1901_output.csv
1901_params.csv
1902_output.csv
1902_params.csv
1903_output.csv
1903_params.csv
1904_output.csv
1904_params.csv
1905_output.csv
1905_params.csv
1906_output.csv
1906_params.csv
1907_output.csv
1907_params.csv
1908_output.csv
1908_params.csv
1909_output.csv
1909_params.csv
190_output.csv
190_params.csv
1910_output.csv
1910_params.csv
1911_output.csv
1911_params.csv
1912_output.csv
1912_params.csv
1913_output.csv
1913_params.csv
1914_output.csv
1914_params.csv
1915_output.csv
1915_params.csv
1916_output.csv
1916_params.csv
1917_output.csv
1917_params.csv
1918_output.csv
1918_params.csv
1919_output.csv
1919_params.csv
191_output.csv
191_params.csv
1920_params.csv
1921_output.csv
1921_params.csv
1922_params.csv
1923_output.csv
1923_params.csv
1924_params.csv
1925_output.csv
1925_params.csv
1926_output.csv
1926_params.csv
1927_output.csv
1927_params.csv
1928_output.csv
1928_params.csv
1929_output.csv
1929_params.csv
192_output.csv
192_params.csv
1930_output.csv
1930_params.csv
1931_output.csv
1931_params.csv
1932_params.csv
1933_output.csv
1933_params.csv
1934_output.csv
1934_params.csv
1935_output.csv
1935_params.csv
1936_output.csv
1936_params.csv
1937_output.csv
1937_params.csv
1938_output.csv
1938_params.csv
1939_output.csv
1939_params.csv
193_output.csv
193_params.csv
1940_output.csv
1940_params.csv
1941_output.csv
1941_params.csv
1942_output.csv
1942_params.csv
1943_output.csv
1943_params.csv
1944_output.csv
1944_params.csv
1945_params.csv
1946_output.csv
1946_params.csv
1947_output.csv
1947_params.csv
1948_output.csv
1948_params.csv
1949_output.csv
1949_params.csv
194_output.csv
194_params.csv
1950_output.csv
1950_params.csv
1951_output.csv
1951_params.csv
1952_output.csv
1952_params.csv
1953_output.csv
1953_params.csv
1954_output.csv
1954_params.csv
1955_output.csv
1955_params.csv
1956_output.csv
1956_params.csv
1957_output.csv
1957_params.csv
1958_output.csv
1958_params.csv
1959_output.csv
1959_params.csv
195_output.csv
195_params.csv
1960_output.csv
1960_params.csv
1961_output.csv
1961_params.csv
1962_output.csv
1962_params.csv
1963_output.csv
1963_params.csv
1964_params.csv
1965_output.csv
1965_params.csv
1966_output.csv
1966_params.csv
1967_output.csv
1967_params.csv
1968_output.csv
1968_params.csv
1969_output.csv
1969_params.csv
196_output.csv
196_params.csv
1970_output.csv
1970_params.csv
1971_params.csv
1972_output.csv
1972_params.csv
1973_output.csv
1973_params.csv
1974_output.csv
1974_params.csv
1975_output.csv
1975_params.csv
1976_output.csv
1976_params.csv
1977_output.csv
1977_params.csv
1978_output.csv
1978_params.csv
1979_output.csv
1979_params.csv
197_params.csv
1980_output.csv
1980_params.csv
1981_output.csv
1981_params.csv
1982_output.csv
1982_params.csv
1983_output.csv
1983_params.csv
1984_output.csv
1984_params.csv
1985_output.csv
1985_params.csv
1986_output.csv
1986_params.csv
1987_output.csv
1987_params.csv
1988_output.csv
1988_params.csv
1989_output.csv
1989_params.csv
198_output.csv
198_params.csv
1990_output.csv
1990_params.csv
1991_output.csv
1991_params.csv
1992_output.csv
1992_params.csv
1993_params.csv
1994_output.csv
1994_params.csv
1995_params.csv
1996_output.csv
1996_params.csv
1997_params.csv
1998_params.csv
1999_output.csv
1999_params.csv
199_output.csv
199_params.csv
19_output.csv
19_params.csv
1_output.csv
1_params.csv
2000_output.csv
2000_params.csv
2001_output.csv
2001_params.csv
2002_output.csv
2002_params.csv
2003_output.csv
2003_params.csv
2004_params.csv
2005_output.csv
2005_params.csv
2006_output.csv
2006_params.csv
2007_output.csv
2007_params.csv
2008_output.csv
2008_params.csv
2009_output.csv
2009_params.csv
200_output.csv
200_params.csv
2010_output.csv
2010_params.csv
2011_output.csv
2011_params.csv
2012_output.csv
2012_params.csv
2013_params.csv
2014_output.csv
2014_params.csv
2015_output.csv
2015_params.csv
2016_params.csv
2017_output.csv
2017_params.csv
2018_output.csv
2018_params.csv
2019_output.csv
2019_params.csv
201_output.csv
201_params.csv
2020_output.csv
2020_params.csv
2021_output.csv
2021_params.csv
2022_output.csv
2022_params.csv
2023_output.csv
2023_params.csv
2024_output.csv
2024_params.csv
2025_output.csv
2025_params.csv
2026_output.csv
2026_params.csv
2027_params.csv
2028_params.csv
2029_output.csv
2029_params.csv
202_output.csv
202_params.csv
2030_output.csv
2030_params.csv
2031_output.csv
2031_params.csv
2032_output.csv
2032_params.csv
2033_params.csv
2034_output.csv
2034_params.csv
2035_params.csv
2036_params.csv
2037_output.csv
2037_params.csv
2038_output.csv
2038_params.csv
2039_output.csv
2039_params.csv
203_output.csv
203_params.csv
2040_params.csv
2041_params.csv
2042_params.csv
2043_output.csv
2043_params.csv
2044_output.csv
2044_params.csv
2045_output.csv
2045_params.csv
2046_output.csv
2046_params.csv
2047_output.csv
2047_params.csv
2048_params.csv
2049_params.csv
204_output.csv
204_params.csv
2050_output.csv
2050_params.csv
2051_params.csv
2052_output.csv
2052_params.csv
2053_params.csv
2054_output.csv
2054_params.csv
2055_output.csv
2055_params.csv
2056_output.csv
2056_params.csv
2057_output.csv
2057_params.csv
2058_output.csv
2058_params.csv
2059_output.csv
2059_params.csv
205_output.csv
205_params.csv
2060_output.csv
2060_params.csv
2061_output.csv
2061_params.csv
2062_output.csv
2062_params.csv
2063_output.csv
2063_params.csv
2064_output.csv
2064_params.csv
2065_params.csv
2066_params.csv
2067_output.csv
2067_params.csv
2068_output.csv
2068_params.csv
2069_params.csv
206_output.csv
206_params.csv
2070_output.csv
2070_params.csv
2071_output.csv
2071_params.csv
2072_output.csv
2072_params.csv
2073_output.csv
2073_params.csv
2074_params.csv
2075_output.csv
2075_params.csv
2076_output.csv
2076_params.csv
2077_output.csv
2077_params.csv
2078_output.csv
2078_params.csv
2079_output.csv
2079_params.csv
207_params.csv
2080_output.csv
2080_params.csv
2081_output.csv
2081_params.csv
2082_output.csv
2082_params.csv
2083_output.csv
2083_params.csv
2084_output.csv
2084_params.csv
2085_params.csv
2086_output.csv
2086_params.csv
2087_params.csv
2088_output.csv
2088_params.csv
2089_output.csv
2089_params.csv
208_output.csv
208_params.csv
2090_output.csv
2090_params.csv
2091_output.csv
2091_params.csv
2092_output.csv
2092_params.csv
2093_output.csv
2093_params.csv
2094_output.csv
2094_params.csv
2095_output.csv
2095_params.csv
2096_output.csv
2096_params.csv
2097_output.csv
2097_params.csv
2098_output.csv
2098_params.csv
2099_output.csv
2099_params.csv
209_output.csv
209_params.csv
20_output.csv
20_params.csv
2100_output.csv
2100_params.csv
2101_output.csv
2101_params.csv
2102_output.csv
2102_params.csv
2103_output.csv
2103_params.csv
2104_output.csv
2104_params.csv
2105_output.csv
2105_params.csv
2106_output.csv
2106_params.csv
2107_output.csv
2107_params.csv
2108_output.csv
2108_params.csv
2109_output.csv
2109_params.csv
210_params.csv
2110_output.csv
2110_params.csv
2111_output.csv
2111_params.csv
2112_params.csv
2113_output.csv
2113_params.csv
2114_output.csv
2114_params.csv
2115_output.csv
2115_params.csv
2116_output.csv
2116_params.csv
2117_output.csv
2117_params.csv
2118_output.csv
2118_params.csv
2119_output.csv
2119_params.csv
211_params.csv
2120_output.csv
2120_params.csv
2121_output.csv
2121_params.csv
2122_params.csv
2123_output.csv
2123_params.csv
2124_output.csv
2124_params.csv
2125_output.csv
2125_params.csv
2126_output.csv
2126_params.csv
2127_output.csv
2127_params.csv
2128_params.csv
2129_output.csv
2129_params.csv
212_output.csv
212_params.csv
2130_output.csv
2130_params.csv
2131_params.csv
2132_output.csv
2132_params.csv
2133_output.csv
2133_params.csv
2134_output.csv
2134_params.csv
2135_output.csv
2135_params.csv
2136_output.csv
2136_params.csv
2137_output.csv
2137_params.csv
2138_output.csv
2138_params.csv
2139_output.csv
2139_params.csv
213_output.csv
213_params.csv
2140_output.csv
2140_params.csv
2141_output.csv
2141_params.csv
2142_output.csv
2142_params.csv
2143_params.csv
2144_output.csv
2144_params.csv
2145_output.csv
2145_params.csv
2146_output.csv
2146_params.csv
2147_output.csv
2147_params.csv
2148_output.csv
2148_params.csv
2149_output.csv
2149_params.csv
214_output.csv
214_params.csv
2150_output.csv
2150_params.csv
2151_output.csv
2151_params.csv
2152_output.csv
2152_params.csv
2153_output.csv
2153_params.csv
2154_output.csv
2154_params.csv
2155_params.csv
2156_output.csv
2156_params.csv
2157_params.csv
2158_output.csv
2158_params.csv
2159_output.csv
2159_params.csv
215_output.csv
215_params.csv
2160_params.csv
2161_output.csv
2161_params.csv
2162_output.csv
2162_params.csv
2163_output.csv
2163_params.csv
2164_output.csv
2164_params.csv
2165_params.csv
2166_output.csv
2166_params.csv
2167_output.csv
2167_params.csv
2168_output.csv
2168_params.csv
2169_output.csv
2169_params.csv
216_output.csv
216_params.csv
2170_params.csv
2171_output.csv
2171_params.csv
2172_output.csv
2172_params.csv
2173_output.csv
2173_params.csv
2174_output.csv
2174_params.csv
2175_output.csv
2175_params.csv
2176_output.csv
2176_params.csv
2177_output.csv
2177_params.csv
2178_output.csv
2178_params.csv
2179_output.csv
2179_params.csv
217_output.csv
217_params.csv
2180_output.csv
2180_params.csv
2181_output.csv
2181_params.csv
2182_output.csv
2182_params.csv
2183_output.csv
2183_params.csv
2184_params.csv
2185_output.csv
2185_params.csv
2186_output.csv
2186_params.csv
2187_output.csv
2187_params.csv
2188_output.csv
2188_params.csv
2189_output.csv
2189_params.csv
218_output.csv
218_params.csv
2190_output.csv
2190_params.csv
2191_params.csv
2192_output.csv
2192_params.csv
2193_params.csv
2194_output.csv
2194_params.csv
2195_output.csv
2195_params.csv
2196_output.csv
2196_params.csv
2197_output.csv
2197_params.csv
2198_output.csv
2198_params.csv
2199_output.csv
2199_params.csv
219_output.csv
219_params.csv
21_output.csv
21_params.csv
2200_output.csv
2200_params.csv
2201_output.csv
2201_params.csv
2202_output.csv
2202_params.csv
2203_output.csv
2203_params.csv
2204_output.csv
2204_params.csv
2205_output.csv
2205_params.csv
2206_output.csv
2206_params.csv
2207_output.csv
2207_params.csv
2208_output.csv
2208_params.csv
2209_output.csv
2209_params.csv
220_output.csv
220_params.csv
2210_params.csv
2211_params.csv
2212_output.csv
2212_params.csv
2213_output.csv
2213_params.csv
2214_output.csv
2214_params.csv
2215_output.csv
2215_params.csv
2216_output.csv
2216_params.csv
2217_params.csv
2218_output.csv
2218_params.csv
2219_output.csv
2219_params.csv
221_output.csv
221_params.csv
2220_output.csv
2220_params.csv
2221_output.csv
2221_params.csv
2222_output.csv
2222_params.csv
2223_output.csv
2223_params.csv
2224_output.csv
2224_params.csv
2225_output.csv
2225_params.csv
2226_output.csv
2226_params.csv
2227_output.csv
2227_params.csv
2228_params.csv
2229_output.csv
2229_params.csv
222_params.csv
2230_output.csv
2230_params.csv
2231_output.csv
2231_params.csv
2232_output.csv
2232_params.csv
2233_output.csv
2233_params.csv
2234_output.csv
2234_params.csv
2235_output.csv
2235_params.csv
2236_params.csv
2237_output.csv
2237_params.csv
2238_output.csv
2238_params.csv
2239_params.csv
223_output.csv
223_params.csv
2240_output.csv
2240_params.csv
2241_output.csv
2241_params.csv
2242_output.csv
2242_params.csv
2243_output.csv
2243_params.csv
2244_output.csv
2244_params.csv
2245_output.csv
2245_params.csv
2246_output.csv
2246_params.csv
2247_params.csv
2248_output.csv
2248_params.csv
2249_output.csv
2249_params.csv
224_output.csv
224_params.csv
2250_output.csv
2250_params.csv
2251_output.csv
2251_params.csv
2252_params.csv
2253_output.csv
2253_params.csv
2254_output.csv
2254_params.csv
2255_params.csv
2256_output.csv
2256_params.csv
2257_params.csv
2258_output.csv
2258_params.csv
2259_output.csv
2259_params.csv
225_output.csv
225_params.csv
2260_output.csv
2260_params.csv
2261_output.csv
2261_params.csv
2262_output.csv
2262_params.csv
2263_output.csv
2263_params.csv
2264_output.csv
2264_params.csv
2265_output.csv
2265_params.csv
2266_output.csv
2266_params.csv
2267_output.csv
2267_params.csv
2268_output.csv
2268_params.csv
2269_output.csv
2269_params.csv
226_output.csv
226_params.csv
2270_output.csv
2270_params.csv
2271_params.csv
2272_output.csv
2272_params.csv
2273_output.csv
2273_params.csv
2274_output.csv
2274_params.csv
2275_params.csv
2276_params.csv
2277_output.csv
2277_params.csv
2278_output.csv
2278_params.csv
2279_output.csv
2279_params.csv
227_output.csv
227_params.csv
2280_output.csv
2280_params.csv
2281_output.csv
2281_params.csv
2282_output.csv
2282_params.csv
2283_output.csv
2283_params.csv
2284_output.csv
2284_params.csv
2285_output.csv
2285_params.csv
2286_output.csv
2286_params.csv
2287_params.csv
2288_output.csv
2288_params.csv
2289_output.csv
2289_params.csv
228_output.csv
228_params.csv
2290_params.csv
2291_params.csv
2292_output.csv
2292_params.csv
2293_params.csv
2294_params.csv
2295_output.csv
2295_params.csv
2296_output.csv
2296_params.csv
2297_output.csv
2297_params.csv
2298_output.csv
2298_params.csv
2299_output.csv
2299_params.csv
229_output.csv
229_params.csv
22_output.csv
22_params.csv
2300_params.csv
2301_output.csv
2301_params.csv
2302_output.csv
2302_params.csv
2303_output.csv
2303_params.csv
2304_output.csv
2304_params.csv
2305_params.csv
2306_output.csv
2306_params.csv
2307_output.csv
2307_params.csv
2308_output.csv
2308_params.csv
2309_output.csv
2309_params.csv
230_output.csv
230_params.csv
2310_output.csv
2310_params.csv
2311_output.csv
2311_params.csv
2312_output.csv
2312_params.csv
2313_output.csv
2313_params.csv
2314_output.csv
2314_params.csv
2315_output.csv
2315_params.csv
2316_output.csv
2316_params.csv
2317_output.csv
2317_params.csv
2318_output.csv
2318_params.csv
2319_output.csv
2319_params.csv
231_output.csv
231_params.csv
2320_output.csv
2320_params.csv
2321_params.csv
2322_output.csv
2322_params.csv
2323_params.csv
2324_output.csv
2324_params.csv
2325_output.csv
2325_params.csv
2326_output.csv
2326_params.csv
2327_output.csv
2327_params.csv
2328_params.csv
2329_output.csv
2329_params.csv
232_output.csv
232_params.csv
2330_output.csv
2330_params.csv
2331_output.csv
2331_params.csv
2332_output.csv
2332_params.csv
2333_output.csv
2333_params.csv
2334_output.csv
2334_params.csv
2335_output.csv
2335_params.csv
2336_output.csv
2336_params.csv
2337_output.csv
2337_params.csv
2338_output.csv
2338_params.csv
2339_output.csv
2339_params.csv
233_output.csv
233_params.csv
2340_output.csv
2340_params.csv
2341_output.csv
2341_params.csv
2342_output.csv
2342_params.csv
2343_output.csv
2343_params.csv
2344_output.csv
2344_params.csv
2345_output.csv
2345_params.csv
2346_params.csv
2347_output.csv
2347_params.csv
2348_output.csv
2348_params.csv
2349_output.csv
2349_params.csv
234_output.csv
234_params.csv
2350_output.csv
2350_params.csv
2351_output.csv
2351_params.csv
2352_output.csv
2352_params.csv
2353_output.csv
2353_params.csv
2354_output.csv
2354_params.csv
2355_output.csv
2355_params.csv
2356_output.csv
2356_params.csv
2357_output.csv
2357_params.csv
2358_output.csv
2358_params.csv
2359_params.csv
235_output.csv
235_params.csv
2360_output.csv
2360_params.csv
2361_output.csv
2361_params.csv
2362_output.csv
2362_params.csv
2363_params.csv
2364_params.csv
2365_output.csv
2365_params.csv
2366_params.csv
2367_output.csv
2367_params.csv
2368_output.csv
2368_params.csv
2369_output.csv
2369_params.csv
236_output.csv
236_params.csv
2370_output.csv
2370_params.csv
2371_output.csv
2371_params.csv
2372_output.csv
2372_params.csv
2373_output.csv
2373_params.csv
2374_output.csv
2374_params.csv
2375_output.csv
2375_params.csv
2376_output.csv
2376_params.csv
2377_output.csv
2377_params.csv
2378_params.csv
2379_output.csv
2379_params.csv
237_output.csv
237_params.csv
2380_output.csv
2380_params.csv
2381_output.csv
2381_params.csv
2382_output.csv
2382_params.csv
2383_params.csv
2384_output.csv
2384_params.csv
2385_output.csv
2385_params.csv
2386_output.csv
2386_params.csv
2387_params.csv
2388_output.csv
2388_params.csv
2389_output.csv
2389_params.csv
238_output.csv
238_params.csv
2390_output.csv
2390_params.csv
2391_output.csv
2391_params.csv
2392_params.csv
2393_output.csv
2393_params.csv
2394_output.csv
2394_params.csv
2395_output.csv
2395_params.csv
2396_output.csv
2396_params.csv
2397_output.csv
2397_params.csv
2398_output.csv
2398_params.csv
2399_output.csv
2399_params.csv
239_output.csv
239_params.csv
23_output.csv
23_params.csv
2400_output.csv
2400_params.csv
2401_output.csv
2401_params.csv
2402_output.csv
2402_params.csv
2403_output.csv
2403_params.csv
2404_output.csv
2404_params.csv
2405_params.csv
2406_output.csv
2406_params.csv
2407_output.csv
2407_params.csv
2408_params.csv
2409_output.csv
2409_params.csv
240_output.csv
240_params.csv
2410_output.csv
2410_params.csv
2411_output.csv
2411_params.csv
2412_output.csv
2412_params.csv
2413_output.csv
2413_params.csv
2414_params.csv
2415_params.csv
2416_params.csv
2417_output.csv
2417_params.csv
2418_params.csv
2419_output.csv
2419_params.csv
241_params.csv
2420_output.csv
2420_params.csv
2421_params.csv
2422_output.csv
2422_params.csv
2423_output.csv
2423_params.csv
2424_output.csv
2424_params.csv
2425_output.csv
2425_params.csv
2426_output.csv
2426_params.csv
2427_output.csv
2427_params.csv
2428_output.csv
2428_params.csv
2429_output.csv
2429_params.csv
242_output.csv
242_params.csv
2430_output.csv
2430_params.csv
2431_output.csv
2431_params.csv
2432_output.csv
2432_params.csv
2433_output.csv
2433_params.csv
2434_params.csv
2435_output.csv
2435_params.csv
2436_output.csv
2436_params.csv
2437_output.csv
2437_params.csv
2438_output.csv
2438_params.csv
2439_output.csv
2439_params.csv
243_output.csv
243_params.csv
2440_output.csv
2440_params.csv
2441_params.csv
2442_output.csv
2442_params.csv
2443_output.csv
2443_params.csv
2444_output.csv
2444_params.csv
2445_output.csv
2445_params.csv
2446_output.csv
2446_params.csv
2447_output.csv
2447_params.csv
2448_output.csv
2448_params.csv
2449_output.csv
2449_params.csv
244_output.csv
244_params.csv
2450_params.csv
2451_output.csv
2451_params.csv
2452_output.csv
2452_params.csv
2453_params.csv
2454_output.csv
2454_params.csv
2455_output.csv
2455_params.csv
2456_output.csv
2456_params.csv
2457_output.csv
2457_params.csv
2458_output.csv
2458_params.csv
2459_params.csv
245_output.csv
245_params.csv
2460_output.csv
2460_params.csv
2461_params.csv
2462_output.csv
2462_params.csv
2463_output.csv
2463_params.csv
2464_output.csv
2464_params.csv
2465_output.csv
2465_params.csv
2466_output.csv
2466_params.csv
2467_output.csv
2467_params.csv
2468_output.csv
2468_params.csv
2469_output.csv
2469_params.csv
246_output.csv
246_params.csv
2470_output.csv
2470_params.csv
2471_output.csv
2471_params.csv
2472_output.csv
2472_params.csv
2473_output.csv
2473_params.csv
2474_params.csv
2475_output.csv
2475_params.csv
2476_output.csv
2476_params.csv
2477_params.csv
2478_output.csv
2478_params.csv
2479_output.csv
2479_params.csv
247_params.csv
2480_output.csv
2480_params.csv
2481_params.csv
2482_output.csv
2482_params.csv
2483_params.csv
2484_output.csv
2484_params.csv
2485_params.csv
2486_output.csv
2486_params.csv
2487_output.csv
2487_params.csv
2488_output.csv
2488_params.csv
2489_output.csv
2489_params.csv
248_output.csv
248_params.csv
2490_output.csv
2490_params.csv
2491_output.csv
2491_params.csv
2492_output.csv
2492_params.csv
2493_output.csv
2493_params.csv
2494_output.csv
2494_params.csv
2495_output.csv
2495_params.csv
2496_output.csv
2496_params.csv
2497_output.csv
2497_params.csv
2498_output.csv
2498_params.csv
2499_output.csv
2499_params.csv
249_output.csv
249_params.csv
24_output.csv
24_params.csv
2500_output.csv
2500_params.csv
2501_params.csv
2502_output.csv
2502_params.csv
2503_output.csv
2503_params.csv
2504_output.csv
2504_params.csv
2505_output.csv
2505_params.csv
2506_output.csv
2506_params.csv
2507_output.csv
2507_params.csv
2508_params.csv
2509_output.csv
2509_params.csv
250_output.csv
250_params.csv
2510_output.csv
2510_params.csv
2511_output.csv
2511_params.csv
2512_output.csv
2512_params.csv
2513_output.csv
2513_params.csv
2514_output.csv
2514_params.csv
2515_output.csv
2515_params.csv
2516_params.csv
2517_output.csv
2517_params.csv
2518_output.csv
2518_params.csv
2519_output.csv
2519_params.csv
251_output.csv
251_params.csv
2520_output.csv
2520_params.csv
2521_params.csv
2522_output.csv
2522_params.csv
2523_output.csv
2523_params.csv
2524_output.csv
2524_params.csv
2525_output.csv
2525_params.csv
2526_output.csv
2526_params.csv
2527_output.csv
2527_params.csv
2528_output.csv
2528_params.csv
2529_output.csv
2529_params.csv
252_params.csv
2530_params.csv
2531_output.csv
2531_params.csv
2532_params.csv
2533_params.csv
2534_output.csv
2534_params.csv
2535_output.csv
2535_params.csv
2536_output.csv
2536_params.csv
2537_output.csv
2537_params.csv
2538_params.csv
2539_output.csv
2539_params.csv
253_output.csv
253_params.csv
2540_params.csv
2541_params.csv
2542_params.csv
2543_params.csv
2544_params.csv
2545_output.csv
2545_params.csv
2546_output.csv
2546_params.csv
2547_output.csv
2547_params.csv
2548_output.csv
2548_params.csv
2549_output.csv
2549_params.csv
254_output.csv
254_params.csv
2550_params.csv
2551_output.csv
2551_params.csv
2552_output.csv
2552_params.csv
2553_output.csv
2553_params.csv
2554_output.csv
2554_params.csv
2555_output.csv
2555_params.csv
2556_output.csv
2556_params.csv
2557_output.csv
2557_params.csv
2558_output.csv
2558_params.csv
2559_output.csv
2559_params.csv
255_output.csv
255_params.csv
2560_params.csv
2561_output.csv
2561_params.csv
2562_output.csv
2562_params.csv
2563_output.csv
2563_params.csv
2564_output.csv
2564_params.csv
2565_output.csv
2565_params.csv
2566_output.csv
2566_params.csv
2567_output.csv
2567_params.csv
2568_output.csv
2568_params.csv
2569_output.csv
2569_params.csv
256_output.csv
256_params.csv
2570_output.csv
2570_params.csv
2571_output.csv
2571_params.csv
2572_output.csv
2572_params.csv
2573_params.csv
2574_output.csv
2574_params.csv
2575_output.csv
2575_params.csv
2576_output.csv
2576_params.csv
2577_output.csv
2577_params.csv
2578_output.csv
2578_params.csv
2579_output.csv
2579_params.csv
257_output.csv
257_params.csv
2580_output.csv
2580_params.csv
2581_output.csv
2581_params.csv
2582_output.csv
2582_params.csv
2583_output.csv
2583_params.csv
2584_output.csv
2584_params.csv
2585_output.csv
2585_params.csv
2586_output.csv
2586_params.csv
2587_output.csv
2587_params.csv
2588_output.csv
2588_params.csv
2589_params.csv
258_output.csv
258_params.csv
2590_output.csv
2590_params.csv
2591_output.csv
2591_params.csv
2592_output.csv
2592_params.csv
2593_output.csv
2593_params.csv
2594_output.csv
2594_params.csv
2595_output.csv
2595_params.csv
2596_output.csv
2596_params.csv
2597_output.csv
2597_params.csv
2598_output.csv
2598_params.csv
2599_output.csv
2599_params.csv
259_output.csv
259_params.csv
25_output.csv
25_params.csv
2600_output.csv
2600_params.csv
2601_output.csv
2601_params.csv
2602_output.csv
2602_params.csv
2603_output.csv
2603_params.csv
2604_output.csv
2604_params.csv
2605_output.csv
2605_params.csv
2606_output.csv
2606_params.csv
2607_output.csv
2607_params.csv
2608_output.csv
2608_params.csv
2609_params.csv
260_output.csv
260_params.csv
2610_output.csv
2610_params.csv
2611_output.csv
2611_params.csv
2612_output.csv
2612_params.csv
2613_params.csv
2614_output.csv
2614_params.csv
2615_output.csv
2615_params.csv
2616_output.csv
2616_params.csv
2617_output.csv
2617_params.csv
2618_params.csv
2619_output.csv
2619_params.csv
261_output.csv
261_params.csv
2620_params.csv
2621_params.csv
2622_params.csv
2623_output.csv
2623_params.csv
2624_output.csv
2624_params.csv
2625_output.csv
2625_params.csv
2626_params.csv
2627_output.csv
2627_params.csv
2628_output.csv
2628_params.csv
2629_output.csv
2629_params.csv
262_output.csv
262_params.csv
2630_output.csv
2630_params.csv
2631_output.csv
2631_params.csv
2632_output.csv
2632_params.csv
2633_output.csv
2633_params.csv
2634_output.csv
2634_params.csv
2635_output.csv
2635_params.csv
2636_output.csv
2636_params.csv
2637_output.csv
2637_params.csv
2638_output.csv
2638_params.csv
2639_output.csv
2639_params.csv
263_output.csv
263_params.csv
2640_output.csv
2640_params.csv
2641_output.csv
2641_params.csv
2642_output.csv
2642_params.csv
2643_output.csv
2643_params.csv
2644_output.csv
2644_params.csv
2645_output.csv
2645_params.csv
2646_output.csv
2646_params.csv
2647_params.csv
2648_output.csv
2648_params.csv
2649_params.csv
264_output.csv
264_params.csv
2650_params.csv
2651_output.csv
2651_params.csv
2652_params.csv
2653_output.csv
2653_params.csv
2654_output.csv
2654_params.csv
2655_output.csv
2655_params.csv
2656_output.csv
2656_params.csv
2657_output.csv
2657_params.csv
2658_output.csv
2658_params.csv
2659_output.csv
2659_params.csv
265_output.csv
265_params.csv
2660_output.csv
2660_params.csv
2661_output.csv
2661_params.csv
2662_output.csv
2662_params.csv
2663_output.csv
2663_params.csv
2664_output.csv
2664_params.csv
2665_output.csv
2665_params.csv
2666_params.csv
2667_output.csv
2667_params.csv
2668_output.csv
2668_params.csv
2669_output.csv
2669_params.csv
266_output.csv
266_params.csv
2670_output.csv
2670_params.csv
2671_output.csv
2671_params.csv
2672_output.csv
2672_params.csv
2673_output.csv
2673_params.csv
2674_params.csv
2675_output.csv
2675_params.csv
2676_output.csv
2676_params.csv
2677_params.csv
2678_params.csv
2679_output.csv
2679_params.csv
267_output.csv
267_params.csv
2680_output.csv
2680_params.csv
2681_output.csv
2681_params.csv
2682_output.csv
2682_params.csv
2683_output.csv
2683_params.csv
2684_output.csv
2684_params.csv
2685_output.csv
2685_params.csv
2686_output.csv
2686_params.csv
2687_output.csv
2687_params.csv
2688_output.csv
2688_params.csv
2689_output.csv
2689_params.csv
268_output.csv
268_params.csv
2690_output.csv
2690_params.csv
2691_params.csv
2692_output.csv
2692_params.csv
2693_output.csv
2693_params.csv
2694_output.csv
2694_params.csv
2695_output.csv
2695_params.csv
2696_output.csv
2696_params.csv
2697_params.csv
2698_output.csv
2698_params.csv
2699_output.csv
2699_params.csv
269_output.csv
269_params.csv
26_output.csv
26_params.csv
2700_output.csv
2700_params.csv
2701_output.csv
2701_params.csv
2702_params.csv
2703_output.csv
2703_params.csv
2704_output.csv
2704_params.csv
2705_output.csv
2705_params.csv
2706_params.csv
2707_output.csv
2707_params.csv
2708_output.csv
2708_params.csv
2709_output.csv
2709_params.csv
270_params.csv
2710_output.csv
2710_params.csv
2711_output.csv
2711_params.csv
2712_output.csv
2712_params.csv
2713_output.csv
2713_params.csv
2714_output.csv
2714_params.csv
2715_output.csv
2715_params.csv
2716_output.csv
2716_params.csv
2717_output.csv
2717_params.csv
2718_params.csv
2719_output.csv
2719_params.csv
271_output.csv
271_params.csv
2720_output.csv
2720_params.csv
2721_output.csv
2721_params.csv
2722_output.csv
2722_params.csv
2723_output.csv
2723_params.csv
2724_output.csv
2724_params.csv
2725_output.csv
2725_params.csv
2726_output.csv
2726_params.csv
2727_output.csv
2727_params.csv
2728_output.csv
2728_params.csv
2729_output.csv
2729_params.csv
272_params.csv
2730_output.csv
2730_params.csv
2731_output.csv
2731_params.csv
2732_output.csv
2732_params.csv
2733_output.csv
2733_params.csv
2734_output.csv
2734_params.csv
2735_output.csv
2735_params.csv
2736_output.csv
2736_params.csv
2737_output.csv
2737_params.csv
2738_output.csv
2738_params.csv
2739_output.csv
2739_params.csv
273_output.csv
273_params.csv
2740_output.csv
2740_params.csv
2741_output.csv
2741_params.csv
2742_output.csv
2742_params.csv
2743_output.csv
2743_params.csv
2744_output.csv
2744_params.csv
2745_output.csv
2745_params.csv
2746_params.csv
2747_output.csv
2747_params.csv
2748_output.csv
2748_params.csv
2749_params.csv
274_params.csv
2750_output.csv
2750_params.csv
2751_output.csv
2751_params.csv
2752_output.csv
2752_params.csv
2753_output.csv
2753_params.csv
2754_output.csv
2754_params.csv
2755_output.csv
2755_params.csv
2756_output.csv
2756_params.csv
2757_output.csv
2757_params.csv
2758_output.csv
2758_params.csv
2759_output.csv
2759_params.csv
275_output.csv
275_params.csv
2760_output.csv
2760_params.csv
2761_output.csv
2761_params.csv
2762_output.csv
2762_params.csv
2763_output.csv
2763_params.csv
2764_params.csv
2765_output.csv
2765_params.csv
2766_output.csv
2766_params.csv
2767_output.csv
2767_params.csv
2768_output.csv
2768_params.csv
2769_params.csv
276_output.csv
276_params.csv
2770_output.csv
2770_params.csv
2771_output.csv
2771_params.csv
2772_params.csv
2773_params.csv
2774_output.csv
2774_params.csv
2775_output.csv
2775_params.csv
2776_params.csv
2777_output.csv
2777_params.csv
2778_output.csv
2778_params.csv
2779_params.csv
277_output.csv
277_params.csv
2780_output.csv
2780_params.csv
2781_output.csv
2781_params.csv
2782_output.csv
2782_params.csv
2783_output.csv
2783_params.csv
2784_output.csv
2784_params.csv
2785_output.csv
2785_params.csv
2786_params.csv
2787_output.csv
2787_params.csv
2788_output.csv
2788_params.csv
2789_output.csv
2789_params.csv
278_params.csv
2790_output.csv
2790_params.csv
2791_output.csv
2791_params.csv
2792_params.csv
2793_output.csv
2793_params.csv
2794_output.csv
2794_params.csv
2795_output.csv
2795_params.csv
2796_output.csv
2796_params.csv
2797_params.csv
2798_output.csv
2798_params.csv
2799_params.csv
279_output.csv
279_params.csv
27_output.csv
27_params.csv
2800_output.csv
2800_params.csv
2801_output.csv
2801_params.csv
2802_output.csv
2802_params.csv
2803_output.csv
2803_params.csv
2804_output.csv
2804_params.csv
2805_output.csv
2805_params.csv
2806_output.csv
2806_params.csv
2807_output.csv
2807_params.csv
2808_output.csv
2808_params.csv
2809_params.csv
280_output.csv
280_params.csv
2810_output.csv
2810_params.csv
2811_output.csv
2811_params.csv
2812_output.csv
2812_params.csv
2813_output.csv
2813_params.csv
2814_output.csv
2814_params.csv
2815_output.csv
2815_params.csv
2816_output.csv
2816_params.csv
2817_output.csv
2817_params.csv
2818_output.csv
2818_params.csv
2819_output.csv
2819_params.csv
281_output.csv
281_params.csv
2820_params.csv
2821_output.csv
2821_params.csv
2822_output.csv
2822_params.csv
2823_output.csv
2823_params.csv
2824_output.csv
2824_params.csv
2825_output.csv
2825_params.csv
2826_output.csv
2826_params.csv
2827_output.csv
2827_params.csv
2828_output.csv
2828_params.csv
2829_output.csv
2829_params.csv
282_output.csv
282_params.csv
2830_output.csv
2830_params.csv
2831_output.csv
2831_params.csv
2832_output.csv
2832_params.csv
2833_output.csv
2833_params.csv
2834_params.csv
2835_output.csv
2835_params.csv
2836_output.csv
2836_params.csv
2837_params.csv
2838_output.csv
2838_params.csv
2839_output.csv
2839_params.csv
283_output.csv
283_params.csv
2840_output.csv
2840_params.csv
2841_output.csv
2841_params.csv
2842_params.csv
2843_output.csv
2843_params.csv
2844_output.csv
2844_params.csv
2845_output.csv
2845_params.csv
2846_output.csv
2846_params.csv
2847_params.csv
2848_output.csv
2848_params.csv
2849_params.csv
284_output.csv
284_params.csv
2850_params.csv
2851_output.csv
2851_params.csv
2852_params.csv
2853_output.csv
2853_params.csv
2854_output.csv
2854_params.csv
2855_output.csv
2855_params.csv
2856_params.csv
2857_output.csv
2857_params.csv
2858_params.csv
2859_output.csv
2859_params.csv
285_output.csv
285_params.csv
2860_output.csv
2860_params.csv
2861_output.csv
2861_params.csv
2862_output.csv
2862_params.csv
2863_output.csv
2863_params.csv
2864_output.csv
2864_params.csv
2865_output.csv
2865_params.csv
2866_params.csv
2867_output.csv
2867_params.csv
2868_output.csv
2868_params.csv
2869_params.csv
286_params.csv
2870_output.csv
2870_params.csv
2871_output.csv
2871_params.csv
2872_output.csv
2872_params.csv
2873_params.csv
2874_output.csv
2874_params.csv
2875_params.csv
2876_output.csv
2876_params.csv
2877_output.csv
2877_params.csv
2878_output.csv
2878_params.csv
2879_output.csv
2879_params.csv
287_output.csv
287_params.csv
2880_output.csv
2880_params.csv
2881_output.csv
2881_params.csv
2882_output.csv
2882_params.csv
2883_output.csv
2883_params.csv
2884_output.csv
2884_params.csv
2885_output.csv
2885_params.csv
2886_params.csv
2887_params.csv
2888_output.csv
2888_params.csv
2889_output.csv
2889_params.csv
288_params.csv
2890_output.csv
2890_params.csv
2891_output.csv
2891_params.csv
2892_output.csv
2892_params.csv
2893_output.csv
2893_params.csv
2894_output.csv
2894_params.csv
2895_output.csv
2895_params.csv
2896_output.csv
2896_params.csv
2897_output.csv
2897_params.csv
2898_params.csv
2899_params.csv
289_output.csv
289_params.csv
28_output.csv
28_params.csv
2900_output.csv
2900_params.csv
2901_output.csv
2901_params.csv
2902_output.csv
2902_params.csv
2903_output.csv
2903_params.csv
2904_output.csv
2904_params.csv
2905_output.csv
2905_params.csv
2906_output.csv
2906_params.csv
2907_output.csv
2907_params.csv
2908_params.csv
2909_params.csv
290_output.csv
290_params.csv
2910_output.csv
2910_params.csv
2911_output.csv
2911_params.csv
2912_output.csv
2912_params.csv
2913_output.csv
2913_params.csv
2914_output.csv
2914_params.csv
2915_output.csv
2915_params.csv
2916_output.csv
2916_params.csv
2917_params.csv
2918_output.csv
2918_params.csv
2919_output.csv
2919_params.csv
291_params.csv
2920_output.csv
2920_params.csv
2921_output.csv
2921_params.csv
2922_output.csv
2922_params.csv
2923_output.csv
2923_params.csv
2924_params.csv
2925_output.csv
2925_params.csv
2926_output.csv
2926_params.csv
2927_output.csv
2927_params.csv
2928_output.csv
2928_params.csv
2929_output.csv
2929_params.csv
292_output.csv
292_params.csv
2930_output.csv
2930_params.csv
2931_output.csv
2931_params.csv
2932_output.csv
2932_params.csv
2933_output.csv
2933_params.csv
2934_params.csv
2935_output.csv
2935_params.csv
2936_output.csv
2936_params.csv
2937_output.csv
2937_params.csv
2938_output.csv
2938_params.csv
2939_output.csv
2939_params.csv
293_output.csv
293_params.csv
2940_output.csv
2940_params.csv
2941_output.csv
2941_params.csv
2942_output.csv
2942_params.csv
2943_params.csv
2944_output.csv
2944_params.csv
2945_output.csv
2945_params.csv
2946_output.csv
2946_params.csv
2947_params.csv
2948_output.csv
2948_params.csv
2949_params.csv
294_params.csv
2950_output.csv
2950_params.csv
2951_output.csv
2951_params.csv
2952_output.csv
2952_params.csv
2953_params.csv
2954_output.csv
2954_params.csv
2955_output.csv
2955_params.csv
2956_output.csv
2956_params.csv
2957_output.csv
2957_params.csv
2958_output.csv
2958_params.csv
2959_output.csv
2959_params.csv
295_output.csv
295_params.csv
2960_params.csv
2961_output.csv
2961_params.csv
2962_output.csv
2962_params.csv
2963_params.csv
2964_output.csv
2964_params.csv
2965_output.csv
2965_params.csv
2966_output.csv
2966_params.csv
2967_output.csv
2967_params.csv
2968_output.csv
2968_params.csv
2969_output.csv
2969_params.csv
296_output.csv
296_params.csv
2970_output.csv
2970_params.csv
2971_output.csv
2971_params.csv
2972_output.csv
2972_params.csv
2973_output.csv
2973_params.csv
2974_output.csv
2974_params.csv
2975_output.csv
2975_params.csv
2976_output.csv
2976_params.csv
2977_output.csv
2977_params.csv
2978_output.csv
2978_params.csv
2979_output.csv
2979_params.csv
297_output.csv
297_params.csv
2980_output.csv
2980_params.csv
2981_output.csv
2981_params.csv
2982_output.csv
2982_params.csv
2983_output.csv
2983_params.csv
2984_params.csv
2985_params.csv
2986_output.csv
2986_params.csv
2987_output.csv
2987_params.csv
2988_output.csv
2988_params.csv
2989_output.csv
2989_params.csv
298_output.csv
298_params.csv
2990_output.csv
2990_params.csv
2991_output.csv
2991_params.csv
2992_output.csv
2992_params.csv
2993_output.csv
2993_params.csv
2994_output.csv
2994_params.csv
2995_output.csv
2995_params.csv
2996_output.csv
2996_params.csv
2997_output.csv
2997_params.csv
2998_output.csv
2998_params.csv
2999_params.csv
299_output.csv
299_params.csv
29_params.csv
2_output.csv
2_params.csv
3000_output.csv
3000_params.csv
3001_output.csv
3001_params.csv
3002_output.csv
3002_params.csv
3003_output.csv
3003_params.csv
3004_output.csv
3004_params.csv
3005_output.csv
3005_params.csv
3006_params.csv
3007_output.csv
3007_params.csv
3008_output.csv
3008_params.csv
3009_output.csv
3009_params.csv
300_output.csv
300_params.csv
3010_params.csv
3011_output.csv
3011_params.csv
3012_output.csv
3012_params.csv
3013_output.csv
3013_params.csv
3014_output.csv
3014_params.csv
3015_output.csv
3015_params.csv
3016_output.csv
3016_params.csv
3017_output.csv
3017_params.csv
3018_output.csv
3018_params.csv
3019_output.csv
3019_params.csv
301_output.csv
301_params.csv
3020_params.csv
3021_output.csv
3021_params.csv
3022_output.csv
3022_params.csv
3023_output.csv
3023_params.csv
3024_output.csv
3024_params.csv
3025_output.csv
3025_params.csv
3026_output.csv
3026_params.csv
3027_output.csv
3027_params.csv
3028_output.csv
3028_params.csv
3029_output.csv
3029_params.csv
302_params.csv
3030_output.csv
3030_params.csv
3031_output.csv
3031_params.csv
3032_output.csv
3032_params.csv
3033_output.csv
3033_params.csv
3034_output.csv
3034_params.csv
3035_output.csv
3035_params.csv
3036_output.csv
3036_params.csv
3037_output.csv
3037_params.csv
3038_output.csv
3038_params.csv
3039_params.csv
303_output.csv
303_params.csv
3040_output.csv
3040_params.csv
3041_output.csv
3041_params.csv
3042_output.csv
3042_params.csv
3043_output.csv
3043_params.csv
3044_output.csv
3044_params.csv
3045_output.csv
3045_params.csv
3046_output.csv
3046_params.csv
3047_output.csv
3047_params.csv
3048_output.csv
3048_params.csv
3049_params.csv
304_params.csv
3050_output.csv
3050_params.csv
3051_output.csv
3051_params.csv
3052_output.csv
3052_params.csv
3053_output.csv
3053_params.csv
3054_output.csv
3054_params.csv
3055_params.csv
3056_output.csv
3056_params.csv
3057_output.csv
3057_params.csv
3058_params.csv
3059_output.csv
3059_params.csv
305_output.csv
305_params.csv
3060_output.csv
3060_params.csv
3061_output.csv
3061_params.csv
3062_output.csv
3062_params.csv
3063_output.csv
3063_params.csv
3064_output.csv
3064_params.csv
3065_output.csv
3065_params.csv
3066_output.csv
3066_params.csv
3067_params.csv
3068_output.csv
3068_params.csv
3069_params.csv
306_params.csv
3070_output.csv
3070_params.csv
3071_output.csv
3071_params.csv
3072_output.csv
3072_params.csv
3073_output.csv
3073_params.csv
3074_output.csv
3074_params.csv
3075_output.csv
3075_params.csv
3076_output.csv
3076_params.csv
3077_output.csv
3077_params.csv
3078_output.csv
3078_params.csv
3079_output.csv
3079_params.csv
307_output.csv
307_params.csv
3080_params.csv
3081_output.csv
3081_params.csv
3082_params.csv
3083_output.csv
3083_params.csv
3084_output.csv
3084_params.csv
3085_output.csv
3085_params.csv
3086_output.csv
3086_params.csv
3087_output.csv
3087_params.csv
3088_output.csv
3088_params.csv
3089_output.csv
3089_params.csv
308_params.csv
3090_output.csv
3090_params.csv
3091_output.csv
3091_params.csv
3092_output.csv
3092_params.csv
3093_params.csv
3094_params.csv
3095_output.csv
3095_params.csv
3096_output.csv
3096_params.csv
3097_output.csv
3097_params.csv
3098_output.csv
3098_params.csv
3099_output.csv
3099_params.csv
309_params.csv
30_output.csv
30_params.csv
3100_output.csv
3100_params.csv
3101_output.csv
3101_params.csv
3102_params.csv
3103_output.csv
3103_params.csv
3104_output.csv
3104_params.csv
3105_params.csv
3106_output.csv
3106_params.csv
3107_output.csv
3107_params.csv
3108_output.csv
3108_params.csv
3109_params.csv
310_output.csv
310_params.csv
3110_output.csv
3110_params.csv
3111_params.csv
3112_output.csv
3112_params.csv
3113_output.csv
3113_params.csv
3114_output.csv
3114_params.csv
3115_output.csv
3115_params.csv
3116_output.csv
3116_params.csv
3117_params.csv
3118_output.csv
3118_params.csv
3119_output.csv
3119_params.csv
311_output.csv
311_params.csv
3120_params.csv
3121_output.csv
3121_params.csv
3122_output.csv
3122_params.csv
3123_output.csv
3123_params.csv
3124_output.csv
3124_params.csv
3125_output.csv
3125_params.csv
3126_output.csv
3126_params.csv
3127_output.csv
3127_params.csv
3128_output.csv
3128_params.csv
3129_output.csv
3129_params.csv
312_output.csv
312_params.csv
3130_output.csv
3130_params.csv
3131_output.csv
3131_params.csv
3132_output.csv
3132_params.csv
3133_output.csv
3133_params.csv
3134_output.csv
3134_params.csv
3135_output.csv
3135_params.csv
3136_params.csv
3137_output.csv
3137_params.csv
3138_params.csv
3139_output.csv
3139_params.csv
313_output.csv
313_params.csv
3140_params.csv
3141_output.csv
3141_params.csv
3142_output.csv
3142_params.csv
3143_output.csv
3143_params.csv
3144_output.csv
3144_params.csv
3145_output.csv
3145_params.csv
3146_output.csv
3146_params.csv
3147_params.csv
3148_output.csv
3148_params.csv
3149_output.csv
3149_params.csv
314_output.csv
314_params.csv
3150_output.csv
3150_params.csv
3151_output.csv
3151_params.csv
3152_params.csv
3153_output.csv
3153_params.csv
3154_params.csv
3155_output.csv
3155_params.csv
3156_output.csv
3156_params.csv
3157_output.csv
3157_params.csv
3158_params.csv
3159_output.csv
3159_params.csv
315_output.csv
315_params.csv
3160_output.csv
3160_params.csv
3161_params.csv
3162_output.csv
3162_params.csv
3163_output.csv
3163_params.csv
3164_output.csv
3164_params.csv
3165_output.csv
3165_params.csv
3166_params.csv
3167_output.csv
3167_params.csv
3168_params.csv
3169_output.csv
3169_params.csv
316_output.csv
316_params.csv
3170_params.csv
3171_output.csv
3171_params.csv
3172_output.csv
3172_params.csv
3173_output.csv
3173_params.csv
3174_params.csv
3175_output.csv
3175_params.csv
3176_output.csv
3176_params.csv
3177_output.csv
3177_params.csv
3178_output.csv
3178_params.csv
3179_output.csv
3179_params.csv
317_output.csv
317_params.csv
3180_output.csv
3180_params.csv
3181_output.csv
3181_params.csv
3182_output.csv
3182_params.csv
3183_output.csv
3183_params.csv
3184_output.csv
3184_params.csv
3185_output.csv
3185_params.csv
3186_output.csv
3186_params.csv
3187_output.csv
3187_params.csv
3188_output.csv
3188_params.csv
3189_output.csv
3189_params.csv
318_output.csv
318_params.csv
3190_output.csv
3190_params.csv
3191_output.csv
3191_params.csv
3192_output.csv
3192_params.csv
3193_output.csv
3193_params.csv
3194_output.csv
3194_params.csv
3195_output.csv
3195_params.csv
3196_params.csv
3197_output.csv
3197_params.csv
3198_params.csv
3199_output.csv
3199_params.csv
319_output.csv
319_params.csv
31_output.csv
31_params.csv
3200_output.csv
3200_params.csv
3201_params.csv
3202_output.csv
3202_params.csv
3203_output.csv
3203_params.csv
3204_output.csv
3204_params.csv
3205_output.csv
3205_params.csv
3206_params.csv
3207_output.csv
3207_params.csv
3208_output.csv
3208_params.csv
3209_output.csv
3209_params.csv
320_output.csv
320_params.csv
3210_output.csv
3210_params.csv
3211_params.csv
3212_params.csv
3213_output.csv
3213_params.csv
3214_output.csv
3214_params.csv
3215_output.csv
3215_params.csv
3216_output.csv
3216_params.csv
3217_params.csv
3218_output.csv
3218_params.csv
3219_output.csv
3219_params.csv
321_output.csv
321_params.csv
3220_output.csv
3220_params.csv
3221_output.csv
3221_params.csv
3222_output.csv
3222_params.csv
3223_output.csv
3223_params.csv
3224_output.csv
3224_params.csv
3225_output.csv
3225_params.csv
3226_output.csv
3226_params.csv
3227_output.csv
3227_params.csv
3228_output.csv
3228_params.csv
3229_output.csv
3229_params.csv
322_output.csv
322_params.csv
3230_output.csv
3230_params.csv
3231_output.csv
3231_params.csv
3232_output.csv
3232_params.csv
3233_params.csv
3234_output.csv
3234_params.csv
3235_output.csv
3235_params.csv
3236_output.csv
3236_params.csv
3237_output.csv
3237_params.csv
3238_output.csv
3238_params.csv
3239_params.csv
323_output.csv
323_params.csv
3240_output.csv
3240_params.csv
3241_output.csv
3241_params.csv
3242_output.csv
3242_params.csv
3243_params.csv
3244_output.csv
3244_params.csv
3245_output.csv
3245_params.csv
3246_params.csv
3247_output.csv
3247_params.csv
3248_output.csv
3248_params.csv
3249_output.csv
3249_params.csv
324_output.csv
324_params.csv
3250_params.csv
3251_output.csv
3251_params.csv
3252_output.csv
3252_params.csv
3253_output.csv
3253_params.csv
3254_output.csv
3254_params.csv
3255_output.csv
3255_params.csv
3256_output.csv
3256_params.csv
3257_output.csv
3257_params.csv
3258_output.csv
3258_params.csv
3259_output.csv
3259_params.csv
325_output.csv
325_params.csv
3260_output.csv
3260_params.csv
3261_output.csv
3261_params.csv
3262_params.csv
3263_output.csv
3263_params.csv
3264_output.csv
3264_params.csv
3265_output.csv
3265_params.csv
3266_output.csv
3266_params.csv
3267_output.csv
3267_params.csv
3268_output.csv
3268_params.csv
3269_output.csv
3269_params.csv
326_output.csv
326_params.csv
3270_output.csv
3270_params.csv
3271_output.csv
3271_params.csv
3272_output.csv
3272_params.csv
3273_output.csv
3273_params.csv
3274_output.csv
3274_params.csv
3275_output.csv
3275_params.csv
3276_params.csv
3277_output.csv
3277_params.csv
3278_output.csv
3278_params.csv
3279_params.csv
327_params.csv
3280_output.csv
3280_params.csv
3281_output.csv
3281_params.csv
3282_output.csv
3282_params.csv
3283_output.csv
3283_params.csv
3284_output.csv
3284_params.csv
3285_output.csv
3285_params.csv
3286_output.csv
3286_params.csv
3287_output.csv
3287_params.csv
3288_output.csv
3288_params.csv
3289_output.csv
3289_params.csv
328_output.csv
328_params.csv
3290_output.csv
3290_params.csv
3291_output.csv
3291_params.csv
3292_output.csv
3292_params.csv
3293_output.csv
3293_params.csv
3294_output.csv
3294_params.csv
3295_output.csv
3295_params.csv
3296_output.csv
3296_params.csv
3297_output.csv
3297_params.csv
3298_output.csv
3298_params.csv
3299_params.csv
329_params.csv
32_output.csv
32_params.csv
3300_output.csv
3300_params.csv
3301_output.csv
3301_params.csv
3302_output.csv
3302_params.csv
3303_output.csv
3303_params.csv
3304_output.csv
3304_params.csv
3305_output.csv
3305_params.csv
3306_params.csv
3307_output.csv
3307_params.csv
3308_output.csv
3308_params.csv
3309_params.csv
330_output.csv
330_params.csv
3310_output.csv
3310_params.csv
3311_output.csv
3311_params.csv
3312_output.csv
3312_params.csv
3313_output.csv
3313_params.csv
3314_output.csv
3314_params.csv
3315_output.csv
3315_params.csv
3316_output.csv
3316_params.csv
3317_params.csv
3318_output.csv
3318_params.csv
3319_output.csv
3319_params.csv
331_output.csv
331_params.csv
3320_output.csv
3320_params.csv
3321_output.csv
3321_params.csv
3322_output.csv
3322_params.csv
3323_output.csv
3323_params.csv
3324_params.csv
3325_output.csv
3325_params.csv
3326_output.csv
3326_params.csv
3327_output.csv
3327_params.csv
3328_params.csv
3329_output.csv
3329_params.csv
332_output.csv
332_params.csv
3330_output.csv
3330_params.csv
3331_output.csv
3331_params.csv
3332_output.csv
3332_params.csv
3333_output.csv
3333_params.csv
3334_params.csv
3335_output.csv
3335_params.csv
3336_output.csv
3336_params.csv
3337_output.csv
3337_params.csv
3338_output.csv
3338_params.csv
3339_output.csv
3339_params.csv
333_output.csv
333_params.csv
3340_params.csv
3341_output.csv
3341_params.csv
3342_output.csv
3342_params.csv
3343_output.csv
3343_params.csv
3344_output.csv
3344_params.csv
3345_output.csv
3345_params.csv
3346_output.csv
3346_params.csv
3347_output.csv
3347_params.csv
3348_output.csv
3348_params.csv
3349_output.csv
3349_params.csv
334_output.csv
334_params.csv
3350_output.csv
3350_params.csv
3351_output.csv
3351_params.csv
3352_params.csv
3353_output.csv
3353_params.csv
3354_output.csv
3354_params.csv
3355_output.csv
3355_params.csv
3356_output.csv
3356_params.csv
3357_output.csv
3357_params.csv
3358_params.csv
3359_output.csv
3359_params.csv
335_params.csv
3360_output.csv
3360_params.csv
3361_params.csv
3362_output.csv
3362_params.csv
3363_output.csv
3363_params.csv
3364_params.csv
3365_output.csv
3365_params.csv
3366_output.csv
3366_params.csv
3367_output.csv
3367_params.csv
3368_output.csv
3368_params.csv
3369_output.csv
3369_params.csv
336_params.csv
3370_output.csv
3370_params.csv
3371_output.csv
3371_params.csv
3372_output.csv
3372_params.csv
3373_output.csv
3373_params.csv
3374_output.csv
3374_params.csv
3375_output.csv
3375_params.csv
3376_output.csv
3376_params.csv
3377_params.csv
3378_output.csv
3378_params.csv
3379_output.csv
3379_params.csv
337_params.csv
3380_output.csv
3380_params.csv
3381_output.csv
3381_params.csv
3382_output.csv
3382_params.csv
3383_output.csv
3383_params.csv
3384_params.csv
3385_output.csv
3385_params.csv
3386_output.csv
3386_params.csv
3387_params.csv
3388_output.csv
3388_params.csv
3389_output.csv
3389_params.csv
338_output.csv
338_params.csv
3390_output.csv
3390_params.csv
3391_output.csv
3391_params.csv
3392_output.csv
3392_params.csv
3393_output.csv
3393_params.csv
3394_output.csv
3394_params.csv
3395_output.csv
3395_params.csv
3396_output.csv
3396_params.csv
3397_output.csv
3397_params.csv
3398_output.csv
3398_params.csv
3399_output.csv
3399_params.csv
339_output.csv
339_params.csv
33_output.csv
33_params.csv
3400_output.csv
3400_params.csv
3401_output.csv
3401_params.csv
3402_output.csv
3402_params.csv
3403_output.csv
3403_params.csv
3404_output.csv
3404_params.csv
3405_output.csv
3405_params.csv
3406_output.csv
3406_params.csv
3407_output.csv
3407_params.csv
3408_params.csv
3409_output.csv
3409_params.csv
340_params.csv
3410_output.csv
3410_params.csv
3411_output.csv
3411_params.csv
3412_params.csv
3413_output.csv
3413_params.csv
3414_output.csv
3414_params.csv
3415_output.csv
3415_params.csv
3416_output.csv
3416_params.csv
3417_output.csv
3417_params.csv
3418_output.csv
3418_params.csv
3419_output.csv
3419_params.csv
341_params.csv
3420_output.csv
3420_params.csv
3421_output.csv
3421_params.csv
3422_params.csv
3423_params.csv
3424_output.csv
3424_params.csv
3425_output.csv
3425_params.csv
3426_output.csv
3426_params.csv
3427_output.csv
3427_params.csv
3428_output.csv
3428_params.csv
3429_output.csv
3429_params.csv
342_output.csv
342_params.csv
3430_output.csv
3430_params.csv
3431_output.csv
3431_params.csv
3432_output.csv
3432_params.csv
3433_output.csv
3433_params.csv
3434_output.csv
3434_params.csv
3435_output.csv
3435_params.csv
3436_output.csv
3436_params.csv
3437_params.csv
3438_output.csv
3438_params.csv
3439_output.csv
3439_params.csv
343_output.csv
343_params.csv
3440_output.csv
3440_params.csv
3441_output.csv
3441_params.csv
3442_output.csv
3442_params.csv
3443_output.csv
3443_params.csv
3444_output.csv
3444_params.csv
3445_output.csv
3445_params.csv
3446_output.csv
3446_params.csv
3447_params.csv
3448_output.csv
3448_params.csv
3449_output.csv
3449_params.csv
344_output.csv
344_params.csv
3450_output.csv
3450_params.csv
3451_output.csv
3451_params.csv
3452_params.csv
3453_output.csv
3453_params.csv
3454_output.csv
3454_params.csv
3455_output.csv
3455_params.csv
3456_output.csv
3456_params.csv
3457_params.csv
3458_params.csv
3459_output.csv
3459_params.csv
345_output.csv
345_params.csv
3460_output.csv
3460_params.csv
3461_output.csv
3461_params.csv
3462_output.csv
3462_params.csv
3463_output.csv
3463_params.csv
3464_params.csv
3465_output.csv
3465_params.csv
3466_output.csv
3466_params.csv
3467_params.csv
3468_output.csv
3468_params.csv
3469_output.csv
3469_params.csv
346_output.csv
346_params.csv
3470_output.csv
3470_params.csv
3471_params.csv
3472_output.csv
3472_params.csv
3473_output.csv
3473_params.csv
3474_params.csv
3475_output.csv
3475_params.csv
3476_output.csv
3476_params.csv
3477_output.csv
3477_params.csv
3478_output.csv
3478_params.csv
3479_params.csv
347_params.csv
3480_output.csv
3480_params.csv
3481_output.csv
3481_params.csv
3482_output.csv
3482_params.csv
3483_params.csv
3484_params.csv
3485_output.csv
3485_params.csv
3486_output.csv
3486_params.csv
3487_output.csv
3487_params.csv
3488_output.csv
3488_params.csv
3489_output.csv
3489_params.csv
348_output.csv
348_params.csv
3490_output.csv
3490_params.csv
3491_output.csv
3491_params.csv
3492_output.csv
3492_params.csv
3493_params.csv
3494_output.csv
3494_params.csv
3495_output.csv
3495_params.csv
3496_output.csv
3496_params.csv
3497_output.csv
3497_params.csv
3498_output.csv
3498_params.csv
3499_output.csv
3499_params.csv
349_output.csv
349_params.csv
34_params.csv
3500_output.csv
3500_params.csv
3501_output.csv
3501_params.csv
3502_output.csv
3502_params.csv
3503_output.csv
3503_params.csv
3504_output.csv
3504_params.csv
3505_output.csv
3505_params.csv
3506_output.csv
3506_params.csv
3507_output.csv
3507_params.csv
3508_output.csv
3508_params.csv
3509_output.csv
3509_params.csv
350_output.csv
350_params.csv
3510_output.csv
3510_params.csv
3511_output.csv
3511_params.csv
3512_output.csv
3512_params.csv
3513_output.csv
3513_params.csv
3514_params.csv
3515_output.csv
3515_params.csv
3516_output.csv
3516_params.csv
3517_output.csv
3517_params.csv
3518_output.csv
3518_params.csv
3519_params.csv
351_output.csv
351_params.csv
3520_output.csv
3520_params.csv
3521_output.csv
3521_params.csv
3522_output.csv
3522_params.csv
3523_output.csv
3523_params.csv
3524_output.csv
3524_params.csv
3525_output.csv
3525_params.csv
3526_output.csv
3526_params.csv
3527_params.csv
3528_output.csv
3528_params.csv
3529_output.csv
3529_params.csv
352_output.csv
352_params.csv
3530_params.csv
3531_params.csv
3532_output.csv
3532_params.csv
3533_output.csv
3533_params.csv
3534_output.csv
3534_params.csv
3535_output.csv
3535_params.csv
3536_params.csv
3537_output.csv
3537_params.csv
3538_output.csv
3538_params.csv
3539_output.csv
3539_params.csv
353_output.csv
353_params.csv
3540_output.csv
3540_params.csv
3541_output.csv
3541_params.csv
3542_output.csv
3542_params.csv
3543_output.csv
3543_params.csv
3544_params.csv
3545_output.csv
3545_params.csv
3546_output.csv
3546_params.csv
3547_params.csv
3548_output.csv
3548_params.csv
3549_output.csv
3549_params.csv
354_output.csv
354_params.csv
3550_output.csv
3550_params.csv
3551_output.csv
3551_params.csv
3552_output.csv
3552_params.csv
3553_output.csv
3553_params.csv
3554_output.csv
3554_params.csv
3555_output.csv
3555_params.csv
3556_output.csv
3556_params.csv
3557_output.csv
3557_params.csv
3558_output.csv
3558_params.csv
3559_output.csv
3559_params.csv
355_output.csv
355_params.csv
3560_output.csv
3560_params.csv
3561_params.csv
3562_output.csv
3562_params.csv
3563_output.csv
3563_params.csv
3564_output.csv
3564_params.csv
3565_params.csv
3566_output.csv
3566_params.csv
3567_output.csv
3567_params.csv
3568_output.csv
3568_params.csv
3569_output.csv
3569_params.csv
356_output.csv
356_params.csv
3570_output.csv
3570_params.csv
3571_output.csv
3571_params.csv
3572_output.csv
3572_params.csv
3573_output.csv
3573_params.csv
3574_output.csv
3574_params.csv
3575_output.csv
3575_params.csv
3576_params.csv
3577_output.csv
3577_params.csv
3578_output.csv
3578_params.csv
3579_params.csv
357_params.csv
3580_output.csv
3580_params.csv
3581_output.csv
3581_params.csv
3582_params.csv
3583_output.csv
3583_params.csv
3584_output.csv
3584_params.csv
3585_params.csv
3586_output.csv
3586_params.csv
3587_output.csv
3587_params.csv
3588_output.csv
3588_params.csv
3589_output.csv
3589_params.csv
358_output.csv
358_params.csv
3590_output.csv
3590_params.csv
3591_output.csv
3591_params.csv
3592_output.csv
3592_params.csv
3593_output.csv
3593_params.csv
3594_output.csv
3594_params.csv
3595_output.csv
3595_params.csv
3596_output.csv
3596_params.csv
3597_output.csv
3597_params.csv
3598_output.csv
3598_params.csv
3599_output.csv
3599_params.csv
359_params.csv
35_output.csv
35_params.csv
3600_output.csv
3600_params.csv
3601_params.csv
3602_output.csv
3602_params.csv
3603_params.csv
3604_output.csv
3604_params.csv
3605_output.csv
3605_params.csv
3606_output.csv
3606_params.csv
3607_output.csv
3607_params.csv
3608_output.csv
3608_params.csv
3609_output.csv
3609_params.csv
360_output.csv
360_params.csv
3610_params.csv
3611_output.csv
3611_params.csv
3612_output.csv
3612_params.csv
3613_output.csv
3613_params.csv
3614_params.csv
3615_output.csv
3615_params.csv
3616_params.csv
3617_output.csv
3617_params.csv
3618_params.csv
3619_output.csv
3619_params.csv
361_output.csv
361_params.csv
3620_output.csv
3620_params.csv
3621_params.csv
3622_output.csv
3622_params.csv
3623_output.csv
3623_params.csv
3624_output.csv
3624_params.csv
3625_output.csv
3625_params.csv
3626_output.csv
3626_params.csv
3627_output.csv
3627_params.csv
3628_params.csv
3629_output.csv
3629_params.csv
362_output.csv
362_params.csv
3630_output.csv
3630_params.csv
3631_output.csv
3631_params.csv
3632_output.csv
3632_params.csv
3633_output.csv
3633_params.csv
3634_output.csv
3634_params.csv
3635_output.csv
3635_params.csv
3636_output.csv
3636_params.csv
3637_output.csv
3637_params.csv
3638_output.csv
3638_params.csv
3639_output.csv
3639_params.csv
363_params.csv
3640_params.csv
3641_params.csv
3642_output.csv
3642_params.csv
3643_output.csv
3643_params.csv
3644_output.csv
3644_params.csv
3645_params.csv
3646_params.csv
3647_output.csv
3647_params.csv
3648_output.csv
3648_params.csv
3649_output.csv
3649_params.csv
364_output.csv
364_params.csv
3650_output.csv
3650_params.csv
3651_output.csv
3651_params.csv
3652_output.csv
3652_params.csv
3653_output.csv
3653_params.csv
3654_output.csv
3654_params.csv
3655_output.csv
3655_params.csv
3656_output.csv
3656_params.csv
3657_params.csv
3658_output.csv
3658_params.csv
3659_params.csv
365_output.csv
365_params.csv
3660_output.csv
3660_params.csv
3661_output.csv
3661_params.csv
3662_output.csv
3662_params.csv
3663_output.csv
3663_params.csv
3664_output.csv
3664_params.csv
3665_output.csv
3665_params.csv
3666_output.csv
3666_params.csv
3667_output.csv
3667_params.csv
3668_output.csv
3668_params.csv
3669_output.csv
3669_params.csv
366_output.csv
366_params.csv
3670_output.csv
3670_params.csv
3671_output.csv
3671_params.csv
3672_output.csv
3672_params.csv
3673_params.csv
3674_output.csv
3674_params.csv
3675_output.csv
3675_params.csv
3676_output.csv
3676_params.csv
3677_output.csv
3677_params.csv
3678_output.csv
3678_params.csv
3679_output.csv
3679_params.csv
367_output.csv
367_params.csv
3680_output.csv
3680_params.csv
3681_output.csv
3681_params.csv
3682_output.csv
3682_params.csv
3683_output.csv
3683_params.csv
3684_output.csv
3684_params.csv
3685_params.csv
3686_output.csv
3686_params.csv
3687_output.csv
3687_params.csv
3688_output.csv
3688_params.csv
3689_params.csv
368_output.csv
368_params.csv
3690_output.csv
3690_params.csv
3691_params.csv
3692_output.csv
3692_params.csv
3693_params.csv
3694_output.csv
3694_params.csv
3695_output.csv
3695_params.csv
3696_output.csv
3696_params.csv
3697_output.csv
3697_params.csv
3698_output.csv
3698_params.csv
3699_output.csv
3699_params.csv
369_output.csv
369_params.csv
36_output.csv
36_params.csv
3700_output.csv
3700_params.csv
3701_params.csv
3702_output.csv
3702_params.csv
3703_output.csv
3703_params.csv
3704_output.csv
3704_params.csv
3705_output.csv
3705_params.csv
3706_output.csv
3706_params.csv
3707_output.csv
3707_params.csv
3708_output.csv
3708_params.csv
3709_output.csv
3709_params.csv
370_output.csv
370_params.csv
3710_output.csv
3710_params.csv
3711_params.csv
3712_params.csv
3713_params.csv
3714_output.csv
3714_params.csv
3715_output.csv
3715_params.csv
3716_output.csv
3716_params.csv
3717_output.csv
3717_params.csv
3718_output.csv
3718_params.csv
3719_output.csv
3719_params.csv
371_output.csv
371_params.csv
3720_params.csv
3721_output.csv
3721_params.csv
3722_output.csv
3722_params.csv
3723_output.csv
3723_params.csv
3724_params.csv
3725_output.csv
3725_params.csv
3726_output.csv
3726_params.csv
3727_params.csv
3728_params.csv
3729_output.csv
3729_params.csv
372_output.csv
372_params.csv
3730_output.csv
3730_params.csv
3731_output.csv
3731_params.csv
3732_output.csv
3732_params.csv
3733_output.csv
3733_params.csv
3734_output.csv
3734_params.csv
3735_output.csv
3735_params.csv
3736_output.csv
3736_params.csv
3737_output.csv
3737_params.csv
3738_params.csv
3739_params.csv
373_output.csv
373_params.csv
3740_output.csv
3740_params.csv
3741_output.csv
3741_params.csv
3742_output.csv
3742_params.csv
3743_output.csv
3743_params.csv
3744_output.csv
3744_params.csv
3745_output.csv
3745_params.csv
3746_output.csv
3746_params.csv
3747_output.csv
3747_params.csv
3748_output.csv
3748_params.csv
3749_output.csv
3749_params.csv
374_output.csv
374_params.csv
3750_params.csv
3751_params.csv
3752_params.csv
3753_output.csv
3753_params.csv
3754_output.csv
3754_params.csv
3755_output.csv
3755_params.csv
3756_output.csv
3756_params.csv
3757_output.csv
3757_params.csv
3758_output.csv
3758_params.csv
3759_output.csv
3759_params.csv
375_output.csv
375_params.csv
3760_output.csv
3760_params.csv
3761_output.csv
3761_params.csv
3762_params.csv
3763_output.csv
3763_params.csv
3764_output.csv
3764_params.csv
3765_params.csv
3766_output.csv
3766_params.csv
3767_output.csv
3767_params.csv
3768_output.csv
3768_params.csv
3769_output.csv
3769_params.csv
376_params.csv
3770_output.csv
3770_params.csv
3771_output.csv
3771_params.csv
3772_output.csv
3772_params.csv
3773_output.csv
3773_params.csv
3774_output.csv
3774_params.csv
3775_output.csv
3775_params.csv
3776_output.csv
3776_params.csv
3777_output.csv
3777_params.csv
3778_output.csv
3778_params.csv
3779_output.csv
3779_params.csv
377_output.csv
377_params.csv
3780_output.csv
3780_params.csv
3781_output.csv
3781_params.csv
3782_output.csv
3782_params.csv
3783_output.csv
3783_params.csv
3784_output.csv
3784_params.csv
3785_params.csv
3786_output.csv
3786_params.csv
3787_output.csv
3787_params.csv
3788_params.csv
3789_output.csv
3789_params.csv
378_output.csv
378_params.csv
3790_output.csv
3790_params.csv
3791_output.csv
3791_params.csv
3792_output.csv
3792_params.csv
3793_params.csv
3794_output.csv
3794_params.csv
3795_output.csv
3795_params.csv
3796_output.csv
3796_params.csv
3797_output.csv
3797_params.csv
3798_output.csv
3798_params.csv
3799_params.csv
379_output.csv
379_params.csv
37_output.csv
37_params.csv
3800_output.csv
3800_params.csv
3801_params.csv
3802_params.csv
3803_output.csv
3803_params.csv
3804_params.csv
3805_output.csv
3805_params.csv
3806_output.csv
3806_params.csv
3807_output.csv
3807_params.csv
3808_output.csv
3808_params.csv
3809_params.csv
380_output.csv
380_params.csv
3810_output.csv
3810_params.csv
3811_output.csv
3811_params.csv
3812_output.csv
3812_params.csv
3813_params.csv
3814_output.csv
3814_params.csv
3815_output.csv
3815_params.csv
3816_output.csv
3816_params.csv
3817_params.csv
3818_output.csv
3818_params.csv
3819_output.csv
3819_params.csv
381_output.csv
381_params.csv
3820_output.csv
3820_params.csv
3821_output.csv
3821_params.csv
3822_output.csv
3822_params.csv
3823_output.csv
3823_params.csv
3824_output.csv
3824_params.csv
3825_output.csv
3825_params.csv
3826_output.csv
3826_params.csv
3827_output.csv
3827_params.csv
3828_output.csv
3828_params.csv
3829_output.csv
3829_params.csv
382_output.csv
382_params.csv
3830_params.csv
3831_output.csv
3831_params.csv
3832_params.csv
3833_output.csv
3833_params.csv
3834_output.csv
3834_params.csv
3835_output.csv
3835_params.csv
3836_params.csv
3837_output.csv
3837_params.csv
3838_params.csv
3839_output.csv
3839_params.csv
383_output.csv
383_params.csv
3840_params.csv
3841_output.csv
3841_params.csv
3842_output.csv
3842_params.csv
3843_output.csv
3843_params.csv
3844_output.csv
3844_params.csv
3845_params.csv
3846_output.csv
3846_params.csv
3847_output.csv
3847_params.csv
3848_output.csv
3848_params.csv
3849_output.csv
3849_params.csv
384_output.csv
384_params.csv
3850_output.csv
3850_params.csv
3851_output.csv
3851_params.csv
3852_output.csv
3852_params.csv
3853_output.csv
3853_params.csv
3854_output.csv
3854_params.csv
3855_output.csv
3855_params.csv
3856_output.csv
3856_params.csv
3857_output.csv
3857_params.csv
3858_output.csv
3858_params.csv
3859_output.csv
3859_params.csv
385_output.csv
385_params.csv
3860_output.csv
3860_params.csv
3861_output.csv
3861_params.csv
3862_output.csv
3862_params.csv
3863_output.csv
3863_params.csv
3864_output.csv
3864_params.csv
3865_params.csv
3866_output.csv
3866_params.csv
3867_output.csv
3867_params.csv
3868_params.csv
3869_params.csv
386_output.csv
386_params.csv
3870_output.csv
3870_params.csv
3871_output.csv
3871_params.csv
3872_params.csv
3873_output.csv
3873_params.csv
3874_output.csv
3874_params.csv
3875_output.csv
3875_params.csv
3876_params.csv
3877_params.csv
3878_output.csv
3878_params.csv
3879_output.csv
3879_params.csv
387_output.csv
387_params.csv
3880_output.csv
3880_params.csv
3881_output.csv
3881_params.csv
3882_output.csv
3882_params.csv
3883_output.csv
3883_params.csv
3884_output.csv
3884_params.csv
3885_output.csv
3885_params.csv
3886_params.csv
3887_output.csv
3887_params.csv
3888_params.csv
3889_output.csv
3889_params.csv
388_output.csv
388_params.csv
3890_output.csv
3890_params.csv
3891_params.csv
3892_output.csv
3892_params.csv
3893_output.csv
3893_params.csv
3894_output.csv
3894_params.csv
3895_output.csv
3895_params.csv
3896_output.csv
3896_params.csv
3897_output.csv
3897_params.csv
3898_output.csv
3898_params.csv
3899_output.csv
3899_params.csv
389_output.csv
389_params.csv
38_output.csv
38_params.csv
3900_output.csv
3900_params.csv
3901_output.csv
3901_params.csv
3902_output.csv
3902_params.csv
3903_output.csv
3903_params.csv
3904_output.csv
3904_params.csv
3905_output.csv
3905_params.csv
3906_output.csv
3906_params.csv
3907_output.csv
3907_params.csv
3908_output.csv
3908_params.csv
3909_output.csv
3909_params.csv
390_output.csv
390_params.csv
3910_output.csv
3910_params.csv
3911_output.csv
3911_params.csv
3912_output.csv
3912_params.csv
3913_output.csv
3913_params.csv
3914_output.csv
3914_params.csv
3915_output.csv
3915_params.csv
3916_output.csv
3916_params.csv
3917_params.csv
3918_params.csv
3919_output.csv
3919_params.csv
391_output.csv
391_params.csv
3920_output.csv
3920_params.csv
3921_output.csv
3921_params.csv
3922_output.csv
3922_params.csv
3923_params.csv
3924_output.csv
3924_params.csv
3925_output.csv
3925_params.csv
3926_output.csv
3926_params.csv
3927_output.csv
3927_params.csv
3928_output.csv
3928_params.csv
3929_output.csv
3929_params.csv
392_params.csv
3930_params.csv
3931_output.csv
3931_params.csv
3932_output.csv
3932_params.csv
3933_params.csv
3934_output.csv
3934_params.csv
3935_output.csv
3935_params.csv
3936_output.csv
3936_params.csv
3937_output.csv
3937_params.csv
3938_output.csv
3938_params.csv
3939_output.csv
3939_params.csv
393_output.csv
393_params.csv
3940_output.csv
3940_params.csv
3941_output.csv
3941_params.csv
3942_output.csv
3942_params.csv
3943_output.csv
3943_params.csv
3944_params.csv
3945_output.csv
3945_params.csv
3946_output.csv
3946_params.csv
3947_output.csv
3947_params.csv
3948_output.csv
3948_params.csv
3949_output.csv
3949_params.csv
394_output.csv
394_params.csv
3950_output.csv
3950_params.csv
3951_output.csv
3951_params.csv
3952_output.csv
3952_params.csv
3953_output.csv
3953_params.csv
3954_output.csv
3954_params.csv
3955_output.csv
3955_params.csv
3956_output.csv
3956_params.csv
3957_params.csv
3958_output.csv
3958_params.csv
3959_output.csv
3959_params.csv
395_output.csv
395_params.csv
3960_params.csv
3961_output.csv
3961_params.csv
3962_output.csv
3962_params.csv
3963_output.csv
3963_params.csv
3964_output.csv
3964_params.csv
3965_output.csv
3965_params.csv
3966_params.csv
3967_output.csv
3967_params.csv
3968_output.csv
3968_params.csv
3969_output.csv
3969_params.csv
396_output.csv
396_params.csv
3970_params.csv
3971_params.csv
3972_params.csv
3973_output.csv
3973_params.csv
3974_output.csv
3974_params.csv
3975_output.csv
3975_params.csv
3976_output.csv
3976_params.csv
3977_output.csv
3977_params.csv
3978_output.csv
3978_params.csv
3979_output.csv
3979_params.csv
397_output.csv
397_params.csv
3980_output.csv
3980_params.csv
3981_output.csv
3981_params.csv
3982_params.csv
3983_params.csv
3984_params.csv
3985_output.csv
3985_params.csv
3986_output.csv
3986_params.csv
3987_output.csv
3987_params.csv
3988_output.csv
3988_params.csv
3989_params.csv
398_output.csv
398_params.csv
3990_params.csv
3991_output.csv
3991_params.csv
3992_output.csv
3992_params.csv
3993_params.csv
3994_output.csv
3994_params.csv
3995_params.csv
3996_output.csv
3996_params.csv
3997_output.csv
3997_params.csv
3998_output.csv
3998_params.csv
3999_params.csv
399_output.csv
399_params.csv
39_output.csv
39_params.csv
3_output.csv
3_params.csv
4000_output.csv
4000_params.csv
4001_output.csv
4001_params.csv
4002_output.csv
4002_params.csv
4003_output.csv
4003_params.csv
4004_params.csv
4005_output.csv
4005_params.csv
4006_output.csv
4006_params.csv
4007_output.csv
4007_params.csv
4008_output.csv
4008_params.csv
4009_output.csv
4009_params.csv
400_params.csv
4010_params.csv
4011_output.csv
4011_params.csv
4012_output.csv
4012_params.csv
4013_params.csv
4014_output.csv
4014_params.csv
4015_output.csv
4015_params.csv
4016_output.csv
4016_params.csv
4017_output.csv
4017_params.csv
4018_output.csv
4018_params.csv
4019_output.csv
4019_params.csv
401_output.csv
401_params.csv
4020_output.csv
4020_params.csv
4021_params.csv
4022_output.csv
4022_params.csv
4023_params.csv
4024_output.csv
4024_params.csv
4025_output.csv
4025_params.csv
4026_output.csv
4026_params.csv
4027_output.csv
4027_params.csv
4028_output.csv
4028_params.csv
4029_output.csv
4029_params.csv
402_output.csv
402_params.csv
4030_output.csv
4030_params.csv
4031_output.csv
4031_params.csv
4032_output.csv
4032_params.csv
4033_params.csv
4034_params.csv
4035_params.csv
4036_output.csv
4036_params.csv
4037_output.csv
4037_params.csv
4038_output.csv
4038_params.csv
4039_output.csv
4039_params.csv
403_output.csv
403_params.csv
4040_params.csv
4041_output.csv
4041_params.csv
4042_output.csv
4042_params.csv
4043_output.csv
4043_params.csv
4044_output.csv
4044_params.csv
4045_output.csv
4045_params.csv
4046_output.csv
4046_params.csv
4047_output.csv
4047_params.csv
4048_output.csv
4048_params.csv
4049_output.csv
4049_params.csv
404_output.csv
404_params.csv
4050_params.csv
4051_output.csv
4051_params.csv
4052_output.csv
4052_params.csv
4053_output.csv
4053_params.csv
4054_output.csv
4054_params.csv
4055_output.csv
4055_params.csv
4056_params.csv
4057_output.csv
4057_params.csv
4058_params.csv
4059_output.csv
4059_params.csv
405_output.csv
405_params.csv
4060_output.csv
4060_params.csv
4061_output.csv
4061_params.csv
4062_output.csv
4062_params.csv
4063_params.csv
4064_output.csv
4064_params.csv
4065_params.csv
4066_output.csv
4066_params.csv
4067_output.csv
4067_params.csv
4068_output.csv
4068_params.csv
4069_params.csv
406_output.csv
406_params.csv
4070_output.csv
4070_params.csv
4071_output.csv
4071_params.csv
4072_output.csv
4072_params.csv
4073_output.csv
4073_params.csv
4074_output.csv
4074_params.csv
4075_output.csv
4075_params.csv
4076_output.csv
4076_params.csv
4077_output.csv
4077_params.csv
4078_output.csv
4078_params.csv
4079_output.csv
4079_params.csv
407_output.csv
407_params.csv
4080_output.csv
4080_params.csv
4081_output.csv
4081_params.csv
4082_output.csv
4082_params.csv
4083_output.csv
4083_params.csv
4084_params.csv
4085_params.csv
4086_params.csv
4087_output.csv
4087_params.csv
4088_output.csv
4088_params.csv
4089_params.csv
408_output.csv
408_params.csv
4090_output.csv
4090_params.csv
4091_output.csv
4091_params.csv
4092_output.csv
4092_params.csv
4093_output.csv
4093_params.csv
4094_output.csv
4094_params.csv
4095_output.csv
4095_params.csv
4096_output.csv
4096_params.csv
4097_output.csv
4097_params.csv
4098_output.csv
4098_params.csv
4099_params.csv
409_output.csv
409_params.csv
40_output.csv
40_params.csv
4100_params.csv
4101_output.csv
4101_params.csv
4102_output.csv
4102_params.csv
4103_output.csv
4103_params.csv
4104_output.csv
4104_params.csv
4105_output.csv
4105_params.csv
4106_output.csv
4106_params.csv
4107_output.csv
4107_params.csv
4108_output.csv
4108_params.csv
4109_output.csv
4109_params.csv
410_output.csv
410_params.csv
4110_output.csv
4110_params.csv
4111_output.csv
4111_params.csv
4112_params.csv
4113_output.csv
4113_params.csv
4114_output.csv
4114_params.csv
4115_output.csv
4115_params.csv
4116_output.csv
4116_params.csv
4117_output.csv
4117_params.csv
4118_output.csv
4118_params.csv
4119_output.csv
4119_params.csv
411_output.csv
411_params.csv
4120_output.csv
4120_params.csv
4121_output.csv
4121_params.csv
4122_output.csv
4122_params.csv
4123_output.csv
4123_params.csv
4124_output.csv
4124_params.csv
4125_output.csv
4125_params.csv
4126_params.csv
4127_output.csv
4127_params.csv
4128_output.csv
4128_params.csv
4129_output.csv
4129_params.csv
412_output.csv
412_params.csv
4130_output.csv
4130_params.csv
4131_params.csv
4132_params.csv
4133_output.csv
4133_params.csv
4134_output.csv
4134_params.csv
4135_output.csv
4135_params.csv
4136_params.csv
4137_output.csv
4137_params.csv
4138_output.csv
4138_params.csv
4139_output.csv
4139_params.csv
413_output.csv
413_params.csv
4140_output.csv
4140_params.csv
4141_output.csv
4141_params.csv
4142_output.csv
4142_params.csv
4143_output.csv
4143_params.csv
4144_output.csv
4144_params.csv
4145_output.csv
4145_params.csv
4146_params.csv
4147_output.csv
4147_params.csv
4148_output.csv
4148_params.csv
4149_output.csv
4149_params.csv
414_output.csv
414_params.csv
4150_output.csv
4150_params.csv
4151_output.csv
4151_params.csv
4152_output.csv
4152_params.csv
4153_output.csv
4153_params.csv
4154_output.csv
4154_params.csv
4155_output.csv
4155_params.csv
4156_output.csv
4156_params.csv
4157_output.csv
4157_params.csv
4158_output.csv
4158_params.csv
4159_output.csv
4159_params.csv
415_params.csv
4160_output.csv
4160_params.csv
4161_output.csv
4161_params.csv
4162_params.csv
4163_output.csv
4163_params.csv
4164_output.csv
4164_params.csv
4165_output.csv
4165_params.csv
4166_params.csv
4167_output.csv
4167_params.csv
4168_output.csv
4168_params.csv
4169_output.csv
4169_params.csv
416_output.csv
416_params.csv
4170_output.csv
4170_params.csv
4171_output.csv
4171_params.csv
4172_output.csv
4172_params.csv
4173_output.csv
4173_params.csv
4174_output.csv
4174_params.csv
4175_output.csv
4175_params.csv
4176_params.csv
4177_params.csv
4178_output.csv
4178_params.csv
4179_output.csv
4179_params.csv
417_output.csv
417_params.csv
4180_output.csv
4180_params.csv
4181_output.csv
4181_params.csv
4182_params.csv
4183_output.csv
4183_params.csv
4184_output.csv
4184_params.csv
4185_params.csv
4186_output.csv
4186_params.csv
4187_params.csv
4188_output.csv
4188_params.csv
4189_output.csv
4189_params.csv
418_output.csv
418_params.csv
4190_output.csv
4190_params.csv
4191_output.csv
4191_params.csv
4192_output.csv
4192_params.csv
4193_output.csv
4193_params.csv
4194_params.csv
4195_output.csv
4195_params.csv
4196_output.csv
4196_params.csv
4197_output.csv
4197_params.csv
4198_params.csv
4199_output.csv
4199_params.csv
419_params.csv
41_params.csv
4200_output.csv
4200_params.csv
4201_output.csv
4201_params.csv
4202_output.csv
4202_params.csv
4203_output.csv
4203_params.csv
4204_output.csv
4204_params.csv
4205_output.csv
4205_params.csv
4206_output.csv
4206_params.csv
4207_output.csv
4207_params.csv
4208_output.csv
4208_params.csv
4209_params.csv
420_params.csv
4210_output.csv
4210_params.csv
4211_params.csv
4212_output.csv
4212_params.csv
4213_params.csv
4214_output.csv
4214_params.csv
4215_output.csv
4215_params.csv
4216_output.csv
4216_params.csv
4217_output.csv
4217_params.csv
4218_output.csv
4218_params.csv
4219_output.csv
4219_params.csv
421_output.csv
421_params.csv
4220_output.csv
4220_params.csv
4221_output.csv
4221_params.csv
4222_output.csv
4222_params.csv
4223_output.csv
4223_params.csv
4224_output.csv
4224_params.csv
4225_output.csv
4225_params.csv
4226_output.csv
4226_params.csv
4227_params.csv
4228_output.csv
4228_params.csv
4229_output.csv
4229_params.csv
422_params.csv
4230_output.csv
4230_params.csv
4231_output.csv
4231_params.csv
4232_params.csv
4233_output.csv
4233_params.csv
4234_params.csv
4235_output.csv
4235_params.csv
4236_output.csv
4236_params.csv
4237_output.csv
4237_params.csv
4238_output.csv
4238_params.csv
4239_params.csv
423_output.csv
423_params.csv
4240_output.csv
4240_params.csv
4241_output.csv
4241_params.csv
4242_output.csv
4242_params.csv
4243_output.csv
4243_params.csv
4244_output.csv
4244_params.csv
4245_output.csv
4245_params.csv
4246_output.csv
4246_params.csv
4247_output.csv
4247_params.csv
4248_output.csv
4248_params.csv
4249_params.csv
424_output.csv
424_params.csv
4250_output.csv
4250_params.csv
4251_output.csv
4251_params.csv
4252_params.csv
4253_output.csv
4253_params.csv
4254_output.csv
4254_params.csv
4255_output.csv
4255_params.csv
4256_output.csv
4256_params.csv
4257_output.csv
4257_params.csv
4258_output.csv
4258_params.csv
4259_output.csv
4259_params.csv
425_output.csv
425_params.csv
4260_output.csv
4260_params.csv
4261_output.csv
4261_params.csv
4262_output.csv
4262_params.csv
4263_output.csv
4263_params.csv
4264_params.csv
4265_output.csv
4265_params.csv
4266_output.csv
4266_params.csv
4267_params.csv
4268_output.csv
4268_params.csv
4269_output.csv
4269_params.csv
426_params.csv
4270_output.csv
4270_params.csv
4271_params.csv
4272_output.csv
4272_params.csv
4273_output.csv
4273_params.csv
4274_output.csv
4274_params.csv
4275_output.csv
4275_params.csv
4276_output.csv
4276_params.csv
4277_output.csv
4277_params.csv
4278_output.csv
4278_params.csv
4279_output.csv
4279_params.csv
427_params.csv
4280_output.csv
4280_params.csv
4281_output.csv
4281_params.csv
4282_output.csv
4282_params.csv
4283_output.csv
4283_params.csv
4284_output.csv
4284_params.csv
4285_output.csv
4285_params.csv
4286_output.csv
4286_params.csv
4287_params.csv
4288_output.csv
4288_params.csv
4289_output.csv
4289_params.csv
428_output.csv
428_params.csv
4290_output.csv
4290_params.csv
4291_output.csv
4291_params.csv
4292_output.csv
4292_params.csv
4293_output.csv
4293_params.csv
4294_output.csv
4294_params.csv
4295_output.csv
4295_params.csv
4296_output.csv
4296_params.csv
4297_output.csv
4297_params.csv
4298_output.csv
4298_params.csv
4299_output.csv
4299_params.csv
429_output.csv
429_params.csv
42_output.csv
42_params.csv
4300_output.csv
4300_params.csv
4301_output.csv
4301_params.csv
4302_output.csv
4302_params.csv
4303_output.csv
4303_params.csv
4304_output.csv
4304_params.csv
4305_output.csv
4305_params.csv
4306_params.csv
4307_output.csv
4307_params.csv
4308_output.csv
4308_params.csv
4309_output.csv
4309_params.csv
430_output.csv
430_params.csv
4310_output.csv
4310_params.csv
4311_output.csv
4311_params.csv
4312_output.csv
4312_params.csv
4313_output.csv
4313_params.csv
4314_output.csv
4314_params.csv
4315_output.csv
4315_params.csv
4316_output.csv
4316_params.csv
4317_output.csv
4317_params.csv
4318_output.csv
4318_params.csv
4319_output.csv
4319_params.csv
431_output.csv
431_params.csv
4320_output.csv
4320_params.csv
4321_output.csv
4321_params.csv
4322_output.csv
4322_params.csv
4323_params.csv
4324_output.csv
4324_params.csv
4325_output.csv
4325_params.csv
4326_output.csv
4326_params.csv
4327_output.csv
4327_params.csv
4328_output.csv
4328_params.csv
4329_output.csv
4329_params.csv
432_output.csv
432_params.csv
4330_output.csv
4330_params.csv
4331_output.csv
4331_params.csv
4332_output.csv
4332_params.csv
4333_output.csv
4333_params.csv
4334_params.csv
4335_output.csv
4335_params.csv
4336_output.csv
4336_params.csv
4337_output.csv
4337_params.csv
4338_output.csv
4338_params.csv
4339_output.csv
4339_params.csv
433_output.csv
433_params.csv
4340_output.csv
4340_params.csv
4341_output.csv
4341_params.csv
4342_params.csv
4343_output.csv
4343_params.csv
4344_output.csv
4344_params.csv
4345_output.csv
4345_params.csv
4346_output.csv
4346_params.csv
4347_output.csv
4347_params.csv
4348_output.csv
4348_params.csv
4349_output.csv
4349_params.csv
434_output.csv
434_params.csv
4350_output.csv
4350_params.csv
4351_output.csv
4351_params.csv
4352_output.csv
4352_params.csv
4353_output.csv
4353_params.csv
4354_output.csv
4354_params.csv
4355_output.csv
4355_params.csv
4356_output.csv
4356_params.csv
4357_output.csv
4357_params.csv
4358_output.csv
4358_params.csv
4359_output.csv
4359_params.csv
435_output.csv
435_params.csv
4360_output.csv
4360_params.csv
4361_output.csv
4361_params.csv
4362_output.csv
4362_params.csv
4363_output.csv
4363_params.csv
4364_output.csv
4364_params.csv
4365_output.csv
4365_params.csv
4366_output.csv
4366_params.csv
4367_output.csv
4367_params.csv
4368_output.csv
4368_params.csv
4369_output.csv
4369_params.csv
436_params.csv
4370_output.csv
4370_params.csv
4371_params.csv
4372_output.csv
4372_params.csv
4373_output.csv
4373_params.csv
4374_output.csv
4374_params.csv
4375_output.csv
4375_params.csv
4376_output.csv
4376_params.csv
4377_output.csv
4377_params.csv
4378_output.csv
4378_params.csv
4379_output.csv
4379_params.csv
437_params.csv
4380_output.csv
4380_params.csv
4381_output.csv
4381_params.csv
4382_params.csv
4383_output.csv
4383_params.csv
4384_output.csv
4384_params.csv
4385_output.csv
4385_params.csv
4386_output.csv
4386_params.csv
4387_output.csv
4387_params.csv
4388_output.csv
4388_params.csv
4389_params.csv
438_output.csv
438_params.csv
4390_output.csv
4390_params.csv
4391_params.csv
4392_output.csv
4392_params.csv
4393_output.csv
4393_params.csv
4394_output.csv
4394_params.csv
4395_output.csv
4395_params.csv
4396_output.csv
4396_params.csv
4397_output.csv
4397_params.csv
4398_output.csv
4398_params.csv
4399_output.csv
4399_params.csv
439_output.csv
439_params.csv
43_output.csv
43_params.csv
4400_output.csv
4400_params.csv
4401_output.csv
4401_params.csv
4402_output.csv
4402_params.csv
4403_output.csv
4403_params.csv
4404_output.csv
4404_params.csv
4405_output.csv
4405_params.csv
4406_output.csv
4406_params.csv
4407_output.csv
4407_params.csv
4408_output.csv
4408_params.csv
4409_output.csv
4409_params.csv
440_output.csv
440_params.csv
4410_output.csv
4410_params.csv
4411_output.csv
4411_params.csv
4412_output.csv
4412_params.csv
4413_output.csv
4413_params.csv
4414_params.csv
4415_output.csv
4415_params.csv
4416_output.csv
4416_params.csv
4417_output.csv
4417_params.csv
4418_output.csv
4418_params.csv
4419_output.csv
4419_params.csv
441_output.csv
441_params.csv
4420_output.csv
4420_params.csv
4421_output.csv
4421_params.csv
4422_output.csv
4422_params.csv
4423_output.csv
4423_params.csv
4424_output.csv
4424_params.csv
4425_output.csv
4425_params.csv
4426_params.csv
4427_output.csv
4427_params.csv
4428_params.csv
4429_output.csv
4429_params.csv
442_output.csv
442_params.csv
4430_output.csv
4430_params.csv
4431_params.csv
4432_output.csv
4432_params.csv
4433_output.csv
4433_params.csv
4434_output.csv
4434_params.csv
4435_output.csv
4435_params.csv
4436_output.csv
4436_params.csv
4437_output.csv
4437_params.csv
4438_output.csv
4438_params.csv
4439_output.csv
4439_params.csv
443_params.csv
4440_output.csv
4440_params.csv
4441_output.csv
4441_params.csv
4442_output.csv
4442_params.csv
4443_output.csv
4443_params.csv
4444_params.csv
4445_output.csv
4445_params.csv
4446_output.csv
4446_params.csv
4447_output.csv
4447_params.csv
4448_output.csv
4448_params.csv
4449_output.csv
4449_params.csv
444_output.csv
444_params.csv
4450_output.csv
4450_params.csv
4451_output.csv
4451_params.csv
4452_output.csv
4452_params.csv
4453_params.csv
4454_output.csv
4454_params.csv
4455_output.csv
4455_params.csv
4456_output.csv
4456_params.csv
4457_output.csv
4457_params.csv
4458_params.csv
4459_output.csv
4459_params.csv
445_params.csv
4460_output.csv
4460_params.csv
4461_output.csv
4461_params.csv
4462_output.csv
4462_params.csv
4463_output.csv
4463_params.csv
4464_output.csv
4464_params.csv
4465_output.csv
4465_params.csv
4466_output.csv
4466_params.csv
4467_output.csv
4467_params.csv
4468_output.csv
4468_params.csv
4469_params.csv
446_output.csv
446_params.csv
4470_output.csv
4470_params.csv
4471_output.csv
4471_params.csv
4472_output.csv
4472_params.csv
4473_output.csv
4473_params.csv
4474_output.csv
4474_params.csv
4475_output.csv
4475_params.csv
4476_output.csv
4476_params.csv
4477_params.csv
4478_output.csv
4478_params.csv
4479_output.csv
4479_params.csv
447_output.csv
447_params.csv
4480_params.csv
4481_output.csv
4481_params.csv
4482_output.csv
4482_params.csv
4483_params.csv
4484_output.csv
4484_params.csv
4485_output.csv
4485_params.csv
4486_output.csv
4486_params.csv
4487_output.csv
4487_params.csv
4488_output.csv
4488_params.csv
4489_output.csv
4489_params.csv
448_params.csv
4490_output.csv
4490_params.csv
4491_output.csv
4491_params.csv
4492_output.csv
4492_params.csv
4493_output.csv
4493_params.csv
4494_output.csv
4494_params.csv
4495_output.csv
4495_params.csv
4496_output.csv
4496_params.csv
4497_output.csv
4497_params.csv
4498_output.csv
4498_params.csv
4499_output.csv
4499_params.csv
449_params.csv
44_params.csv
4500_output.csv
4500_params.csv
4501_params.csv
4502_output.csv
4502_params.csv
4503_output.csv
4503_params.csv
4504_output.csv
4504_params.csv
4505_output.csv
4505_params.csv
4506_output.csv
4506_params.csv
4507_output.csv
4507_params.csv
4508_output.csv
4508_params.csv
4509_output.csv
4509_params.csv
450_params.csv
4510_output.csv
4510_params.csv
4511_output.csv
4511_params.csv
4512_output.csv
4512_params.csv
4513_output.csv
4513_params.csv
4514_params.csv
4515_output.csv
4515_params.csv
4516_output.csv
4516_params.csv
4517_output.csv
4517_params.csv
4518_output.csv
4518_params.csv
4519_output.csv
4519_params.csv
451_output.csv
451_params.csv
4520_output.csv
4520_params.csv
4521_output.csv
4521_params.csv
4522_output.csv
4522_params.csv
4523_output.csv
4523_params.csv
4524_output.csv
4524_params.csv
4525_output.csv
4525_params.csv
4526_output.csv
4526_params.csv
4527_output.csv
4527_params.csv
4528_output.csv
4528_params.csv
4529_output.csv
4529_params.csv
452_output.csv
452_params.csv
4530_output.csv
4530_params.csv
4531_output.csv
4531_params.csv
4532_output.csv
4532_params.csv
4533_output.csv
4533_params.csv
4534_output.csv
4534_params.csv
4535_output.csv
4535_params.csv
4536_output.csv
4536_params.csv
4537_output.csv
4537_params.csv
4538_output.csv
4538_params.csv
4539_output.csv
4539_params.csv
453_output.csv
453_params.csv
4540_output.csv
4540_params.csv
4541_output.csv
4541_params.csv
4542_output.csv
4542_params.csv
4543_output.csv
4543_params.csv
4544_output.csv
4544_params.csv
4545_params.csv
4546_output.csv
4546_params.csv
4547_output.csv
4547_params.csv
4548_params.csv
4549_output.csv
4549_params.csv
454_params.csv
4550_output.csv
4550_params.csv
4551_params.csv
4552_output.csv
4552_params.csv
4553_output.csv
4553_params.csv
4554_output.csv
4554_params.csv
4555_output.csv
4555_params.csv
4556_output.csv
4556_params.csv
4557_output.csv
4557_params.csv
4558_output.csv
4558_params.csv
4559_output.csv
4559_params.csv
455_output.csv
455_params.csv
4560_output.csv
4560_params.csv
4561_params.csv
4562_output.csv
4562_params.csv
4563_params.csv
4564_params.csv
4565_output.csv
4565_params.csv
4566_output.csv
4566_params.csv
4567_params.csv
4568_output.csv
4568_params.csv
4569_output.csv
4569_params.csv
456_params.csv
4570_output.csv
4570_params.csv
4571_output.csv
4571_params.csv
4572_output.csv
4572_params.csv
4573_params.csv
4574_output.csv
4574_params.csv
4575_output.csv
4575_params.csv
4576_output.csv
4576_params.csv
4577_output.csv
4577_params.csv
4578_output.csv
4578_params.csv
4579_output.csv
4579_params.csv
457_params.csv
4580_output.csv
4580_params.csv
4581_output.csv
4581_params.csv
4582_output.csv
4582_params.csv
4583_output.csv
4583_params.csv
4584_params.csv
4585_output.csv
4585_params.csv
4586_output.csv
4586_params.csv
4587_params.csv
4588_output.csv
4588_params.csv
4589_output.csv
4589_params.csv
458_output.csv
458_params.csv
4590_output.csv
4590_params.csv
4591_output.csv
4591_params.csv
4592_output.csv
4592_params.csv
4593_params.csv
4594_output.csv
4594_params.csv
4595_output.csv
4595_params.csv
4596_params.csv
4597_params.csv
4598_output.csv
4598_params.csv
4599_output.csv
4599_params.csv
459_output.csv
459_params.csv
45_output.csv
45_params.csv
4600_params.csv
4601_output.csv
4601_params.csv
4602_output.csv
4602_params.csv
4603_output.csv
4603_params.csv
4604_output.csv
4604_params.csv
4605_output.csv
4605_params.csv
4606_output.csv
4606_params.csv
4607_params.csv
4608_output.csv
4608_params.csv
4609_output.csv
4609_params.csv
460_params.csv
4610_output.csv
4610_params.csv
4611_output.csv
4611_params.csv
4612_params.csv
4613_output.csv
4613_params.csv
4614_output.csv
4614_params.csv
4615_output.csv
4615_params.csv
4616_output.csv
4616_params.csv
4617_params.csv
4618_params.csv
4619_output.csv
4619_params.csv
461_output.csv
461_params.csv
4620_output.csv
4620_params.csv
4621_params.csv
4622_output.csv
4622_params.csv
4623_params.csv
4624_output.csv
4624_params.csv
4625_output.csv
4625_params.csv
4626_output.csv
4626_params.csv
4627_output.csv
4627_params.csv
4628_output.csv
4628_params.csv
4629_output.csv
4629_params.csv
462_output.csv
462_params.csv
4630_output.csv
4630_params.csv
4631_output.csv
4631_params.csv
4632_output.csv
4632_params.csv
4633_output.csv
4633_params.csv
4634_output.csv
4634_params.csv
4635_output.csv
4635_params.csv
4636_output.csv
4636_params.csv
4637_params.csv
4638_output.csv
4638_params.csv
4639_output.csv
4639_params.csv
463_output.csv
463_params.csv
4640_output.csv
4640_params.csv
4641_output.csv
4641_params.csv
4642_output.csv
4642_params.csv
4643_output.csv
4643_params.csv
4644_output.csv
4644_params.csv
4645_output.csv
4645_params.csv
4646_output.csv
4646_params.csv
4647_output.csv
4647_params.csv
4648_params.csv
4649_output.csv
4649_params.csv
464_params.csv
4650_output.csv
4650_params.csv
4651_output.csv
4651_params.csv
4652_output.csv
4652_params.csv
4653_output.csv
4653_params.csv
4654_output.csv
4654_params.csv
4655_output.csv
4655_params.csv
4656_output.csv
4656_params.csv
4657_output.csv
4657_params.csv
4658_output.csv
4658_params.csv
4659_output.csv
4659_params.csv
465_params.csv
4660_output.csv
4660_params.csv
4661_output.csv
4661_params.csv
4662_params.csv
4663_params.csv
4664_output.csv
4664_params.csv
4665_output.csv
4665_params.csv
4666_params.csv
4667_params.csv
4668_output.csv
4668_params.csv
4669_output.csv
4669_params.csv
466_output.csv
466_params.csv
4670_output.csv
4670_params.csv
4671_output.csv
4671_params.csv
4672_output.csv
4672_params.csv
4673_output.csv
4673_params.csv
4674_output.csv
4674_params.csv
4675_output.csv
4675_params.csv
4676_output.csv
4676_params.csv
4677_output.csv
4677_params.csv
4678_output.csv
4678_params.csv
4679_output.csv
4679_params.csv
467_output.csv
467_params.csv
4680_output.csv
4680_params.csv
4681_output.csv
4681_params.csv
4682_output.csv
4682_params.csv
4683_output.csv
4683_params.csv
4684_output.csv
4684_params.csv
4685_output.csv
4685_params.csv
4686_output.csv
4686_params.csv
4687_output.csv
4687_params.csv
4688_output.csv
4688_params.csv
4689_params.csv
468_output.csv
468_params.csv
4690_output.csv
4690_params.csv
4691_params.csv
4692_output.csv
4692_params.csv
4693_output.csv
4693_params.csv
4694_output.csv
4694_params.csv
4695_output.csv
4695_params.csv
4696_output.csv
4696_params.csv
4697_output.csv
4697_params.csv
4698_output.csv
4698_params.csv
4699_output.csv
4699_params.csv
469_output.csv
469_params.csv
46_params.csv
4700_output.csv
4700_params.csv
4701_output.csv
4701_params.csv
4702_output.csv
4702_params.csv
4703_output.csv
4703_params.csv
4704_output.csv
4704_params.csv
4705_output.csv
4705_params.csv
4706_output.csv
4706_params.csv
4707_output.csv
4707_params.csv
4708_output.csv
4708_params.csv
4709_output.csv
4709_params.csv
470_output.csv
470_params.csv
4710_output.csv
4710_params.csv
4711_output.csv
4711_params.csv
4712_output.csv
4712_params.csv
4713_params.csv
4714_output.csv
4714_params.csv
4715_output.csv
4715_params.csv
4716_params.csv
4717_output.csv
4717_params.csv
4718_output.csv
4718_params.csv
4719_output.csv
4719_params.csv
471_output.csv
471_params.csv
4720_output.csv
4720_params.csv
4721_output.csv
4721_params.csv
4722_output.csv
4722_params.csv
4723_output.csv
4723_params.csv
4724_output.csv
4724_params.csv
4725_output.csv
4725_params.csv
4726_output.csv
4726_params.csv
4727_output.csv
4727_params.csv
4728_params.csv
4729_params.csv
472_params.csv
4730_output.csv
4730_params.csv
4731_output.csv
4731_params.csv
4732_output.csv
4732_params.csv
4733_params.csv
4734_output.csv
4734_params.csv
4735_params.csv
4736_output.csv
4736_params.csv
4737_output.csv
4737_params.csv
4738_output.csv
4738_params.csv
4739_output.csv
4739_params.csv
473_output.csv
473_params.csv
4740_output.csv
4740_params.csv
4741_output.csv
4741_params.csv
4742_output.csv
4742_params.csv
4743_output.csv
4743_params.csv
4744_output.csv
4744_params.csv
4745_output.csv
4745_params.csv
4746_output.csv
4746_params.csv
4747_output.csv
4747_params.csv
4748_output.csv
4748_params.csv
4749_output.csv
4749_params.csv
474_output.csv
474_params.csv
4750_output.csv
4750_params.csv
4751_output.csv
4751_params.csv
4752_output.csv
4752_params.csv
4753_output.csv
4753_params.csv
4754_output.csv
4754_params.csv
4755_output.csv
4755_params.csv
4756_params.csv
4757_output.csv
4757_params.csv
4758_output.csv
4758_params.csv
4759_output.csv
4759_params.csv
475_output.csv
475_params.csv
4760_params.csv
4761_output.csv
4761_params.csv
4762_output.csv
4762_params.csv
4763_output.csv
4763_params.csv
4764_output.csv
4764_params.csv
4765_output.csv
4765_params.csv
4766_output.csv
4766_params.csv
4767_params.csv
4768_output.csv
4768_params.csv
4769_params.csv
476_output.csv
476_params.csv
4770_output.csv
4770_params.csv
4771_output.csv
4771_params.csv
4772_output.csv
4772_params.csv
4773_output.csv
4773_params.csv
4774_output.csv
4774_params.csv
4775_output.csv
4775_params.csv
4776_output.csv
4776_params.csv
4777_params.csv
4778_output.csv
4778_params.csv
4779_output.csv
4779_params.csv
477_params.csv
4780_params.csv
4781_output.csv
4781_params.csv
4782_output.csv
4782_params.csv
4783_output.csv
4783_params.csv
4784_output.csv
4784_params.csv
4785_output.csv
4785_params.csv
4786_output.csv
4786_params.csv
4787_output.csv
4787_params.csv
4788_output.csv
4788_params.csv
4789_output.csv
4789_params.csv
478_params.csv
4790_output.csv
4790_params.csv
4791_output.csv
4791_params.csv
4792_output.csv
4792_params.csv
4793_output.csv
4793_params.csv
4794_output.csv
4794_params.csv
4795_output.csv
4795_params.csv
4796_output.csv
4796_params.csv
4797_output.csv
4797_params.csv
4798_output.csv
4798_params.csv
4799_params.csv
479_output.csv
479_params.csv
47_output.csv
47_params.csv
4800_output.csv
4800_params.csv
4801_output.csv
4801_params.csv
4802_output.csv
4802_params.csv
4803_output.csv
4803_params.csv
4804_output.csv
4804_params.csv
4805_output.csv
4805_params.csv
4806_output.csv
4806_params.csv
4807_output.csv
4807_params.csv
4808_output.csv
4808_params.csv
4809_output.csv
4809_params.csv
480_params.csv
4810_output.csv
4810_params.csv
4811_output.csv
4811_params.csv
4812_output.csv
4812_params.csv
4813_output.csv
4813_params.csv
4814_params.csv
4815_output.csv
4815_params.csv
4816_output.csv
4816_params.csv
4817_output.csv
4817_params.csv
4818_params.csv
4819_output.csv
4819_params.csv
481_output.csv
481_params.csv
4820_output.csv
4820_params.csv
4821_output.csv
4821_params.csv
4822_output.csv
4822_params.csv
4823_output.csv
4823_params.csv
4824_output.csv
4824_params.csv
4825_output.csv
4825_params.csv
4826_output.csv
4826_params.csv
4827_output.csv
4827_params.csv
4828_output.csv
4828_params.csv
4829_output.csv
4829_params.csv
482_output.csv
482_params.csv
4830_output.csv
4830_params.csv
4831_output.csv
4831_params.csv
4832_output.csv
4832_params.csv
4833_output.csv
4833_params.csv
4834_output.csv
4834_params.csv
4835_output.csv
4835_params.csv
4836_output.csv
4836_params.csv
4837_output.csv
4837_params.csv
4838_output.csv
4838_params.csv
4839_output.csv
4839_params.csv
483_output.csv
483_params.csv
4840_output.csv
4840_params.csv
4841_output.csv
4841_params.csv
4842_output.csv
4842_params.csv
4843_output.csv
4843_params.csv
4844_output.csv
4844_params.csv
4845_output.csv
4845_params.csv
4846_params.csv
4847_output.csv
4847_params.csv
4848_output.csv
4848_params.csv
4849_output.csv
4849_params.csv
484_output.csv
484_params.csv
4850_output.csv
4850_params.csv
4851_output.csv
4851_params.csv
4852_output.csv
4852_params.csv
4853_output.csv
4853_params.csv
4854_output.csv
4854_params.csv
4855_output.csv
4855_params.csv
4856_output.csv
4856_params.csv
4857_output.csv
4857_params.csv
4858_output.csv
4858_params.csv
4859_output.csv
4859_params.csv
485_output.csv
485_params.csv
4860_output.csv
4860_params.csv
4861_params.csv
4862_output.csv
4862_params.csv
4863_output.csv
4863_params.csv
4864_output.csv
4864_params.csv
4865_params.csv
4866_output.csv
4866_params.csv
4867_output.csv
4867_params.csv
4868_output.csv
4868_params.csv
4869_output.csv
4869_params.csv
486_output.csv
486_params.csv
4870_output.csv
4870_params.csv
4871_output.csv
4871_params.csv
4872_params.csv
4873_output.csv
4873_params.csv
4874_output.csv
4874_params.csv
4875_output.csv
4875_params.csv
4876_output.csv
4876_params.csv
4877_output.csv
4877_params.csv
4878_output.csv
4878_params.csv
4879_output.csv
4879_params.csv
487_output.csv
487_params.csv
4880_params.csv
4881_output.csv
4881_params.csv
4882_output.csv
4882_params.csv
4883_output.csv
4883_params.csv
4884_output.csv
4884_params.csv
4885_params.csv
4886_output.csv
4886_params.csv
4887_output.csv
4887_params.csv
4888_output.csv
4888_params.csv
4889_output.csv
4889_params.csv
488_output.csv
488_params.csv
4890_output.csv
4890_params.csv
4891_output.csv
4891_params.csv
4892_output.csv
4892_params.csv
4893_params.csv
4894_output.csv
4894_params.csv
4895_output.csv
4895_params.csv
4896_output.csv
4896_params.csv
4897_output.csv
4897_params.csv
4898_output.csv
4898_params.csv
4899_output.csv
4899_params.csv
489_output.csv
489_params.csv
48_output.csv
48_params.csv
4900_output.csv
4900_params.csv
4901_output.csv
4901_params.csv
4902_output.csv
4902_params.csv
4903_output.csv
4903_params.csv
4904_output.csv
4904_params.csv
4905_output.csv
4905_params.csv
4906_output.csv
4906_params.csv
4907_output.csv
4907_params.csv
4908_output.csv
4908_params.csv
4909_output.csv
4909_params.csv
490_params.csv
4910_output.csv
4910_params.csv
4911_output.csv
4911_params.csv
4912_output.csv
4912_params.csv
4913_output.csv
4913_params.csv
4914_output.csv
4914_params.csv
4915_output.csv
4915_params.csv
4916_params.csv
4917_output.csv
4917_params.csv
4918_output.csv
4918_params.csv
4919_params.csv
491_output.csv
491_params.csv
4920_params.csv
4921_output.csv
4921_params.csv
4922_output.csv
4922_params.csv
4923_output.csv
4923_params.csv
4924_output.csv
4924_params.csv
4925_output.csv
4925_params.csv
4926_output.csv
4926_params.csv
4927_output.csv
4927_params.csv
4928_output.csv
4928_params.csv
4929_output.csv
4929_params.csv
492_params.csv
4930_output.csv
4930_params.csv
4931_output.csv
4931_params.csv
4932_params.csv
4933_output.csv
4933_params.csv
4934_output.csv
4934_params.csv
4935_output.csv
4935_params.csv
4936_output.csv
4936_params.csv
4937_output.csv
4937_params.csv
4938_params.csv
4939_output.csv
4939_params.csv
493_output.csv
493_params.csv
4940_output.csv
4940_params.csv
4941_output.csv
4941_params.csv
4942_output.csv
4942_params.csv
4943_output.csv
4943_params.csv
4944_output.csv
4944_params.csv
4945_output.csv
4945_params.csv
4946_output.csv
4946_params.csv
4947_output.csv
4947_params.csv
4948_output.csv
4948_params.csv
4949_output.csv
4949_params.csv
494_output.csv
494_params.csv
4950_output.csv
4950_params.csv
4951_params.csv
4952_output.csv
4952_params.csv
4953_output.csv
4953_params.csv
4954_output.csv
4954_params.csv
4955_output.csv
4955_params.csv
4956_output.csv
4956_params.csv
4957_output.csv
4957_params.csv
4958_output.csv
4958_params.csv
4959_output.csv
4959_params.csv
495_output.csv
495_params.csv
4960_output.csv
4960_params.csv
4961_output.csv
4961_params.csv
4962_output.csv
4962_params.csv
4963_output.csv
4963_params.csv
4964_output.csv
4964_params.csv
4965_output.csv
4965_params.csv
4966_params.csv
4967_output.csv
4967_params.csv
4968_output.csv
4968_params.csv
4969_params.csv
496_output.csv
496_params.csv
4970_params.csv
4971_output.csv
4971_params.csv
4972_output.csv
4972_params.csv
4973_output.csv
4973_params.csv
4974_output.csv
4974_params.csv
4975_output.csv
4975_params.csv
4976_output.csv
4976_params.csv
4977_params.csv
4978_params.csv
4979_output.csv
4979_params.csv
497_output.csv
497_params.csv
4980_params.csv
4981_output.csv
4981_params.csv
4982_output.csv
4982_params.csv
4983_output.csv
4983_params.csv
4984_params.csv
4985_params.csv
4986_output.csv
4986_params.csv
4987_output.csv
4987_params.csv
4988_output.csv
4988_params.csv
4989_output.csv
4989_params.csv
498_output.csv
498_params.csv
4990_output.csv
4990_params.csv
4991_output.csv
4991_params.csv
4992_params.csv
4993_output.csv
4993_params.csv
4994_output.csv
4994_params.csv
4995_output.csv
4995_params.csv
4996_output.csv
4996_params.csv
4997_output.csv
4997_params.csv
4998_output.csv
4998_params.csv
4999_output.csv
4999_params.csv
499_output.csv
499_params.csv
49_params.csv
4_output.csv
4_params.csv
500_output.csv
500_params.csv
501_output.csv
501_params.csv
502_output.csv
502_params.csv
503_output.csv
503_params.csv
504_output.csv
504_params.csv
505_params.csv
506_params.csv
507_output.csv
507_params.csv
508_output.csv
508_params.csv
509_output.csv
509_params.csv
50_output.csv
50_params.csv
510_output.csv
510_params.csv
511_output.csv
511_params.csv
512_output.csv
512_params.csv
513_output.csv
513_params.csv
514_output.csv
514_params.csv
515_output.csv
515_params.csv
516_output.csv
516_params.csv
517_output.csv
517_params.csv
518_params.csv
519_params.csv
51_output.csv
51_params.csv
520_output.csv
520_params.csv
521_output.csv
521_params.csv
522_output.csv
522_params.csv
523_params.csv
524_params.csv
525_output.csv
525_params.csv
526_params.csv
527_params.csv
528_output.csv
528_params.csv
529_output.csv
529_params.csv
52_params.csv
530_params.csv
531_output.csv
531_params.csv
532_params.csv
533_output.csv
533_params.csv
534_output.csv
534_params.csv
535_output.csv
535_params.csv
536_output.csv
536_params.csv
537_output.csv
537_params.csv
538_output.csv
538_params.csv
539_output.csv
539_params.csv
53_output.csv
53_params.csv
540_output.csv
540_params.csv
541_output.csv
541_params.csv
542_output.csv
542_params.csv
543_output.csv
543_params.csv
544_output.csv
544_params.csv
545_output.csv
545_params.csv
546_params.csv
547_output.csv
547_params.csv
548_output.csv
548_params.csv
549_output.csv
549_params.csv
54_output.csv
54_params.csv
550_output.csv
550_params.csv
551_output.csv
551_params.csv
552_output.csv
552_params.csv
553_output.csv
553_params.csv
554_output.csv
554_params.csv
555_output.csv
555_params.csv
556_output.csv
556_params.csv
557_output.csv
557_params.csv
558_output.csv
558_params.csv
559_output.csv
559_params.csv
55_output.csv
55_params.csv
560_output.csv
560_params.csv
561_output.csv
561_params.csv
562_output.csv
562_params.csv
563_output.csv
563_params.csv
564_output.csv
564_params.csv
565_params.csv
566_params.csv
567_output.csv
567_params.csv
568_output.csv
568_params.csv
569_output.csv
569_params.csv
56_output.csv
56_params.csv
570_output.csv
570_params.csv
571_output.csv
571_params.csv
572_output.csv
572_params.csv
573_output.csv
573_params.csv
574_params.csv
575_output.csv
575_params.csv
576_output.csv
576_params.csv
577_output.csv
577_params.csv
578_output.csv
578_params.csv
579_output.csv
579_params.csv
57_params.csv
580_output.csv
580_params.csv
581_output.csv
581_params.csv
582_output.csv
582_params.csv
583_output.csv
583_params.csv
584_output.csv
584_params.csv
585_output.csv
585_params.csv
586_output.csv
586_params.csv
587_output.csv
587_params.csv
588_output.csv
588_params.csv
589_params.csv
58_output.csv
58_params.csv
590_output.csv
590_params.csv
591_output.csv
591_params.csv
592_output.csv
592_params.csv
593_params.csv
594_output.csv
594_params.csv
595_output.csv
595_params.csv
596_output.csv
596_params.csv
597_params.csv
598_output.csv
598_params.csv
599_output.csv
599_params.csv
59_output.csv
59_params.csv
5_output.csv
5_params.csv
600_output.csv
600_params.csv
601_params.csv
602_output.csv
602_params.csv
603_output.csv
603_params.csv
604_params.csv
605_output.csv
605_params.csv
606_output.csv
606_params.csv
607_output.csv
607_params.csv
608_output.csv
608_params.csv
609_output.csv
609_params.csv
60_output.csv
60_params.csv
610_output.csv
610_params.csv
611_params.csv
612_output.csv
612_params.csv
613_output.csv
613_params.csv
614_output.csv
614_params.csv
615_output.csv
615_params.csv
616_output.csv
616_params.csv
617_params.csv
618_output.csv
618_params.csv
619_output.csv
619_params.csv
61_params.csv
620_output.csv
620_params.csv
621_output.csv
621_params.csv
622_output.csv
622_params.csv
623_output.csv
623_params.csv
624_output.csv
624_params.csv
625_params.csv
626_output.csv
626_params.csv
627_output.csv
627_params.csv
628_output.csv
628_params.csv
629_output.csv
629_params.csv
62_output.csv
62_params.csv
630_output.csv
630_params.csv
631_output.csv
631_params.csv
632_output.csv
632_params.csv
633_output.csv
633_params.csv
634_output.csv
634_params.csv
635_output.csv
635_params.csv
636_output.csv
636_params.csv
637_output.csv
637_params.csv
638_params.csv
639_output.csv
639_params.csv
63_output.csv
63_params.csv
640_output.csv
640_params.csv
641_output.csv
641_params.csv
642_params.csv
643_output.csv
643_params.csv
644_output.csv
644_params.csv
645_output.csv
645_params.csv
646_output.csv
646_params.csv
647_output.csv
647_params.csv
648_params.csv
649_output.csv
649_params.csv
64_output.csv
64_params.csv
650_output.csv
650_params.csv
651_output.csv
651_params.csv
652_output.csv
652_params.csv
653_output.csv
653_params.csv
654_output.csv
654_params.csv
655_output.csv
655_params.csv
656_output.csv
656_params.csv
657_params.csv
658_output.csv
658_params.csv
659_params.csv
65_output.csv
65_params.csv
660_output.csv
660_params.csv
661_output.csv
661_params.csv
662_output.csv
662_params.csv
663_output.csv
663_params.csv
664_output.csv
664_params.csv
665_output.csv
665_params.csv
666_output.csv
666_params.csv
667_output.csv
667_params.csv
668_output.csv
668_params.csv
669_output.csv
669_params.csv
66_output.csv
66_params.csv
670_output.csv
670_params.csv
671_params.csv
672_output.csv
672_params.csv
673_output.csv
673_params.csv
674_output.csv
674_params.csv
675_output.csv
675_params.csv
676_output.csv
676_params.csv
677_output.csv
677_params.csv
678_output.csv
678_params.csv
679_output.csv
679_params.csv
67_params.csv
680_output.csv
680_params.csv
681_output.csv
681_params.csv
682_output.csv
682_params.csv
683_output.csv
683_params.csv
684_output.csv
684_params.csv
685_output.csv
685_params.csv
686_output.csv
686_params.csv
687_output.csv
687_params.csv
688_params.csv
689_params.csv
68_output.csv
68_params.csv
690_output.csv
690_params.csv
691_output.csv
691_params.csv
692_output.csv
692_params.csv
693_output.csv
693_params.csv
694_output.csv
694_params.csv
695_output.csv
695_params.csv
696_output.csv
696_params.csv
697_output.csv
697_params.csv
698_output.csv
698_params.csv
699_output.csv
699_params.csv
69_output.csv
69_params.csv
6_output.csv
6_params.csv
700_output.csv
700_params.csv
701_output.csv
701_params.csv
702_output.csv
702_params.csv
703_output.csv
703_params.csv
704_output.csv
704_params.csv
705_output.csv
705_params.csv
706_output.csv
706_params.csv
707_output.csv
707_params.csv
708_output.csv
708_params.csv
709_output.csv
709_params.csv
70_output.csv
70_params.csv
710_output.csv
710_params.csv
711_output.csv
711_params.csv
712_output.csv
712_params.csv
713_output.csv
713_params.csv
714_params.csv
715_output.csv
715_params.csv
716_output.csv
716_params.csv
717_output.csv
717_params.csv
718_params.csv
719_params.csv
71_output.csv
71_params.csv
720_output.csv
720_params.csv
721_output.csv
721_params.csv
722_params.csv
723_output.csv
723_params.csv
724_output.csv
724_params.csv
725_output.csv
725_params.csv
726_output.csv
726_params.csv
727_output.csv
727_params.csv
728_output.csv
728_params.csv
729_output.csv
729_params.csv
72_output.csv
72_params.csv
730_output.csv
730_params.csv
731_output.csv
731_params.csv
732_output.csv
732_params.csv
733_output.csv
733_params.csv
734_output.csv
734_params.csv
735_output.csv
735_params.csv
736_output.csv
736_params.csv
737_output.csv
737_params.csv
738_output.csv
738_params.csv
739_output.csv
739_params.csv
73_params.csv
740_output.csv
740_params.csv
741_params.csv
742_params.csv
743_output.csv
743_params.csv
744_output.csv
744_params.csv
745_output.csv
745_params.csv
746_output.csv
746_params.csv
747_output.csv
747_params.csv
748_output.csv
748_params.csv
749_output.csv
749_params.csv
74_params.csv
750_params.csv
751_output.csv
751_params.csv
752_output.csv
752_params.csv
753_output.csv
753_params.csv
754_output.csv
754_params.csv
755_output.csv
755_params.csv
756_output.csv
756_params.csv
757_output.csv
757_params.csv
758_output.csv
758_params.csv
759_params.csv
75_output.csv
75_params.csv
760_output.csv
760_params.csv
761_output.csv
761_params.csv
762_output.csv
762_params.csv
763_output.csv
763_params.csv
764_output.csv
764_params.csv
765_output.csv
765_params.csv
766_output.csv
766_params.csv
767_output.csv
767_params.csv
768_output.csv
768_params.csv
769_params.csv
76_output.csv
76_params.csv
770_output.csv
770_params.csv
771_output.csv
771_params.csv
772_params.csv
773_output.csv
773_params.csv
774_output.csv
774_params.csv
775_params.csv
776_params.csv
777_output.csv
777_params.csv
778_output.csv
778_params.csv
779_output.csv
779_params.csv
77_output.csv
77_params.csv
780_output.csv
780_params.csv
781_output.csv
781_params.csv
782_output.csv
782_params.csv
783_output.csv
783_params.csv
784_params.csv
785_output.csv
785_params.csv
786_output.csv
786_params.csv
787_output.csv
787_params.csv
788_output.csv
788_params.csv
789_output.csv
789_params.csv
78_output.csv
78_params.csv
790_output.csv
790_params.csv
791_output.csv
791_params.csv
792_output.csv
792_params.csv
793_output.csv
793_params.csv
794_output.csv
794_params.csv
795_params.csv
796_output.csv
796_params.csv
797_output.csv
797_params.csv
798_output.csv
798_params.csv
799_output.csv
799_params.csv
79_params.csv
7_params.csv
800_output.csv
800_params.csv
801_output.csv
801_params.csv
802_params.csv
803_params.csv
804_params.csv
805_output.csv
805_params.csv
806_output.csv
806_params.csv
807_output.csv
807_params.csv
808_output.csv
808_params.csv
809_output.csv
809_params.csv
80_output.csv
80_params.csv
810_output.csv
810_params.csv
811_output.csv
811_params.csv
812_output.csv
812_params.csv
813_output.csv
813_params.csv
814_output.csv
814_params.csv
815_output.csv
815_params.csv
816_output.csv
816_params.csv
817_output.csv
817_params.csv
818_output.csv
818_params.csv
819_params.csv
81_output.csv
81_params.csv
820_output.csv
820_params.csv
821_output.csv
821_params.csv
822_output.csv
822_params.csv
823_output.csv
823_params.csv
824_output.csv
824_params.csv
825_params.csv
826_output.csv
826_params.csv
827_output.csv
827_params.csv
828_output.csv
828_params.csv
829_output.csv
829_params.csv
82_output.csv
82_params.csv
830_output.csv
830_params.csv
831_output.csv
831_params.csv
832_output.csv
832_params.csv
833_params.csv
834_params.csv
835_params.csv
836_output.csv
836_params.csv
837_output.csv
837_params.csv
838_output.csv
838_params.csv
839_params.csv
83_output.csv
83_params.csv
840_params.csv
841_output.csv
841_params.csv
842_output.csv
842_params.csv
843_output.csv
843_params.csv
844_output.csv
844_params.csv
845_output.csv
845_params.csv
846_output.csv
846_params.csv
847_output.csv
847_params.csv
848_params.csv
849_output.csv
849_params.csv
84_output.csv
84_params.csv
850_output.csv
850_params.csv
851_output.csv
851_params.csv
852_output.csv
852_params.csv
853_output.csv
853_params.csv
854_output.csv
854_params.csv
855_output.csv
855_params.csv
856_params.csv
857_params.csv
858_output.csv
858_params.csv
859_output.csv
859_params.csv
85_output.csv
85_params.csv
860_output.csv
860_params.csv
861_output.csv
861_params.csv
862_params.csv
863_output.csv
863_params.csv
864_output.csv
864_params.csv
865_output.csv
865_params.csv
866_output.csv
866_params.csv
867_output.csv
867_params.csv
868_params.csv
869_output.csv
869_params.csv
86_output.csv
86_params.csv
870_output.csv
870_params.csv
871_output.csv
871_params.csv
872_output.csv
872_params.csv
873_output.csv
873_params.csv
874_output.csv
874_params.csv
875_output.csv
875_params.csv
876_output.csv
876_params.csv
877_output.csv
877_params.csv
878_output.csv
878_params.csv
879_output.csv
879_params.csv
87_params.csv
880_output.csv
880_params.csv
881_output.csv
881_params.csv
882_output.csv
882_params.csv
883_output.csv
883_params.csv
884_output.csv
884_params.csv
885_output.csv
885_params.csv
886_output.csv
886_params.csv
887_params.csv
888_output.csv
888_params.csv
889_output.csv
889_params.csv
88_output.csv
88_params.csv
890_output.csv
890_params.csv
891_output.csv
891_params.csv
892_output.csv
892_params.csv
893_output.csv
893_params.csv
894_params.csv
895_params.csv
896_output.csv
896_params.csv
897_output.csv
897_params.csv
898_output.csv
898_params.csv
899_output.csv
899_params.csv
89_params.csv
8_output.csv
8_params.csv
900_output.csv
900_params.csv
901_params.csv
902_params.csv
903_output.csv
903_params.csv
904_params.csv
905_output.csv
905_params.csv
906_output.csv
906_params.csv
907_params.csv
908_output.csv
908_params.csv
909_output.csv
909_params.csv
90_params.csv
910_output.csv
910_params.csv
911_params.csv
912_output.csv
912_params.csv
913_output.csv
913_params.csv
914_output.csv
914_params.csv
915_output.csv
915_params.csv
916_output.csv
916_params.csv
917_params.csv
918_output.csv
918_params.csv
919_output.csv
919_params.csv
91_params.csv
920_output.csv
920_params.csv
921_params.csv
922_output.csv
922_params.csv
923_output.csv
923_params.csv
924_output.csv
924_params.csv
925_output.csv
925_params.csv
926_params.csv
927_output.csv
927_params.csv
928_output.csv
928_params.csv
929_output.csv
929_params.csv
92_output.csv
92_params.csv
930_output.csv
930_params.csv
931_output.csv
931_params.csv
932_output.csv
932_params.csv
933_output.csv
933_params.csv
934_output.csv
934_params.csv
935_output.csv
935_params.csv
936_output.csv
936_params.csv
937_params.csv
938_output.csv
938_params.csv
939_output.csv
939_params.csv
93_output.csv
93_params.csv
940_output.csv
940_params.csv
941_output.csv
941_params.csv
942_output.csv
942_params.csv
943_output.csv
943_params.csv
944_params.csv
945_output.csv
945_params.csv
946_params.csv
947_output.csv
947_params.csv
948_output.csv
948_params.csv
949_output.csv
949_params.csv
94_output.csv
94_params.csv
950_output.csv
950_params.csv
951_output.csv
951_params.csv
952_output.csv
952_params.csv
953_output.csv
953_params.csv
954_output.csv
954_params.csv
955_output.csv
955_params.csv
956_output.csv
956_params.csv
957_output.csv
957_params.csv
958_output.csv
958_params.csv
959_params.csv
95_output.csv
95_params.csv
960_output.csv
960_params.csv
961_output.csv
961_params.csv
962_output.csv
962_params.csv
963_output.csv
963_params.csv
964_output.csv
964_params.csv
965_output.csv
965_params.csv
966_output.csv
966_params.csv
967_output.csv
967_params.csv
968_output.csv
968_params.csv
969_output.csv
969_params.csv
96_params.csv
970_output.csv
970_params.csv
971_output.csv
971_params.csv
972_output.csv
972_params.csv
973_output.csv
973_params.csv
974_output.csv
974_params.csv
975_output.csv
975_params.csv
976_output.csv
976_params.csv
977_output.csv
977_params.csv
978_output.csv
978_params.csv
979_params.csv
97_output.csv
97_params.csv
980_output.csv
980_params.csv
981_output.csv
981_params.csv
982_params.csv
983_output.csv
983_params.csv
984_output.csv
984_params.csv
985_output.csv
985_params.csv
986_params.csv
987_output.csv
987_params.csv
988_output.csv
988_params.csv
989_output.csv
989_params.csv
98_output.csv
98_params.csv
990_output.csv
990_params.csv
991_output.csv
991_params.csv
992_output.csv
992_params.csv
993_output.csv
993_params.csv
994_output.csv
994_params.csv
995_output.csv
995_params.csv
996_output.csv
996_params.csv
997_output.csv
997_params.csv
998_params.csv
999_output.csv
999_params.csv
99_output.csv
99_params.csv
9_output.csv
9_params.csv

sent 3.66M bytes  received 174.90K bytes  247.17K bytes/sec
total size is 6.43M  speedup is 1.68
SLURM DONE
