SLURM STARTED at Wed May 20 06:11:56 PM CEST 2026
node05
Sourcing conda...
Activating env...
Conda activated successfully
No simulation for index 0
No simulation for index 6
No simulation for index 7
No simulation for index 8
No simulation for index 9
No simulation for index 12
No simulation for index 13
No simulation for index 16
No simulation for index 19
No simulation for index 21
No simulation for index 23
No simulation for index 26
No simulation for index 27
No simulation for index 28
No simulation for index 30
No simulation for index 31
No simulation for index 32
No simulation for index 36
No simulation for index 37
No simulation for index 39
No simulation for index 42
No simulation for index 43
No simulation for index 44
No simulation for index 45
No simulation for index 46
No simulation for index 48
No simulation for index 49
No simulation for index 51
No simulation for index 53
No simulation for index 54
No simulation for index 56
No simulation for index 57
No simulation for index 58
No simulation for index 60
No simulation for index 62
No simulation for index 64
No simulation for index 66
No simulation for index 67
No simulation for index 69
No simulation for index 70
No simulation for index 73
No simulation for index 76
No simulation for index 77
No simulation for index 78
No simulation for index 79
No simulation for index 81
No simulation for index 83
No simulation for index 86
No simulation for index 89
No simulation for index 96
No simulation for index 98
No simulation for index 100
No simulation for index 101
No simulation for index 103
No simulation for index 104
No simulation for index 108
No simulation for index 109
No simulation for index 113
No simulation for index 116
No simulation for index 119
No simulation for index 120
No simulation for index 121
No simulation for index 123
No simulation for index 124
No simulation for index 125
No simulation for index 126
No simulation for index 128
No simulation for index 129
No simulation for index 131
No simulation for index 132
No simulation for index 134
No simulation for index 135
No simulation for index 137
No simulation for index 140
No simulation for index 144
No simulation for index 147
No simulation for index 150
No simulation for index 152
No simulation for index 157
No simulation for index 160
No simulation for index 163
No simulation for index 165
No simulation for index 166
No simulation for index 167
No simulation for index 170
No simulation for index 174
No simulation for index 176
No simulation for index 178
No simulation for index 181
No simulation for index 182
No simulation for index 189
No simulation for index 190
No simulation for index 195
No simulation for index 196
No simulation for index 198
No simulation for index 199
No simulation for index 202
No simulation for index 204
No simulation for index 207
No simulation for index 208
No simulation for index 209
No simulation for index 211
No simulation for index 213
No simulation for index 215
No simulation for index 219
No simulation for index 224
No simulation for index 225
No simulation for index 226
No simulation for index 227
No simulation for index 228
No simulation for index 235
No simulation for index 238
No simulation for index 239
No simulation for index 242
No simulation for index 246
No simulation for index 250
No simulation for index 255
No simulation for index 256
No simulation for index 258
No simulation for index 259
No simulation for index 261
No simulation for index 263
No simulation for index 267
No simulation for index 268
No simulation for index 277
No simulation for index 278
No simulation for index 279
No simulation for index 284
No simulation for index 285
No simulation for index 286
No simulation for index 289
No simulation for index 292
No simulation for index 293
No simulation for index 296
No simulation for index 298
No simulation for index 303
No simulation for index 304
No simulation for index 306
No simulation for index 307
No simulation for index 309
No simulation for index 311
No simulation for index 312
No simulation for index 313
No simulation for index 314
No simulation for index 315
No simulation for index 320
No simulation for index 322
No simulation for index 326
No simulation for index 328
No simulation for index 332
No simulation for index 333
No simulation for index 335
No simulation for index 336
No simulation for index 339
No simulation for index 340
No simulation for index 343
No simulation for index 344
No simulation for index 348
No simulation for index 350
No simulation for index 352
No simulation for index 355
No simulation for index 356
No simulation for index 357
No simulation for index 361
No simulation for index 363
No simulation for index 364
No simulation for index 367
No simulation for index 369
No simulation for index 370
No simulation for index 372
No simulation for index 376
No simulation for index 379
No simulation for index 380
No simulation for index 381
No simulation for index 387
No simulation for index 391
No simulation for index 393
No simulation for index 396
No simulation for index 404
No simulation for index 407
No simulation for index 410
No simulation for index 415
No simulation for index 417
No simulation for index 419
No simulation for index 421
No simulation for index 429
No simulation for index 430
No simulation for index 435
No simulation for index 436
No simulation for index 443
No simulation for index 446
No simulation for index 448
No simulation for index 452
No simulation for index 455
No simulation for index 456
No simulation for index 457
No simulation for index 458
No simulation for index 461
No simulation for index 462
No simulation for index 463
No simulation for index 464
No simulation for index 469
No simulation for index 477
No simulation for index 479
No simulation for index 480
No simulation for index 482
No simulation for index 483
No simulation for index 484
No simulation for index 486
No simulation for index 487
No simulation for index 488
No simulation for index 493
No simulation for index 494
No simulation for index 495
No simulation for index 497
No simulation for index 499
No simulation for index 503
No simulation for index 505
No simulation for index 509
No simulation for index 512
No simulation for index 516
No simulation for index 517
No simulation for index 521
No simulation for index 524
No simulation for index 525
No simulation for index 526
No simulation for index 531
No simulation for index 534
No simulation for index 535
No simulation for index 537
No simulation for index 538
No simulation for index 540
No simulation for index 541
No simulation for index 543
No simulation for index 544
No simulation for index 545
No simulation for index 546
No simulation for index 547
No simulation for index 550
No simulation for index 552
No simulation for index 554
No simulation for index 557
No simulation for index 561
No simulation for index 562
No simulation for index 564
No simulation for index 566
No simulation for index 568
No simulation for index 570
No simulation for index 575
No simulation for index 577
No simulation for index 578
No simulation for index 579
No simulation for index 582
No simulation for index 583
No simulation for index 585
No simulation for index 586
No simulation for index 589
No simulation for index 591
No simulation for index 592
No simulation for index 593
No simulation for index 599
No simulation for index 600
No simulation for index 601
No simulation for index 604
No simulation for index 605
No simulation for index 606
No simulation for index 609
No simulation for index 610
No simulation for index 613
No simulation for index 615
No simulation for index 620
No simulation for index 623
No simulation for index 625
No simulation for index 630
No simulation for index 631
No simulation for index 633
No simulation for index 635
No simulation for index 637
No simulation for index 642
No simulation for index 646
No simulation for index 647
No simulation for index 648
No simulation for index 652
No simulation for index 657
No simulation for index 662
No simulation for index 664
No simulation for index 666
No simulation for index 667
No simulation for index 669
No simulation for index 672
No simulation for index 674
No simulation for index 677
No simulation for index 679
No simulation for index 682
No simulation for index 683
No simulation for index 684
No simulation for index 686
No simulation for index 688
No simulation for index 690
No simulation for index 691
No simulation for index 694
No simulation for index 697
No simulation for index 698
No simulation for index 699
No simulation for index 700
No simulation for index 702
No simulation for index 704
No simulation for index 708
No simulation for index 713
No simulation for index 715
No simulation for index 716
No simulation for index 719
No simulation for index 724
No simulation for index 726
No simulation for index 728
No simulation for index 733
No simulation for index 734
No simulation for index 737
No simulation for index 738
No simulation for index 739
No simulation for index 740
No simulation for index 741
No simulation for index 743
No simulation for index 744
No simulation for index 747
No simulation for index 749
No simulation for index 750
No simulation for index 751
No simulation for index 752
No simulation for index 753
No simulation for index 756
No simulation for index 758
No simulation for index 759
No simulation for index 761
No simulation for index 762
No simulation for index 765
No simulation for index 768
No simulation for index 769
No simulation for index 774
No simulation for index 778
No simulation for index 780
No simulation for index 781
No simulation for index 783
No simulation for index 785
No simulation for index 786
No simulation for index 788
No simulation for index 790
No simulation for index 792
No simulation for index 795
No simulation for index 796
No simulation for index 797
No simulation for index 798
No simulation for index 799
No simulation for index 800
No simulation for index 803
No simulation for index 804
No simulation for index 806
No simulation for index 807
No simulation for index 808
No simulation for index 811
No simulation for index 813
No simulation for index 814
No simulation for index 816
No simulation for index 817
No simulation for index 819
No simulation for index 820
No simulation for index 823
No simulation for index 826
No simulation for index 827
No simulation for index 829
No simulation for index 830
No simulation for index 832
No simulation for index 833
No simulation for index 836
No simulation for index 838
No simulation for index 839
No simulation for index 840
No simulation for index 841
No simulation for index 842
No simulation for index 847
No simulation for index 848
No simulation for index 850
No simulation for index 855
No simulation for index 858
No simulation for index 860
No simulation for index 862
No simulation for index 863
No simulation for index 869
No simulation for index 873
No simulation for index 875
No simulation for index 876
No simulation for index 877
No simulation for index 878
No simulation for index 879
No simulation for index 885
No simulation for index 887
No simulation for index 888
No simulation for index 893
No simulation for index 896
No simulation for index 897
No simulation for index 900
No simulation for index 901
No simulation for index 903
No simulation for index 904
No simulation for index 905
No simulation for index 906
No simulation for index 912
No simulation for index 913
No simulation for index 915
No simulation for index 917
No simulation for index 918
No simulation for index 919
No simulation for index 922
No simulation for index 924
No simulation for index 925
No simulation for index 927
No simulation for index 929
No simulation for index 930
No simulation for index 932
No simulation for index 933
No simulation for index 937
No simulation for index 940
No simulation for index 941
No simulation for index 943
No simulation for index 946
No simulation for index 947
No simulation for index 950
No simulation for index 957
No simulation for index 958
No simulation for index 961
No simulation for index 962
No simulation for index 963
No simulation for index 964
No simulation for index 965
No simulation for index 966
No simulation for index 968
No simulation for index 970
No simulation for index 972
No simulation for index 977
No simulation for index 978
No simulation for index 980
No simulation for index 985
No simulation for index 986
No simulation for index 988
No simulation for index 990
No simulation for index 994
No simulation for index 997
No simulation for index 1000
No simulation for index 1003
No simulation for index 1004
No simulation for index 1005
No simulation for index 1007
No simulation for index 1010
No simulation for index 1015
No simulation for index 1016
No simulation for index 1018
No simulation for index 1020
No simulation for index 1022
No simulation for index 1024
No simulation for index 1026
No simulation for index 1027
No simulation for index 1028
No simulation for index 1033
No simulation for index 1042
No simulation for index 1045
No simulation for index 1048
No simulation for index 1050
No simulation for index 1051
No simulation for index 1052
No simulation for index 1059
No simulation for index 1060
No simulation for index 1062
No simulation for index 1063
No simulation for index 1070
No simulation for index 1072
No simulation for index 1075
No simulation for index 1083
No simulation for index 1085
No simulation for index 1089
No simulation for index 1091
No simulation for index 1092
No simulation for index 1093
No simulation for index 1098
No simulation for index 1099
No simulation for index 1104
No simulation for index 1106
No simulation for index 1108
No simulation for index 1110
No simulation for index 1114
No simulation for index 1115
No simulation for index 1117
No simulation for index 1120
No simulation for index 1121
No simulation for index 1122
No simulation for index 1123
No simulation for index 1124
No simulation for index 1125
No simulation for index 1126
No simulation for index 1129
No simulation for index 1130
No simulation for index 1134
No simulation for index 1139
No simulation for index 1140
No simulation for index 1142
No simulation for index 1143
No simulation for index 1144
No simulation for index 1145
No simulation for index 1150
No simulation for index 1151
No simulation for index 1152
No simulation for index 1153
No simulation for index 1154
No simulation for index 1157
No simulation for index 1159
No simulation for index 1161
No simulation for index 1162
No simulation for index 1166
No simulation for index 1167
No simulation for index 1169
No simulation for index 1170
No simulation for index 1173
No simulation for index 1174
No simulation for index 1176
No simulation for index 1177
No simulation for index 1178
No simulation for index 1185
No simulation for index 1189
No simulation for index 1190
No simulation for index 1191
No simulation for index 1192
No simulation for index 1193
No simulation for index 1194
No simulation for index 1197
No simulation for index 1198
No simulation for index 1201
No simulation for index 1203
No simulation for index 1205
No simulation for index 1206
No simulation for index 1207
No simulation for index 1208
No simulation for index 1210
No simulation for index 1211
No simulation for index 1213
No simulation for index 1215
No simulation for index 1217
No simulation for index 1218
No simulation for index 1219
No simulation for index 1223
No simulation for index 1224
No simulation for index 1226
No simulation for index 1227
No simulation for index 1230
No simulation for index 1234
No simulation for index 1235
No simulation for index 1237
No simulation for index 1239
No simulation for index 1241
No simulation for index 1245
No simulation for index 1247
No simulation for index 1248
No simulation for index 1249
No simulation for index 1258
No simulation for index 1259
No simulation for index 1260
No simulation for index 1261
No simulation for index 1262
No simulation for index 1272
No simulation for index 1273
No simulation for index 1274
No simulation for index 1275
No simulation for index 1277
No simulation for index 1278
No simulation for index 1280
No simulation for index 1281
No simulation for index 1282
No simulation for index 1284
No simulation for index 1288
No simulation for index 1289
No simulation for index 1292
No simulation for index 1297
No simulation for index 1299
No simulation for index 1302
No simulation for index 1304
No simulation for index 1306
No simulation for index 1310
No simulation for index 1311
No simulation for index 1317
No simulation for index 1323
No simulation for index 1328
No simulation for index 1330
No simulation for index 1333
No simulation for index 1337
No simulation for index 1338
No simulation for index 1341
No simulation for index 1344
No simulation for index 1347
No simulation for index 1351
No simulation for index 1352
No simulation for index 1353
No simulation for index 1355
No simulation for index 1358
No simulation for index 1360
No simulation for index 1362
No simulation for index 1363
No simulation for index 1364
No simulation for index 1366
No simulation for index 1367
No simulation for index 1372
No simulation for index 1379
No simulation for index 1382
No simulation for index 1384
No simulation for index 1386
No simulation for index 1391
No simulation for index 1395
No simulation for index 1396
No simulation for index 1398
No simulation for index 1403
No simulation for index 1404
No simulation for index 1405
No simulation for index 1406
No simulation for index 1408
No simulation for index 1415
No simulation for index 1418
No simulation for index 1421
No simulation for index 1424
No simulation for index 1427
No simulation for index 1428
No simulation for index 1431
No simulation for index 1437
No simulation for index 1438
No simulation for index 1439
No simulation for index 1443
No simulation for index 1444
No simulation for index 1448
No simulation for index 1451
No simulation for index 1458
No simulation for index 1461
No simulation for index 1462
No simulation for index 1464
No simulation for index 1466
No simulation for index 1471
No simulation for index 1472
No simulation for index 1474
No simulation for index 1477
No simulation for index 1478
No simulation for index 1483
No simulation for index 1484
No simulation for index 1490
No simulation for index 1491
No simulation for index 1492
No simulation for index 1496
No simulation for index 1498
No simulation for index 1499
No simulation for index 1502
No simulation for index 1505
No simulation for index 1506
No simulation for index 1507
No simulation for index 1508
No simulation for index 1510
No simulation for index 1511
No simulation for index 1516
No simulation for index 1521
No simulation for index 1522
No simulation for index 1530
No simulation for index 1532
No simulation for index 1533
No simulation for index 1534
No simulation for index 1536
No simulation for index 1541
No simulation for index 1544
No simulation for index 1545
No simulation for index 1548
No simulation for index 1549
No simulation for index 1553
No simulation for index 1557
No simulation for index 1560
No simulation for index 1562
No simulation for index 1565
No simulation for index 1567
No simulation for index 1568
No simulation for index 1571
No simulation for index 1572
No simulation for index 1575
No simulation for index 1577
No simulation for index 1579
No simulation for index 1591
No simulation for index 1592
No simulation for index 1596
No simulation for index 1598
No simulation for index 1605
No simulation for index 1606
No simulation for index 1607
No simulation for index 1611
No simulation for index 1612
No simulation for index 1613
No simulation for index 1617
No simulation for index 1618
No simulation for index 1622
No simulation for index 1627
No simulation for index 1628
No simulation for index 1629
No simulation for index 1633
No simulation for index 1639
No simulation for index 1641
No simulation for index 1642
No simulation for index 1644
No simulation for index 1647
No simulation for index 1651
No simulation for index 1658
No simulation for index 1663
No simulation for index 1665
No simulation for index 1672
No simulation for index 1676
No simulation for index 1678
No simulation for index 1680
No simulation for index 1685
No simulation for index 1687
No simulation for index 1689
No simulation for index 1690
No simulation for index 1691
No simulation for index 1692
No simulation for index 1694
No simulation for index 1698
No simulation for index 1700
No simulation for index 1701
No simulation for index 1704
No simulation for index 1705
No simulation for index 1708
No simulation for index 1709
No simulation for index 1710
No simulation for index 1713
No simulation for index 1715
No simulation for index 1716
No simulation for index 1717
No simulation for index 1718
No simulation for index 1721
No simulation for index 1722
No simulation for index 1723
No simulation for index 1724
No simulation for index 1730
No simulation for index 1737
No simulation for index 1740
No simulation for index 1741
No simulation for index 1746
No simulation for index 1748
No simulation for index 1750
No simulation for index 1751
No simulation for index 1752
No simulation for index 1753
No simulation for index 1756
No simulation for index 1757
No simulation for index 1759
No simulation for index 1760
No simulation for index 1762
No simulation for index 1765
No simulation for index 1768
No simulation for index 1769
No simulation for index 1772
No simulation for index 1773
No simulation for index 1777
No simulation for index 1780
No simulation for index 1781
No simulation for index 1784
No simulation for index 1786
No simulation for index 1789
No simulation for index 1791
No simulation for index 1794
No simulation for index 1795
No simulation for index 1797
No simulation for index 1800
No simulation for index 1805
No simulation for index 1806
No simulation for index 1809
No simulation for index 1813
No simulation for index 1815
No simulation for index 1817
No simulation for index 1823
No simulation for index 1825
No simulation for index 1826
No simulation for index 1829
No simulation for index 1834
No simulation for index 1836
No simulation for index 1841
No simulation for index 1843
No simulation for index 1849
No simulation for index 1850
No simulation for index 1853
No simulation for index 1855
No simulation for index 1859
No simulation for index 1861
No simulation for index 1863
No simulation for index 1864
No simulation for index 1867
No simulation for index 1868
No simulation for index 1870
No simulation for index 1875
No simulation for index 1876
No simulation for index 1877
No simulation for index 1878
No simulation for index 1880
No simulation for index 1884
No simulation for index 1886
No simulation for index 1888
No simulation for index 1892
No simulation for index 1893
No simulation for index 1895
No simulation for index 1899
No simulation for index 1902
No simulation for index 1905
No simulation for index 1906
No simulation for index 1910
No simulation for index 1911
No simulation for index 1912
No simulation for index 1913
No simulation for index 1916
No simulation for index 1920
No simulation for index 1924
No simulation for index 1927
No simulation for index 1929
No simulation for index 1930
No simulation for index 1931
No simulation for index 1935
No simulation for index 1942
No simulation for index 1943
No simulation for index 1945
No simulation for index 1946
No simulation for index 1948
No simulation for index 1953
No simulation for index 1954
No simulation for index 1955
No simulation for index 1957
No simulation for index 1960
No simulation for index 1963
No simulation for index 1971
No simulation for index 1972
No simulation for index 1974
No simulation for index 1977
No simulation for index 1979
No simulation for index 1982
No simulation for index 1984
No simulation for index 1985
No simulation for index 1986
No simulation for index 1990
No simulation for index 1992
No simulation for index 1993
No simulation for index 1997
No simulation for index 1998
No simulation for index 2006
No simulation for index 2010
No simulation for index 2012
No simulation for index 2014
No simulation for index 2015
No simulation for index 2022
No simulation for index 2027
No simulation for index 2028
No simulation for index 2029
No simulation for index 2030
No simulation for index 2035
No simulation for index 2036
No simulation for index 2038
No simulation for index 2039
No simulation for index 2045
No simulation for index 2048
No simulation for index 2049
No simulation for index 2055
No simulation for index 2063
No simulation for index 2064
No simulation for index 2069
No simulation for index 2070
No simulation for index 2071
No simulation for index 2074
No simulation for index 2082
No simulation for index 2083
No simulation for index 2087
No simulation for index 2089
No simulation for index 2101
No simulation for index 2104
No simulation for index 2110
No simulation for index 2113
No simulation for index 2116
No simulation for index 2117
No simulation for index 2118
No simulation for index 2120
No simulation for index 2121
No simulation for index 2122
No simulation for index 2123
No simulation for index 2125
No simulation for index 2126
No simulation for index 2128
No simulation for index 2131
No simulation for index 2133
No simulation for index 2135
No simulation for index 2138
No simulation for index 2140
No simulation for index 2142
No simulation for index 2143
No simulation for index 2144
No simulation for index 2145
No simulation for index 2147
No simulation for index 2151
No simulation for index 2152
No simulation for index 2156
No simulation for index 2158
No simulation for index 2159
No simulation for index 2161
No simulation for index 2165
No simulation for index 2166
No simulation for index 2167
No simulation for index 2168
No simulation for index 2169
No simulation for index 2170
No simulation for index 2172
No simulation for index 2175
No simulation for index 2179
No simulation for index 2181
No simulation for index 2182
No simulation for index 2183
No simulation for index 2187
No simulation for index 2189
No simulation for index 2190
No simulation for index 2191
No simulation for index 2196
No simulation for index 2199
No simulation for index 2201
No simulation for index 2202
No simulation for index 2203
No simulation for index 2207
No simulation for index 2209
No simulation for index 2212
No simulation for index 2215
No simulation for index 2216
No simulation for index 2220
No simulation for index 2221
No simulation for index 2222
No simulation for index 2223
No simulation for index 2224
No simulation for index 2225
No simulation for index 2226
No simulation for index 2230
No simulation for index 2231
No simulation for index 2234
No simulation for index 2235
No simulation for index 2237
No simulation for index 2239
No simulation for index 2241
No simulation for index 2242
No simulation for index 2243
No simulation for index 2244
No simulation for index 2245
No simulation for index 2248
No simulation for index 2253
No simulation for index 2254
No simulation for index 2257
No simulation for index 2262
No simulation for index 2263
No simulation for index 2269
No simulation for index 2274
No simulation for index 2277
No simulation for index 2280
No simulation for index 2281
No simulation for index 2285
No simulation for index 2286
No simulation for index 2289
No simulation for index 2291
No simulation for index 2294
No simulation for index 2296
No simulation for index 2298
No simulation for index 2302
No simulation for index 2304
No simulation for index 2306
No simulation for index 2307
No simulation for index 2308
No simulation for index 2310
No simulation for index 2318
No simulation for index 2319
No simulation for index 2323
No simulation for index 2324
No simulation for index 2325
No simulation for index 2326
No simulation for index 2327
No simulation for index 2328
No simulation for index 2337
No simulation for index 2338
No simulation for index 2342
No simulation for index 2343
No simulation for index 2344
No simulation for index 2345
No simulation for index 2346
No simulation for index 2352
No simulation for index 2354
No simulation for index 2355
No simulation for index 2361
No simulation for index 2365
No simulation for index 2368
No simulation for index 2369
No simulation for index 2371
No simulation for index 2373
No simulation for index 2376
No simulation for index 2378
No simulation for index 2380
No simulation for index 2382
No simulation for index 2384
No simulation for index 2385
No simulation for index 2387
No simulation for index 2390
No simulation for index 2395
No simulation for index 2398
No simulation for index 2399
No simulation for index 2400
No simulation for index 2401
No simulation for index 2403
No simulation for index 2404
No simulation for index 2411
No simulation for index 2412
No simulation for index 2414
No simulation for index 2415
No simulation for index 2420
No simulation for index 2425
No simulation for index 2426
No simulation for index 2428
No simulation for index 2432
No simulation for index 2433
No simulation for index 2435
No simulation for index 2436
No simulation for index 2439
No simulation for index 2442
No simulation for index 2446
No simulation for index 2450
No simulation for index 2451
No simulation for index 2452
No simulation for index 2454
No simulation for index 2459
No simulation for index 2460
No simulation for index 2464
No simulation for index 2470
No simulation for index 2474
No simulation for index 2476
No simulation for index 2480
No simulation for index 2485
No simulation for index 2488
No simulation for index 2489
No simulation for index 2491
No simulation for index 2500
No simulation for index 2501
No simulation for index 2503
No simulation for index 2508
No simulation for index 2511
No simulation for index 2517
No simulation for index 2520
No simulation for index 2522
No simulation for index 2530
No simulation for index 2531
No simulation for index 2532
No simulation for index 2534
No simulation for index 2537
No simulation for index 2538
No simulation for index 2539
No simulation for index 2541
No simulation for index 2545
No simulation for index 2549
No simulation for index 2552
No simulation for index 2554
No simulation for index 2556
No simulation for index 2557
No simulation for index 2558
No simulation for index 2560
No simulation for index 2561
No simulation for index 2562
No simulation for index 2563
No simulation for index 2565
No simulation for index 2568
No simulation for index 2569
No simulation for index 2571
No simulation for index 2572
No simulation for index 2576
No simulation for index 2579
No simulation for index 2580
No simulation for index 2581
No simulation for index 2582
No simulation for index 2584
No simulation for index 2585
No simulation for index 2588
No simulation for index 2589
No simulation for index 2590
No simulation for index 2591
No simulation for index 2593
No simulation for index 2596
No simulation for index 2600
No simulation for index 2601
No simulation for index 2604
No simulation for index 2606
No simulation for index 2608
No simulation for index 2610
No simulation for index 2612
No simulation for index 2614
No simulation for index 2618
No simulation for index 2622
No simulation for index 2623
No simulation for index 2629
No simulation for index 2630
No simulation for index 2631
No simulation for index 2632
No simulation for index 2634
No simulation for index 2636
No simulation for index 2637
No simulation for index 2639
No simulation for index 2646
No simulation for index 2651
No simulation for index 2655
No simulation for index 2656
No simulation for index 2666
No simulation for index 2667
No simulation for index 2669
No simulation for index 2670
No simulation for index 2671
No simulation for index 2676
No simulation for index 2679
No simulation for index 2684
No simulation for index 2688
No simulation for index 2689
No simulation for index 2691
No simulation for index 2693
No simulation for index 2695
No simulation for index 2696
No simulation for index 2697
No simulation for index 2699
No simulation for index 2703
No simulation for index 2704
No simulation for index 2707
No simulation for index 2709
No simulation for index 2711
No simulation for index 2714
No simulation for index 2715
No simulation for index 2718
No simulation for index 2719
No simulation for index 2721
No simulation for index 2724
No simulation for index 2726
No simulation for index 2727
No simulation for index 2730
No simulation for index 2731
No simulation for index 2732
No simulation for index 2735
No simulation for index 2736
No simulation for index 2737
No simulation for index 2739
No simulation for index 2740
No simulation for index 2742
No simulation for index 2745
No simulation for index 2747
No simulation for index 2749
No simulation for index 2752
No simulation for index 2755
No simulation for index 2762
No simulation for index 2763
No simulation for index 2768
No simulation for index 2770
No simulation for index 2771
No simulation for index 2772
No simulation for index 2778
No simulation for index 2781
No simulation for index 2782
No simulation for index 2783
No simulation for index 2785
No simulation for index 2786
No simulation for index 2787
No simulation for index 2790
No simulation for index 2791
No simulation for index 2792
No simulation for index 2793
No simulation for index 2794
No simulation for index 2795
No simulation for index 2799
No simulation for index 2805
No simulation for index 2806
No simulation for index 2807
No simulation for index 2812
No simulation for index 2814
No simulation for index 2816
No simulation for index 2825
No simulation for index 2826
No simulation for index 2828
No simulation for index 2829
No simulation for index 2830
No simulation for index 2831
No simulation for index 2833
No simulation for index 2836
No simulation for index 2839
No simulation for index 2841
No simulation for index 2842
No simulation for index 2843
No simulation for index 2844
No simulation for index 2845
No simulation for index 2846
No simulation for index 2849
No simulation for index 2850
No simulation for index 2852
No simulation for index 2854
No simulation for index 2858
No simulation for index 2862
No simulation for index 2864
No simulation for index 2869
No simulation for index 2873
No simulation for index 2878
No simulation for index 2885
No simulation for index 2886
No simulation for index 2887
No simulation for index 2900
No simulation for index 2902
No simulation for index 2904
No simulation for index 2905
No simulation for index 2907
No simulation for index 2908
No simulation for index 2909
No simulation for index 2915
No simulation for index 2916
No simulation for index 2917
No simulation for index 2918
No simulation for index 2924
No simulation for index 2930
No simulation for index 2933
No simulation for index 2934
No simulation for index 2935
No simulation for index 2936
No simulation for index 2938
No simulation for index 2939
No simulation for index 2941
No simulation for index 2945
No simulation for index 2946
No simulation for index 2947
No simulation for index 2949
No simulation for index 2950
No simulation for index 2954
No simulation for index 2959
No simulation for index 2961
No simulation for index 2962
No simulation for index 2964
No simulation for index 2965
No simulation for index 2968
No simulation for index 2969
No simulation for index 2972
No simulation for index 2974
No simulation for index 2977
No simulation for index 2981
No simulation for index 2982
No simulation for index 2983
No simulation for index 2984
No simulation for index 2987
No simulation for index 2988
No simulation for index 2991
No simulation for index 2992
No simulation for index 2997
No simulation for index 2999
No simulation for index 3001
No simulation for index 3002
No simulation for index 3003
No simulation for index 3004
No simulation for index 3005
No simulation for index 3008
No simulation for index 3011
No simulation for index 3014
No simulation for index 3022
No simulation for index 3027
No simulation for index 3028
No simulation for index 3029
No simulation for index 3032
No simulation for index 3041
No simulation for index 3043
No simulation for index 3044
No simulation for index 3047
No simulation for index 3048
No simulation for index 3051
No simulation for index 3054
No simulation for index 3058
No simulation for index 3059
No simulation for index 3063
No simulation for index 3064
No simulation for index 3066
No simulation for index 3071
No simulation for index 3074
No simulation for index 3076
No simulation for index 3077
No simulation for index 3078
No simulation for index 3082
No simulation for index 3088
No simulation for index 3092
No simulation for index 3095
No simulation for index 3097
No simulation for index 3098
No simulation for index 3102
No simulation for index 3105
No simulation for index 3108
No simulation for index 3109
No simulation for index 3111
No simulation for index 3112
No simulation for index 3120
No simulation for index 3122
No simulation for index 3123
No simulation for index 3124
No simulation for index 3127
No simulation for index 3129
No simulation for index 3130
No simulation for index 3134
No simulation for index 3135
No simulation for index 3138
No simulation for index 3143
No simulation for index 3149
No simulation for index 3155
No simulation for index 3156
No simulation for index 3157
No simulation for index 3158
No simulation for index 3165
No simulation for index 3167
No simulation for index 3171
No simulation for index 3172
No simulation for index 3173
No simulation for index 3176
No simulation for index 3178
No simulation for index 3180
No simulation for index 3181
No simulation for index 3182
No simulation for index 3184
No simulation for index 3186
No simulation for index 3187
No simulation for index 3189
No simulation for index 3191
No simulation for index 3192
No simulation for index 3194
No simulation for index 3196
No simulation for index 3197
No simulation for index 3199
No simulation for index 3200
No simulation for index 3201
No simulation for index 3202
No simulation for index 3205
No simulation for index 3209
No simulation for index 3215
No simulation for index 3229
No simulation for index 3231
No simulation for index 3232
No simulation for index 3233
No simulation for index 3234
No simulation for index 3235
No simulation for index 3239
No simulation for index 3240
No simulation for index 3243
No simulation for index 3244
No simulation for index 3247
No simulation for index 3248
No simulation for index 3250
No simulation for index 3254
No simulation for index 3259
No simulation for index 3260
No simulation for index 3264
No simulation for index 3269
No simulation for index 3271
No simulation for index 3275
No simulation for index 3276
No simulation for index 3277
No simulation for index 3280
No simulation for index 3283
No simulation for index 3285
No simulation for index 3286
No simulation for index 3290
No simulation for index 3292
No simulation for index 3293
No simulation for index 3294
No simulation for index 3295
No simulation for index 3296
No simulation for index 3298
No simulation for index 3300
No simulation for index 3301
No simulation for index 3305
No simulation for index 3307
No simulation for index 3309
No simulation for index 3311
No simulation for index 3313
No simulation for index 3314
No simulation for index 3316
No simulation for index 3317
No simulation for index 3322
No simulation for index 3323
No simulation for index 3326
No simulation for index 3329
No simulation for index 3330
No simulation for index 3334
No simulation for index 3335
No simulation for index 3336
No simulation for index 3337
No simulation for index 3339
No simulation for index 3340
No simulation for index 3341
No simulation for index 3344
No simulation for index 3346
No simulation for index 3347
No simulation for index 3348
No simulation for index 3349
No simulation for index 3351
No simulation for index 3352
No simulation for index 3353
No simulation for index 3360
No simulation for index 3361
No simulation for index 3362
No simulation for index 3363
No simulation for index 3366
No simulation for index 3369
No simulation for index 3370
No simulation for index 3371
No simulation for index 3377
No simulation for index 3378
No simulation for index 3387
No simulation for index 3392
No simulation for index 3395
No simulation for index 3397
No simulation for index 3400
No simulation for index 3402
No simulation for index 3405
No simulation for index 3406
No simulation for index 3407
No simulation for index 3408
No simulation for index 3410
No simulation for index 3412
No simulation for index 3416
No simulation for index 3417
No simulation for index 3419
No simulation for index 3422
No simulation for index 3425
No simulation for index 3429
No simulation for index 3430
No simulation for index 3431
No simulation for index 3433
No simulation for index 3436
No simulation for index 3437
No simulation for index 3439
No simulation for index 3440
No simulation for index 3441
No simulation for index 3443
No simulation for index 3444
No simulation for index 3449
No simulation for index 3453
No simulation for index 3456
No simulation for index 3457
No simulation for index 3458
No simulation for index 3459
No simulation for index 3460
No simulation for index 3461
No simulation for index 3462
No simulation for index 3463
No simulation for index 3467
No simulation for index 3470
No simulation for index 3472
No simulation for index 3473
No simulation for index 3477
No simulation for index 3478
No simulation for index 3479
No simulation for index 3480
No simulation for index 3483
No simulation for index 3485
No simulation for index 3486
No simulation for index 3488
No simulation for index 3491
No simulation for index 3492
No simulation for index 3494
No simulation for index 3495
No simulation for index 3496
No simulation for index 3498
No simulation for index 3499
No simulation for index 3503
No simulation for index 3507
No simulation for index 3508
No simulation for index 3510
No simulation for index 3512
No simulation for index 3513
No simulation for index 3517
No simulation for index 3519
No simulation for index 3520
No simulation for index 3524
No simulation for index 3528
No simulation for index 3532
No simulation for index 3534
No simulation for index 3537
No simulation for index 3539
No simulation for index 3540
No simulation for index 3542
No simulation for index 3549
No simulation for index 3551
No simulation for index 3552
No simulation for index 3557
No simulation for index 3559
No simulation for index 3569
No simulation for index 3575
No simulation for index 3576
No simulation for index 3577
No simulation for index 3578
No simulation for index 3579
No simulation for index 3584
No simulation for index 3586
No simulation for index 3588
No simulation for index 3589
No simulation for index 3591
No simulation for index 3594
No simulation for index 3598
No simulation for index 3599
No simulation for index 3603
No simulation for index 3611
No simulation for index 3615
No simulation for index 3616
No simulation for index 3619
No simulation for index 3620
No simulation for index 3627
No simulation for index 3628
No simulation for index 3631
No simulation for index 3632
No simulation for index 3633
No simulation for index 3635
No simulation for index 3638
No simulation for index 3639
No simulation for index 3641
No simulation for index 3642
No simulation for index 3644
No simulation for index 3645
No simulation for index 3647
No simulation for index 3648
No simulation for index 3651
No simulation for index 3652
No simulation for index 3653
No simulation for index 3654
No simulation for index 3655
No simulation for index 3656
No simulation for index 3659
No simulation for index 3661
No simulation for index 3663
No simulation for index 3664
No simulation for index 3665
No simulation for index 3675
No simulation for index 3676
No simulation for index 3677
No simulation for index 3678
No simulation for index 3683
No simulation for index 3684
No simulation for index 3685
No simulation for index 3692
No simulation for index 3698
No simulation for index 3700
No simulation for index 3702
No simulation for index 3703
No simulation for index 3709
No simulation for index 3712
No simulation for index 3713
No simulation for index 3714
No simulation for index 3715
No simulation for index 3718
No simulation for index 3719
No simulation for index 3723
No simulation for index 3725
No simulation for index 3726
No simulation for index 3730
No simulation for index 3731
No simulation for index 3734
No simulation for index 3735
No simulation for index 3736
No simulation for index 3737
No simulation for index 3739
No simulation for index 3740
No simulation for index 3742
No simulation for index 3743
No simulation for index 3745
No simulation for index 3747
No simulation for index 3754
No simulation for index 3757
No simulation for index 3762
No simulation for index 3770
No simulation for index 3775
No simulation for index 3782
No simulation for index 3784
No simulation for index 3789
No simulation for index 3792
No simulation for index 3793
No simulation for index 3794
No simulation for index 3797
No simulation for index 3799
No simulation for index 3800
No simulation for index 3801
No simulation for index 3802
No simulation for index 3804
No simulation for index 3807
No simulation for index 3809
No simulation for index 3811
No simulation for index 3816
No simulation for index 3819
No simulation for index 3821
No simulation for index 3824
No simulation for index 3825
No simulation for index 3827
No simulation for index 3829
No simulation for index 3830
No simulation for index 3831
No simulation for index 3832
No simulation for index 3834
No simulation for index 3836
No simulation for index 3838
No simulation for index 3839
No simulation for index 3842
No simulation for index 3843
No simulation for index 3846
No simulation for index 3849
No simulation for index 3857
No simulation for index 3858
No simulation for index 3861
No simulation for index 3870
No simulation for index 3873
No simulation for index 3881
No simulation for index 3887
No simulation for index 3890
No simulation for index 3891
No simulation for index 3892
No simulation for index 3901
No simulation for index 3904
No simulation for index 3905
No simulation for index 3910
No simulation for index 3911
No simulation for index 3913
No simulation for index 3914
No simulation for index 3920
No simulation for index 3922
No simulation for index 3928
No simulation for index 3929
No simulation for index 3936
No simulation for index 3938
No simulation for index 3940
No simulation for index 3941
No simulation for index 3947
No simulation for index 3954
No simulation for index 3955
No simulation for index 3959
No simulation for index 3960
No simulation for index 3964
No simulation for index 3965
No simulation for index 3969
No simulation for index 3970
No simulation for index 3972
No simulation for index 3978
No simulation for index 3981
No simulation for index 3982
No simulation for index 3983
No simulation for index 3988
No simulation for index 3990
No simulation for index 3992
No simulation for index 3993
No simulation for index 3995
No simulation for index 3999
No simulation for index 4000
No simulation for index 4001
No simulation for index 4004
No simulation for index 4007
No simulation for index 4009
No simulation for index 4010
No simulation for index 4012
No simulation for index 4014
No simulation for index 4016
No simulation for index 4018
No simulation for index 4019
No simulation for index 4020
No simulation for index 4021
No simulation for index 4022
No simulation for index 4023
No simulation for index 4027
No simulation for index 4031
No simulation for index 4032
No simulation for index 4034
No simulation for index 4037
No simulation for index 4039
No simulation for index 4040
No simulation for index 4042
No simulation for index 4043
No simulation for index 4046
No simulation for index 4048
No simulation for index 4049
No simulation for index 4051
No simulation for index 4052
No simulation for index 4053
No simulation for index 4056
No simulation for index 4058
No simulation for index 4061
No simulation for index 4062
No simulation for index 4063
No simulation for index 4064
No simulation for index 4065
No simulation for index 4066
No simulation for index 4067
No simulation for index 4069
No simulation for index 4071
No simulation for index 4072
No simulation for index 4073
No simulation for index 4077
No simulation for index 4083
No simulation for index 4085
No simulation for index 4086
No simulation for index 4089
No simulation for index 4093
No simulation for index 4094
No simulation for index 4096
No simulation for index 4097
No simulation for index 4098
No simulation for index 4099
No simulation for index 4101
No simulation for index 4103
No simulation for index 4104
No simulation for index 4106
No simulation for index 4110
No simulation for index 4113
No simulation for index 4114
No simulation for index 4116
No simulation for index 4117
No simulation for index 4121
No simulation for index 4122
No simulation for index 4123
No simulation for index 4124
No simulation for index 4125
No simulation for index 4129
No simulation for index 4131
No simulation for index 4132
No simulation for index 4137
No simulation for index 4140
No simulation for index 4141
No simulation for index 4144
No simulation for index 4145
No simulation for index 4147
No simulation for index 4154
No simulation for index 4155
No simulation for index 4158
No simulation for index 4159
No simulation for index 4160
No simulation for index 4161
No simulation for index 4163
No simulation for index 4165
No simulation for index 4166
No simulation for index 4167
No simulation for index 4168
No simulation for index 4170
No simulation for index 4171
No simulation for index 4173
No simulation for index 4175
No simulation for index 4176
No simulation for index 4178
No simulation for index 4180
No simulation for index 4187
No simulation for index 4188
No simulation for index 4189
No simulation for index 4192
No simulation for index 4195
No simulation for index 4197
No simulation for index 4198
No simulation for index 4199
No simulation for index 4200
No simulation for index 4203
No simulation for index 4204
No simulation for index 4206
No simulation for index 4207
No simulation for index 4208
No simulation for index 4210
No simulation for index 4215
No simulation for index 4217
No simulation for index 4219
No simulation for index 4221
No simulation for index 4222
No simulation for index 4223
No simulation for index 4224
No simulation for index 4230
No simulation for index 4236
No simulation for index 4240
No simulation for index 4243
No simulation for index 4247
No simulation for index 4248
No simulation for index 4249
No simulation for index 4253
No simulation for index 4254
No simulation for index 4256
No simulation for index 4257
No simulation for index 4259
No simulation for index 4260
No simulation for index 4267
No simulation for index 4269
No simulation for index 4270
No simulation for index 4277
No simulation for index 4278
No simulation for index 4279
No simulation for index 4280
No simulation for index 4282
No simulation for index 4287
No simulation for index 4289
No simulation for index 4290
No simulation for index 4293
No simulation for index 4295
No simulation for index 4299
No simulation for index 4302
No simulation for index 4307
No simulation for index 4309
No simulation for index 4310
No simulation for index 4311
No simulation for index 4312
No simulation for index 4314
No simulation for index 4318
No simulation for index 4321
No simulation for index 4324
No simulation for index 4325
No simulation for index 4328
No simulation for index 4329
No simulation for index 4330
No simulation for index 4335
No simulation for index 4341
No simulation for index 4343
No simulation for index 4350
No simulation for index 4352
No simulation for index 4357
No simulation for index 4358
No simulation for index 4360
No simulation for index 4362
No simulation for index 4363
No simulation for index 4369
No simulation for index 4372
No simulation for index 4374
No simulation for index 4380
No simulation for index 4381
No simulation for index 4382
No simulation for index 4387
No simulation for index 4388
No simulation for index 4389
No simulation for index 4393
No simulation for index 4397
No simulation for index 4398
No simulation for index 4405
No simulation for index 4406
No simulation for index 4407
No simulation for index 4409
No simulation for index 4410
No simulation for index 4419
No simulation for index 4422
No simulation for index 4423
No simulation for index 4428
No simulation for index 4429
No simulation for index 4430
No simulation for index 4431
No simulation for index 4433
No simulation for index 4435
No simulation for index 4437
No simulation for index 4440
No simulation for index 4446
No simulation for index 4448
No simulation for index 4450
No simulation for index 4451
No simulation for index 4452
No simulation for index 4453
No simulation for index 4456
No simulation for index 4464
No simulation for index 4465
No simulation for index 4466
No simulation for index 4472
No simulation for index 4477
No simulation for index 4482
No simulation for index 4484
No simulation for index 4485
No simulation for index 4487
No simulation for index 4488
No simulation for index 4491
No simulation for index 4496
No simulation for index 4497
No simulation for index 4498
No simulation for index 4501
No simulation for index 4503
No simulation for index 4504
No simulation for index 4506
No simulation for index 4507
No simulation for index 4508
No simulation for index 4511
No simulation for index 4512
No simulation for index 4514
No simulation for index 4516
No simulation for index 4518
No simulation for index 4520
No simulation for index 4521
No simulation for index 4524
No simulation for index 4530
No simulation for index 4531
No simulation for index 4532
No simulation for index 4535
No simulation for index 4536
No simulation for index 4539
No simulation for index 4541
No simulation for index 4542
No simulation for index 4547
No simulation for index 4548
No simulation for index 4550
No simulation for index 4551
No simulation for index 4556
No simulation for index 4560
No simulation for index 4564
No simulation for index 4565
No simulation for index 4570
No simulation for index 4572
No simulation for index 4573
No simulation for index 4574
No simulation for index 4579
No simulation for index 4581
No simulation for index 4588
No simulation for index 4590
No simulation for index 4592
No simulation for index 4593
No simulation for index 4596
No simulation for index 4597
No simulation for index 4601
No simulation for index 4602
No simulation for index 4606
No simulation for index 4613
No simulation for index 4614
No simulation for index 4615
No simulation for index 4619
No simulation for index 4620
No simulation for index 4622
No simulation for index 4624
No simulation for index 4625
No simulation for index 4629
No simulation for index 4632
No simulation for index 4633
No simulation for index 4635
No simulation for index 4637
No simulation for index 4638
No simulation for index 4641
No simulation for index 4643
No simulation for index 4647
No simulation for index 4649
No simulation for index 4650
No simulation for index 4658
No simulation for index 4662
No simulation for index 4668
No simulation for index 4669
No simulation for index 4673
No simulation for index 4676
No simulation for index 4677
No simulation for index 4678
No simulation for index 4679
No simulation for index 4680
No simulation for index 4681
No simulation for index 4685
No simulation for index 4688
No simulation for index 4689
No simulation for index 4690
No simulation for index 4696
No simulation for index 4700
No simulation for index 4703
No simulation for index 4704
No simulation for index 4706
No simulation for index 4708
No simulation for index 4711
No simulation for index 4714
No simulation for index 4715
No simulation for index 4718
No simulation for index 4723
No simulation for index 4727
No simulation for index 4728
No simulation for index 4729
No simulation for index 4730
No simulation for index 4731
No simulation for index 4732
No simulation for index 4734
No simulation for index 4735
No simulation for index 4736
No simulation for index 4737
No simulation for index 4742
No simulation for index 4747
No simulation for index 4749
No simulation for index 4751
No simulation for index 4757
No simulation for index 4758
No simulation for index 4767
No simulation for index 4777
No simulation for index 4778
No simulation for index 4780
No simulation for index 4782
No simulation for index 4783
No simulation for index 4784
No simulation for index 4785
No simulation for index 4788
No simulation for index 4789
No simulation for index 4791
No simulation for index 4793
No simulation for index 4795
No simulation for index 4799
No simulation for index 4800
No simulation for index 4801
No simulation for index 4802
No simulation for index 4803
No simulation for index 4808
No simulation for index 4809
No simulation for index 4812
No simulation for index 4813
No simulation for index 4815
No simulation for index 4817
No simulation for index 4818
No simulation for index 4821
No simulation for index 4822
No simulation for index 4823
No simulation for index 4825
No simulation for index 4826
No simulation for index 4828
No simulation for index 4829
No simulation for index 4830
No simulation for index 4833
No simulation for index 4836
No simulation for index 4838
No simulation for index 4841
No simulation for index 4845
No simulation for index 4847
No simulation for index 4850
No simulation for index 4853
No simulation for index 4855
No simulation for index 4856
No simulation for index 4857
No simulation for index 4858
No simulation for index 4860
No simulation for index 4861
No simulation for index 4863
No simulation for index 4866
No simulation for index 4870
No simulation for index 4871
No simulation for index 4872
No simulation for index 4873
No simulation for index 4880
No simulation for index 4885
No simulation for index 4886
No simulation for index 4889
No simulation for index 4890
No simulation for index 4894
No simulation for index 4897
No simulation for index 4898
No simulation for index 4900
No simulation for index 4904
No simulation for index 4905
No simulation for index 4906
No simulation for index 4908
No simulation for index 4909
No simulation for index 4910
No simulation for index 4912
No simulation for index 4914
No simulation for index 4917
No simulation for index 4918
No simulation for index 4920
No simulation for index 4926
No simulation for index 4927
No simulation for index 4929
No simulation for index 4934
No simulation for index 4936
No simulation for index 4940
No simulation for index 4941
No simulation for index 4943
No simulation for index 4946
No simulation for index 4948
No simulation for index 4949
No simulation for index 4950
No simulation for index 4955
No simulation for index 4959
No simulation for index 4964
No simulation for index 4967
No simulation for index 4968
No simulation for index 4969
No simulation for index 4970
No simulation for index 4971
No simulation for index 4972
No simulation for index 4973
No simulation for index 4975
No simulation for index 4980
No simulation for index 4987
No simulation for index 4988
No simulation for index 4990
No simulation for index 4991
No simulation for index 4994
No simulation for index 4996
No simulation for index 4999
Saved sensitivity plots to /home/users/chancock/OGGM_repo/oggm/oggm/sandbox/sensitvity_SAFE/glacier_outs/prior/RGI60-06.00001/PAWN_plots.png
5
After area bounding: 59/2922
After Hugonnet bounding: 116/2922
After ALL bounding: 4/2922
There are 4 samples captured within the given bounds.
The new upper bounds for glacier are: [ 3.22783825  0.5566264  -1.52632773]
The new lower bounds for glacier are: [ 1.72257557  0.10378128 -4.61505428]
Finished processing RGI60-06.00001 at Wed May 20 06:12:21 PM CEST 2026
No simulation for index 7
No simulation for index 11
No simulation for index 19
No simulation for index 21
No simulation for index 23
No simulation for index 25
No simulation for index 27
No simulation for index 35
No simulation for index 43
No simulation for index 44
No simulation for index 46
No simulation for index 47
No simulation for index 48
No simulation for index 49
No simulation for index 53
No simulation for index 54
No simulation for index 55
No simulation for index 56
No simulation for index 57
No simulation for index 59
No simulation for index 63
No simulation for index 65
No simulation for index 67
No simulation for index 73
No simulation for index 77
No simulation for index 81
No simulation for index 86
No simulation for index 89
No simulation for index 91
No simulation for index 94
No simulation for index 102
No simulation for index 104
No simulation for index 105
No simulation for index 117
No simulation for index 118
No simulation for index 121
No simulation for index 127
No simulation for index 129
No simulation for index 140
No simulation for index 155
No simulation for index 159
No simulation for index 160
No simulation for index 163
No simulation for index 170
No simulation for index 171
No simulation for index 177
No simulation for index 179
No simulation for index 180
No simulation for index 191
No simulation for index 193
No simulation for index 194
No simulation for index 197
No simulation for index 198
No simulation for index 203
No simulation for index 210
No simulation for index 222
No simulation for index 234
No simulation for index 240
No simulation for index 249
No simulation for index 253
No simulation for index 255
No simulation for index 257
No simulation for index 258
No simulation for index 261
No simulation for index 263
No simulation for index 265
No simulation for index 267
No simulation for index 268
No simulation for index 271
No simulation for index 281
No simulation for index 284
No simulation for index 286
No simulation for index 291
No simulation for index 294
No simulation for index 297
No simulation for index 299
No simulation for index 303
No simulation for index 304
No simulation for index 305
No simulation for index 308
No simulation for index 312
No simulation for index 315
No simulation for index 317
No simulation for index 318
No simulation for index 329
No simulation for index 330
No simulation for index 332
No simulation for index 333
No simulation for index 339
No simulation for index 350
No simulation for index 352
No simulation for index 354
No simulation for index 360
No simulation for index 363
No simulation for index 365
No simulation for index 367
No simulation for index 368
No simulation for index 369
No simulation for index 370
No simulation for index 371
No simulation for index 376
No simulation for index 379
No simulation for index 381
No simulation for index 384
No simulation for index 385
No simulation for index 387
No simulation for index 389
No simulation for index 391
No simulation for index 402
No simulation for index 406
No simulation for index 408
No simulation for index 429
No simulation for index 432
No simulation for index 438
No simulation for index 442
No simulation for index 444
No simulation for index 445
No simulation for index 447
No simulation for index 448
No simulation for index 449
No simulation for index 456
No simulation for index 463
No simulation for index 465
No simulation for index 467
No simulation for index 468
No simulation for index 469
No simulation for index 471
No simulation for index 473
No simulation for index 474
No simulation for index 476
No simulation for index 480
No simulation for index 482
No simulation for index 483
No simulation for index 484
No simulation for index 485
No simulation for index 487
No simulation for index 489
No simulation for index 493
No simulation for index 500
No simulation for index 501
No simulation for index 509
No simulation for index 512
No simulation for index 516
No simulation for index 518
No simulation for index 524
No simulation for index 526
No simulation for index 532
No simulation for index 536
No simulation for index 538
No simulation for index 542
No simulation for index 549
No simulation for index 550
No simulation for index 555
No simulation for index 556
No simulation for index 561
No simulation for index 562
No simulation for index 564
No simulation for index 567
No simulation for index 569
No simulation for index 573
No simulation for index 576
No simulation for index 580
No simulation for index 581
No simulation for index 583
No simulation for index 586
No simulation for index 590
No simulation for index 595
No simulation for index 599
No simulation for index 601
No simulation for index 604
No simulation for index 606
No simulation for index 609
No simulation for index 612
No simulation for index 615
No simulation for index 617
No simulation for index 620
No simulation for index 621
No simulation for index 623
No simulation for index 626
No simulation for index 627
No simulation for index 628
No simulation for index 630
No simulation for index 632
No simulation for index 633
No simulation for index 634
No simulation for index 635
No simulation for index 638
No simulation for index 647
No simulation for index 651
No simulation for index 658
No simulation for index 660
No simulation for index 662
No simulation for index 664
No simulation for index 666
No simulation for index 667
No simulation for index 671
No simulation for index 672
No simulation for index 673
No simulation for index 674
No simulation for index 684
No simulation for index 685
No simulation for index 688
No simulation for index 689
No simulation for index 692
No simulation for index 694
No simulation for index 695
No simulation for index 696
No simulation for index 700
No simulation for index 702
No simulation for index 704
No simulation for index 707
No simulation for index 708
No simulation for index 711
No simulation for index 713
No simulation for index 714
No simulation for index 716
No simulation for index 721
No simulation for index 722
No simulation for index 724
No simulation for index 729
No simulation for index 732
No simulation for index 733
No simulation for index 735
No simulation for index 743
No simulation for index 745
No simulation for index 746
No simulation for index 747
No simulation for index 751
No simulation for index 753
No simulation for index 756
No simulation for index 764
No simulation for index 765
No simulation for index 773
No simulation for index 779
No simulation for index 786
No simulation for index 787
No simulation for index 790
No simulation for index 798
No simulation for index 799
No simulation for index 800
No simulation for index 802
No simulation for index 803
No simulation for index 804
No simulation for index 809
No simulation for index 813
No simulation for index 815
No simulation for index 823
No simulation for index 825
No simulation for index 826
No simulation for index 833
No simulation for index 834
No simulation for index 838
No simulation for index 844
No simulation for index 851
No simulation for index 852
No simulation for index 858
No simulation for index 863
No simulation for index 864
No simulation for index 865
No simulation for index 867
No simulation for index 868
No simulation for index 872
No simulation for index 876
No simulation for index 886
No simulation for index 887
No simulation for index 889
No simulation for index 890
No simulation for index 893
No simulation for index 895
No simulation for index 898
No simulation for index 901
No simulation for index 903
No simulation for index 909
No simulation for index 914
No simulation for index 915
No simulation for index 928
No simulation for index 929
No simulation for index 936
No simulation for index 942
No simulation for index 943
No simulation for index 947
No simulation for index 951
No simulation for index 954
No simulation for index 958
No simulation for index 959
No simulation for index 962
No simulation for index 965
No simulation for index 967
No simulation for index 968
No simulation for index 972
No simulation for index 974
No simulation for index 980
No simulation for index 985
No simulation for index 986
No simulation for index 989
No simulation for index 990
No simulation for index 992
No simulation for index 999
No simulation for index 1002
No simulation for index 1003
No simulation for index 1019
No simulation for index 1024
No simulation for index 1028
No simulation for index 1030
No simulation for index 1035
No simulation for index 1043
No simulation for index 1044
No simulation for index 1045
No simulation for index 1060
No simulation for index 1062
No simulation for index 1063
No simulation for index 1065
No simulation for index 1068
No simulation for index 1072
No simulation for index 1075
No simulation for index 1079
No simulation for index 1088
No simulation for index 1089
No simulation for index 1090
No simulation for index 1094
No simulation for index 1095
No simulation for index 1097
No simulation for index 1099
No simulation for index 1100
No simulation for index 1108
No simulation for index 1110
No simulation for index 1116
No simulation for index 1118
No simulation for index 1121
No simulation for index 1125
No simulation for index 1128
No simulation for index 1130
No simulation for index 1132
No simulation for index 1137
No simulation for index 1146
No simulation for index 1147
No simulation for index 1152
No simulation for index 1154
No simulation for index 1156
No simulation for index 1163
No simulation for index 1164
No simulation for index 1168
No simulation for index 1169
No simulation for index 1174
No simulation for index 1177
No simulation for index 1180
No simulation for index 1182
No simulation for index 1184
No simulation for index 1187
No simulation for index 1189
No simulation for index 1193
No simulation for index 1196
No simulation for index 1200
No simulation for index 1203
No simulation for index 1208
No simulation for index 1211
No simulation for index 1214
No simulation for index 1227
No simulation for index 1228
No simulation for index 1231
No simulation for index 1232
No simulation for index 1238
No simulation for index 1242
No simulation for index 1243
No simulation for index 1247
No simulation for index 1252
No simulation for index 1258
No simulation for index 1264
No simulation for index 1269
No simulation for index 1271
No simulation for index 1273
No simulation for index 1280
No simulation for index 1293
No simulation for index 1295
No simulation for index 1297
No simulation for index 1302
No simulation for index 1303
No simulation for index 1304
No simulation for index 1305
No simulation for index 1308
No simulation for index 1315
No simulation for index 1317
No simulation for index 1322
No simulation for index 1325
No simulation for index 1326
No simulation for index 1328
No simulation for index 1334
No simulation for index 1340
No simulation for index 1341
No simulation for index 1346
No simulation for index 1353
No simulation for index 1357
No simulation for index 1358
No simulation for index 1360
No simulation for index 1361
No simulation for index 1364
No simulation for index 1369
No simulation for index 1371
No simulation for index 1373
No simulation for index 1374
No simulation for index 1375
No simulation for index 1378
No simulation for index 1379
No simulation for index 1387
No simulation for index 1391
No simulation for index 1393
No simulation for index 1396
No simulation for index 1399
No simulation for index 1400
No simulation for index 1402
No simulation for index 1403
No simulation for index 1404
No simulation for index 1412
No simulation for index 1417
No simulation for index 1418
No simulation for index 1422
No simulation for index 1427
No simulation for index 1428
No simulation for index 1432
No simulation for index 1434
No simulation for index 1435
No simulation for index 1440
No simulation for index 1443
No simulation for index 1453
No simulation for index 1455
No simulation for index 1456
No simulation for index 1459
No simulation for index 1461
No simulation for index 1465
No simulation for index 1466
No simulation for index 1468
No simulation for index 1470
No simulation for index 1471
No simulation for index 1472
No simulation for index 1476
No simulation for index 1477
No simulation for index 1479
No simulation for index 1481
No simulation for index 1482
No simulation for index 1483
No simulation for index 1484
No simulation for index 1485
No simulation for index 1489
No simulation for index 1491
No simulation for index 1492
No simulation for index 1493
No simulation for index 1494
No simulation for index 1496
No simulation for index 1497
No simulation for index 1502
No simulation for index 1507
No simulation for index 1512
No simulation for index 1516
No simulation for index 1517
No simulation for index 1518
No simulation for index 1519
No simulation for index 1539
No simulation for index 1551
No simulation for index 1554
No simulation for index 1555
No simulation for index 1557
No simulation for index 1563
No simulation for index 1565
No simulation for index 1569
No simulation for index 1571
No simulation for index 1572
No simulation for index 1582
No simulation for index 1584
No simulation for index 1586
No simulation for index 1589
No simulation for index 1590
No simulation for index 1592
No simulation for index 1600
No simulation for index 1603
No simulation for index 1609
No simulation for index 1611
No simulation for index 1613
No simulation for index 1616
No simulation for index 1617
No simulation for index 1621
No simulation for index 1627
No simulation for index 1633
No simulation for index 1634
No simulation for index 1640
No simulation for index 1641
No simulation for index 1644
No simulation for index 1648
No simulation for index 1651
No simulation for index 1652
No simulation for index 1660
No simulation for index 1665
No simulation for index 1667
No simulation for index 1672
No simulation for index 1673
No simulation for index 1677
No simulation for index 1678
No simulation for index 1679
No simulation for index 1682
No simulation for index 1686
No simulation for index 1689
No simulation for index 1690
No simulation for index 1692
No simulation for index 1696
No simulation for index 1700
No simulation for index 1705
No simulation for index 1706
No simulation for index 1707
No simulation for index 1710
No simulation for index 1712
No simulation for index 1714
No simulation for index 1721
No simulation for index 1727
No simulation for index 1728
No simulation for index 1730
No simulation for index 1734
No simulation for index 1743
No simulation for index 1744
No simulation for index 1750
No simulation for index 1752
No simulation for index 1753
No simulation for index 1758
No simulation for index 1760
No simulation for index 1769
No simulation for index 1775
No simulation for index 1777
No simulation for index 1779
No simulation for index 1780
No simulation for index 1784
No simulation for index 1787
No simulation for index 1805
No simulation for index 1816
No simulation for index 1819
No simulation for index 1822
No simulation for index 1829
No simulation for index 1834
No simulation for index 1856
No simulation for index 1857
No simulation for index 1859
No simulation for index 1860
No simulation for index 1861
No simulation for index 1866
No simulation for index 1869
No simulation for index 1873
No simulation for index 1877
No simulation for index 1881
No simulation for index 1882
No simulation for index 1887
No simulation for index 1888
No simulation for index 1890
No simulation for index 1896
No simulation for index 1897
No simulation for index 1900
No simulation for index 1903
No simulation for index 1904
No simulation for index 1907
No simulation for index 1914
No simulation for index 1920
No simulation for index 1921
No simulation for index 1922
No simulation for index 1923
No simulation for index 1929
No simulation for index 1930
No simulation for index 1934
No simulation for index 1935
No simulation for index 1943
No simulation for index 1952
No simulation for index 1958
No simulation for index 1960
No simulation for index 1962
No simulation for index 1964
No simulation for index 1967
No simulation for index 1970
No simulation for index 1982
No simulation for index 1988
No simulation for index 2003
No simulation for index 2006
No simulation for index 2023
No simulation for index 2032
No simulation for index 2033
No simulation for index 2037
No simulation for index 2040
No simulation for index 2041
No simulation for index 2045
No simulation for index 2047
No simulation for index 2051
No simulation for index 2055
No simulation for index 2058
No simulation for index 2062
No simulation for index 2063
No simulation for index 2068
No simulation for index 2076
No simulation for index 2078
No simulation for index 2083
No simulation for index 2089
No simulation for index 2093
No simulation for index 2101
No simulation for index 2106
No simulation for index 2110
No simulation for index 2112
No simulation for index 2118
No simulation for index 2120
No simulation for index 2121
No simulation for index 2127
No simulation for index 2130
No simulation for index 2134
No simulation for index 2145
No simulation for index 2150
No simulation for index 2151
No simulation for index 2152
No simulation for index 2153
No simulation for index 2165
No simulation for index 2170
No simulation for index 2173
No simulation for index 2186
No simulation for index 2189
No simulation for index 2192
No simulation for index 2196
No simulation for index 2197
No simulation for index 2205
No simulation for index 2208
No simulation for index 2209
No simulation for index 2210
No simulation for index 2214
No simulation for index 2216
No simulation for index 2221
No simulation for index 2223
No simulation for index 2225
No simulation for index 2229
No simulation for index 2230
No simulation for index 2231
No simulation for index 2232
No simulation for index 2236
No simulation for index 2238
No simulation for index 2240
No simulation for index 2243
No simulation for index 2244
No simulation for index 2250
No simulation for index 2252
No simulation for index 2253
No simulation for index 2255
No simulation for index 2257
No simulation for index 2259
No simulation for index 2260
No simulation for index 2263
No simulation for index 2267
No simulation for index 2269
No simulation for index 2271
No simulation for index 2274
No simulation for index 2277
No simulation for index 2289
No simulation for index 2294
No simulation for index 2295
No simulation for index 2296
No simulation for index 2297
No simulation for index 2300
No simulation for index 2301
No simulation for index 2303
No simulation for index 2304
No simulation for index 2307
No simulation for index 2309
No simulation for index 2310
No simulation for index 2312
No simulation for index 2316
No simulation for index 2317
No simulation for index 2323
No simulation for index 2325
No simulation for index 2326
No simulation for index 2327
No simulation for index 2329
No simulation for index 2331
No simulation for index 2333
No simulation for index 2339
No simulation for index 2340
No simulation for index 2349
No simulation for index 2352
No simulation for index 2359
No simulation for index 2363
No simulation for index 2366
No simulation for index 2369
No simulation for index 2376
No simulation for index 2378
No simulation for index 2381
No simulation for index 2390
No simulation for index 2396
No simulation for index 2397
No simulation for index 2405
No simulation for index 2413
No simulation for index 2416
No simulation for index 2421
No simulation for index 2425
No simulation for index 2427
No simulation for index 2429
No simulation for index 2430
No simulation for index 2431
No simulation for index 2432
No simulation for index 2433
No simulation for index 2434
No simulation for index 2436
No simulation for index 2437
No simulation for index 2443
No simulation for index 2445
No simulation for index 2448
No simulation for index 2449
No simulation for index 2450
No simulation for index 2453
No simulation for index 2459
No simulation for index 2464
No simulation for index 2468
No simulation for index 2480
No simulation for index 2481
No simulation for index 2483
No simulation for index 2501
No simulation for index 2508
No simulation for index 2509
No simulation for index 2510
No simulation for index 2514
No simulation for index 2518
No simulation for index 2530
No simulation for index 2535
No simulation for index 2540
No simulation for index 2541
No simulation for index 2547
No simulation for index 2549
No simulation for index 2553
No simulation for index 2554
No simulation for index 2556
No simulation for index 2559
No simulation for index 2561
No simulation for index 2562
No simulation for index 2565
No simulation for index 2570
No simulation for index 2572
No simulation for index 2573
No simulation for index 2576
No simulation for index 2585
No simulation for index 2591
No simulation for index 2593
No simulation for index 2594
No simulation for index 2599
No simulation for index 2603
No simulation for index 2604
No simulation for index 2605
No simulation for index 2610
No simulation for index 2619
No simulation for index 2626
No simulation for index 2628
No simulation for index 2632
No simulation for index 2635
No simulation for index 2637
No simulation for index 2640
No simulation for index 2642
No simulation for index 2643
No simulation for index 2647
No simulation for index 2654
No simulation for index 2656
No simulation for index 2657
No simulation for index 2665
No simulation for index 2668
No simulation for index 2673
No simulation for index 2674
No simulation for index 2675
No simulation for index 2681
No simulation for index 2682
No simulation for index 2684
No simulation for index 2685
No simulation for index 2686
No simulation for index 2689
No simulation for index 2695
No simulation for index 2701
No simulation for index 2702
No simulation for index 2706
No simulation for index 2708
No simulation for index 2710
No simulation for index 2712
No simulation for index 2718
No simulation for index 2721
No simulation for index 2730
No simulation for index 2739
No simulation for index 2749
No simulation for index 2752
No simulation for index 2755
No simulation for index 2756
No simulation for index 2757
No simulation for index 2766
No simulation for index 2767
No simulation for index 2770
No simulation for index 2772
No simulation for index 2776
No simulation for index 2778
No simulation for index 2781
No simulation for index 2785
No simulation for index 2795
No simulation for index 2798
No simulation for index 2801
No simulation for index 2809
No simulation for index 2816
No simulation for index 2817
No simulation for index 2818
No simulation for index 2820
No simulation for index 2824
No simulation for index 2826
No simulation for index 2829
No simulation for index 2831
No simulation for index 2835
No simulation for index 2838
No simulation for index 2840
No simulation for index 2842
No simulation for index 2843
No simulation for index 2846
No simulation for index 2847
No simulation for index 2853
No simulation for index 2857
No simulation for index 2860
No simulation for index 2861
No simulation for index 2866
No simulation for index 2868
No simulation for index 2869
No simulation for index 2870
No simulation for index 2874
No simulation for index 2877
No simulation for index 2883
No simulation for index 2888
No simulation for index 2894
No simulation for index 2895
No simulation for index 2899
No simulation for index 2901
No simulation for index 2904
No simulation for index 2907
No simulation for index 2912
No simulation for index 2913
No simulation for index 2922
No simulation for index 2923
No simulation for index 2924
No simulation for index 2930
No simulation for index 2932
No simulation for index 2944
No simulation for index 2952
No simulation for index 2960
No simulation for index 2963
No simulation for index 2964
No simulation for index 2971
No simulation for index 2973
No simulation for index 2975
No simulation for index 2976
No simulation for index 2979
No simulation for index 2980
No simulation for index 2984
No simulation for index 2989
No simulation for index 2993
No simulation for index 2995
No simulation for index 2997
No simulation for index 3001
No simulation for index 3005
No simulation for index 3008
No simulation for index 3011
No simulation for index 3015
No simulation for index 3017
No simulation for index 3020
No simulation for index 3022
No simulation for index 3028
No simulation for index 3039
No simulation for index 3040
No simulation for index 3043
No simulation for index 3046
No simulation for index 3057
No simulation for index 3059
No simulation for index 3064
No simulation for index 3065
No simulation for index 3069
No simulation for index 3074
No simulation for index 3076
No simulation for index 3080
No simulation for index 3084
No simulation for index 3088
No simulation for index 3091
No simulation for index 3092
No simulation for index 3093
No simulation for index 3094
No simulation for index 3098
No simulation for index 3110
No simulation for index 3112
No simulation for index 3114
No simulation for index 3121
No simulation for index 3125
No simulation for index 3127
No simulation for index 3128
No simulation for index 3137
No simulation for index 3138
No simulation for index 3139
No simulation for index 3140
No simulation for index 3144
No simulation for index 3146
No simulation for index 3155
No simulation for index 3157
No simulation for index 3160
No simulation for index 3165
No simulation for index 3168
No simulation for index 3184
No simulation for index 3185
No simulation for index 3190
No simulation for index 3191
No simulation for index 3201
No simulation for index 3208
No simulation for index 3209
No simulation for index 3213
No simulation for index 3215
No simulation for index 3227
No simulation for index 3231
No simulation for index 3232
No simulation for index 3234
No simulation for index 3237
No simulation for index 3238
No simulation for index 3240
No simulation for index 3243
No simulation for index 3248
No simulation for index 3249
No simulation for index 3253
No simulation for index 3259
No simulation for index 3260
No simulation for index 3262
No simulation for index 3266
No simulation for index 3267
No simulation for index 3277
No simulation for index 3284
No simulation for index 3302
No simulation for index 3304
No simulation for index 3305
No simulation for index 3310
No simulation for index 3311
No simulation for index 3316
No simulation for index 3317
No simulation for index 3320
No simulation for index 3322
No simulation for index 3327
No simulation for index 3331
No simulation for index 3332
No simulation for index 3340
No simulation for index 3346
No simulation for index 3347
No simulation for index 3356
No simulation for index 3357
No simulation for index 3358
No simulation for index 3364
No simulation for index 3368
No simulation for index 3370
No simulation for index 3377
No simulation for index 3387
No simulation for index 3390
No simulation for index 3396
No simulation for index 3397
No simulation for index 3399
No simulation for index 3407
No simulation for index 3409
No simulation for index 3416
No simulation for index 3418
No simulation for index 3419
No simulation for index 3420
No simulation for index 3424
No simulation for index 3427
No simulation for index 3430
No simulation for index 3435
No simulation for index 3437
No simulation for index 3443
No simulation for index 3445
No simulation for index 3447
No simulation for index 3452
No simulation for index 3455
No simulation for index 3459
No simulation for index 3461
No simulation for index 3462
No simulation for index 3463
No simulation for index 3467
No simulation for index 3470
No simulation for index 3471
No simulation for index 3473
No simulation for index 3476
No simulation for index 3478
No simulation for index 3484
No simulation for index 3488
No simulation for index 3499
No simulation for index 3505
No simulation for index 3511
No simulation for index 3512
No simulation for index 3515
No simulation for index 3516
No simulation for index 3518
No simulation for index 3519
No simulation for index 3521
No simulation for index 3522
No simulation for index 3526
No simulation for index 3527
No simulation for index 3529
No simulation for index 3530
No simulation for index 3533
No simulation for index 3536
No simulation for index 3540
No simulation for index 3542
No simulation for index 3543
No simulation for index 3550
No simulation for index 3554
No simulation for index 3566
No simulation for index 3567
No simulation for index 3570
No simulation for index 3577
No simulation for index 3581
No simulation for index 3583
No simulation for index 3584
No simulation for index 3585
No simulation for index 3587
No simulation for index 3588
No simulation for index 3590
No simulation for index 3591
No simulation for index 3601
No simulation for index 3613
No simulation for index 3614
No simulation for index 3615
No simulation for index 3618
No simulation for index 3620
No simulation for index 3622
No simulation for index 3624
No simulation for index 3625
No simulation for index 3630
No simulation for index 3636
No simulation for index 3640
No simulation for index 3644
No simulation for index 3649
No simulation for index 3657
No simulation for index 3658
No simulation for index 3659
No simulation for index 3661
No simulation for index 3663
No simulation for index 3664
No simulation for index 3668
No simulation for index 3669
No simulation for index 3670
No simulation for index 3675
No simulation for index 3680
No simulation for index 3682
No simulation for index 3683
No simulation for index 3688
No simulation for index 3693
No simulation for index 3696
No simulation for index 3701
No simulation for index 3702
No simulation for index 3704
No simulation for index 3706
No simulation for index 3709
No simulation for index 3714
No simulation for index 3716
No simulation for index 3720
No simulation for index 3724
No simulation for index 3732
No simulation for index 3735
No simulation for index 3737
No simulation for index 3738
No simulation for index 3739
No simulation for index 3745
No simulation for index 3747
No simulation for index 3761
No simulation for index 3767
No simulation for index 3782
No simulation for index 3785
No simulation for index 3791
No simulation for index 3793
No simulation for index 3794
No simulation for index 3807
No simulation for index 3813
No simulation for index 3815
No simulation for index 3823
No simulation for index 3825
No simulation for index 3827
No simulation for index 3838
No simulation for index 3839
No simulation for index 3846
No simulation for index 3855
No simulation for index 3856
No simulation for index 3859
No simulation for index 3861
No simulation for index 3862
No simulation for index 3871
No simulation for index 3876
No simulation for index 3886
No simulation for index 3887
No simulation for index 3894
No simulation for index 3903
No simulation for index 3912
No simulation for index 3913
No simulation for index 3914
No simulation for index 3915
No simulation for index 3917
No simulation for index 3926
No simulation for index 3927
No simulation for index 3930
No simulation for index 3931
No simulation for index 3934
No simulation for index 3935
No simulation for index 3936
No simulation for index 3942
No simulation for index 3944
No simulation for index 3948
No simulation for index 3950
No simulation for index 3953
No simulation for index 3956
No simulation for index 3961
No simulation for index 3965
No simulation for index 3966
No simulation for index 3969
No simulation for index 3971
No simulation for index 3972
No simulation for index 3975
No simulation for index 3977
No simulation for index 3978
No simulation for index 3980
No simulation for index 3981
No simulation for index 3982
No simulation for index 3985
No simulation for index 3989
No simulation for index 3990
No simulation for index 3995
No simulation for index 3997
No simulation for index 4000
No simulation for index 4001
No simulation for index 4005
No simulation for index 4008
No simulation for index 4012
No simulation for index 4018
No simulation for index 4025
No simulation for index 4028
No simulation for index 4037
No simulation for index 4041
No simulation for index 4044
No simulation for index 4045
No simulation for index 4046
No simulation for index 4047
No simulation for index 4052
No simulation for index 4059
No simulation for index 4060
No simulation for index 4063
No simulation for index 4066
No simulation for index 4067
No simulation for index 4083
No simulation for index 4087
No simulation for index 4089
No simulation for index 4091
No simulation for index 4092
No simulation for index 4094
No simulation for index 4102
No simulation for index 4107
No simulation for index 4112
No simulation for index 4115
No simulation for index 4116
No simulation for index 4121
No simulation for index 4122
No simulation for index 4124
No simulation for index 4129
No simulation for index 4133
No simulation for index 4137
No simulation for index 4143
No simulation for index 4144
No simulation for index 4145
No simulation for index 4147
No simulation for index 4157
No simulation for index 4161
No simulation for index 4165
No simulation for index 4174
No simulation for index 4184
No simulation for index 4186
No simulation for index 4193
No simulation for index 4196
No simulation for index 4199
No simulation for index 4204
No simulation for index 4207
No simulation for index 4209
No simulation for index 4210
No simulation for index 4224
No simulation for index 4225
No simulation for index 4226
No simulation for index 4229
No simulation for index 4231
No simulation for index 4232
No simulation for index 4233
No simulation for index 4243
No simulation for index 4245
No simulation for index 4253
No simulation for index 4255
No simulation for index 4259
No simulation for index 4262
No simulation for index 4267
No simulation for index 4269
No simulation for index 4275
No simulation for index 4276
No simulation for index 4279
No simulation for index 4286
No simulation for index 4288
No simulation for index 4291
No simulation for index 4294
No simulation for index 4295
No simulation for index 4304
No simulation for index 4315
No simulation for index 4319
No simulation for index 4321
No simulation for index 4326
No simulation for index 4328
No simulation for index 4337
No simulation for index 4343
No simulation for index 4350
No simulation for index 4355
No simulation for index 4360
No simulation for index 4361
No simulation for index 4365
No simulation for index 4366
No simulation for index 4367
No simulation for index 4368
No simulation for index 4374
No simulation for index 4375
No simulation for index 4386
No simulation for index 4387
No simulation for index 4388
No simulation for index 4391
No simulation for index 4396
No simulation for index 4399
No simulation for index 4403
No simulation for index 4406
No simulation for index 4409
No simulation for index 4412
No simulation for index 4413
No simulation for index 4414
No simulation for index 4415
No simulation for index 4417
No simulation for index 4423
No simulation for index 4434
No simulation for index 4435
No simulation for index 4442
No simulation for index 4443
No simulation for index 4449
No simulation for index 4458
No simulation for index 4459
No simulation for index 4463
No simulation for index 4465
No simulation for index 4468
No simulation for index 4470
No simulation for index 4473
No simulation for index 4484
No simulation for index 4491
No simulation for index 4494
No simulation for index 4497
No simulation for index 4498
No simulation for index 4502
No simulation for index 4505
No simulation for index 4510
No simulation for index 4514
No simulation for index 4516
No simulation for index 4517
No simulation for index 4519
No simulation for index 4521
No simulation for index 4523
No simulation for index 4529
No simulation for index 4533
No simulation for index 4534
No simulation for index 4540
No simulation for index 4545
No simulation for index 4546
No simulation for index 4547
No simulation for index 4549
No simulation for index 4553
No simulation for index 4556
No simulation for index 4558
No simulation for index 4567
No simulation for index 4569
No simulation for index 4570
No simulation for index 4573
No simulation for index 4577
No simulation for index 4579
No simulation for index 4586
No simulation for index 4590
No simulation for index 4591
No simulation for index 4593
No simulation for index 4594
No simulation for index 4595
No simulation for index 4599
No simulation for index 4600
No simulation for index 4603
No simulation for index 4604
No simulation for index 4605
No simulation for index 4610
No simulation for index 4612
No simulation for index 4615
No simulation for index 4618
No simulation for index 4619
No simulation for index 4623
No simulation for index 4624
No simulation for index 4625
No simulation for index 4628
No simulation for index 4630
No simulation for index 4632
No simulation for index 4633
No simulation for index 4634
No simulation for index 4640
No simulation for index 4643
No simulation for index 4644
No simulation for index 4646
No simulation for index 4648
No simulation for index 4650
No simulation for index 4655
No simulation for index 4662
No simulation for index 4668
No simulation for index 4669
No simulation for index 4670
No simulation for index 4677
No simulation for index 4680
No simulation for index 4683
No simulation for index 4688
No simulation for index 4701
No simulation for index 4709
No simulation for index 4714
No simulation for index 4718
No simulation for index 4719
No simulation for index 4721
No simulation for index 4724
No simulation for index 4726
No simulation for index 4728
No simulation for index 4730
No simulation for index 4734
No simulation for index 4737
No simulation for index 4738
No simulation for index 4743
No simulation for index 4747
No simulation for index 4748
No simulation for index 4754
No simulation for index 4755
No simulation for index 4756
No simulation for index 4760
No simulation for index 4764
No simulation for index 4765
No simulation for index 4781
No simulation for index 4783
No simulation for index 4784
No simulation for index 4790
No simulation for index 4791
No simulation for index 4796
No simulation for index 4798
No simulation for index 4801
No simulation for index 4804
No simulation for index 4814
No simulation for index 4815
No simulation for index 4820
No simulation for index 4826
No simulation for index 4834
No simulation for index 4837
No simulation for index 4839
No simulation for index 4840
No simulation for index 4842
No simulation for index 4843
No simulation for index 4844
No simulation for index 4845
No simulation for index 4847
No simulation for index 4848
No simulation for index 4851
No simulation for index 4855
No simulation for index 4856
No simulation for index 4859
No simulation for index 4861
No simulation for index 4867
No simulation for index 4868
No simulation for index 4874
No simulation for index 4877
No simulation for index 4881
No simulation for index 4888
No simulation for index 4889
No simulation for index 4892
No simulation for index 4896
No simulation for index 4902
No simulation for index 4910
No simulation for index 4912
No simulation for index 4916
No simulation for index 4920
No simulation for index 4921
No simulation for index 4926
No simulation for index 4929
No simulation for index 4931
No simulation for index 4933
No simulation for index 4934
No simulation for index 4938
No simulation for index 4941
No simulation for index 4943
No simulation for index 4952
No simulation for index 4954
No simulation for index 4957
No simulation for index 4958
No simulation for index 4960
No simulation for index 4963
No simulation for index 4964
No simulation for index 4968
No simulation for index 4969
No simulation for index 4971
No simulation for index 4972
No simulation for index 4981
No simulation for index 4984
No simulation for index 4985
No simulation for index 4986
No simulation for index 4988
No simulation for index 4989
No simulation for index 4991
No simulation for index 4994
No simulation for index 4996
No simulation for index 4997
No simulation for index 4999
Saved sensitivity plots to /home/users/chancock/OGGM_repo/oggm/oggm/sandbox/sensitvity_SAFE/glacier_outs/prior/RGI60-13.00001/PAWN_plots.png
3
After area bounding: 29/3593
After Hugonnet bounding: 3407/3593
After ALL bounding: 27/3593
There are 27 samples captured within the given bounds.
The new upper bounds for glacier are: [15.52747599  7.960615   -2.45066507]
The new lower bounds for glacier are: [ 1.69521761  0.29702019 -6.56177717]
Finished processing RGI60-13.00001 at Wed May 20 06:12:46 PM CEST 2026
No simulation for index 0
No simulation for index 16
No simulation for index 17
No simulation for index 41
No simulation for index 42
No simulation for index 52
No simulation for index 56
No simulation for index 58
No simulation for index 62
No simulation for index 67
No simulation for index 70
No simulation for index 77
No simulation for index 92
No simulation for index 94
No simulation for index 96
No simulation for index 97
No simulation for index 100
No simulation for index 107
No simulation for index 111
No simulation for index 114
No simulation for index 118
No simulation for index 119
No simulation for index 126
No simulation for index 133
No simulation for index 136
No simulation for index 139
No simulation for index 150
No simulation for index 151
No simulation for index 162
No simulation for index 163
No simulation for index 173
No simulation for index 178
No simulation for index 182
No simulation for index 193
No simulation for index 194
No simulation for index 200
No simulation for index 207
No simulation for index 213
No simulation for index 227
No simulation for index 233
No simulation for index 234
No simulation for index 265
No simulation for index 266
No simulation for index 272
No simulation for index 328
No simulation for index 332
No simulation for index 343
No simulation for index 350
No simulation for index 362
No simulation for index 363
No simulation for index 381
No simulation for index 399
No simulation for index 404
No simulation for index 410
No simulation for index 420
No simulation for index 427
No simulation for index 429
No simulation for index 432
No simulation for index 443
No simulation for index 445
No simulation for index 447
No simulation for index 464
No simulation for index 473
No simulation for index 475
No simulation for index 478
No simulation for index 493
No simulation for index 494
No simulation for index 497
No simulation for index 521
No simulation for index 524
No simulation for index 529
No simulation for index 540
No simulation for index 545
No simulation for index 549
No simulation for index 563
No simulation for index 572
No simulation for index 573
No simulation for index 588
No simulation for index 590
No simulation for index 601
No simulation for index 605
No simulation for index 609
No simulation for index 613
No simulation for index 616
No simulation for index 627
No simulation for index 632
No simulation for index 633
No simulation for index 640
No simulation for index 646
No simulation for index 653
No simulation for index 656
No simulation for index 659
No simulation for index 669
No simulation for index 670
No simulation for index 671
No simulation for index 677
No simulation for index 688
No simulation for index 689
No simulation for index 694
No simulation for index 709
No simulation for index 714
No simulation for index 720
No simulation for index 721
No simulation for index 722
No simulation for index 723
No simulation for index 739
No simulation for index 747
No simulation for index 751
No simulation for index 752
No simulation for index 755
No simulation for index 759
No simulation for index 761
No simulation for index 771
No simulation for index 775
No simulation for index 778
No simulation for index 779
No simulation for index 783
No simulation for index 784
No simulation for index 786
No simulation for index 808
No simulation for index 818
No simulation for index 828
No simulation for index 829
No simulation for index 830
No simulation for index 832
No simulation for index 834
No simulation for index 836
No simulation for index 847
No simulation for index 851
No simulation for index 860
No simulation for index 870
No simulation for index 871
No simulation for index 876
No simulation for index 889
No simulation for index 896
No simulation for index 899
No simulation for index 905
No simulation for index 912
No simulation for index 915
No simulation for index 929
No simulation for index 930
No simulation for index 931
No simulation for index 933
No simulation for index 939
No simulation for index 940
No simulation for index 941
No simulation for index 948
No simulation for index 969
No simulation for index 981
No simulation for index 995
No simulation for index 1015
No simulation for index 1016
No simulation for index 1021
No simulation for index 1037
No simulation for index 1042
No simulation for index 1046
No simulation for index 1050
No simulation for index 1056
No simulation for index 1075
No simulation for index 1078
No simulation for index 1091
No simulation for index 1104
No simulation for index 1109
No simulation for index 1110
No simulation for index 1115
No simulation for index 1122
No simulation for index 1123
No simulation for index 1126
No simulation for index 1137
No simulation for index 1142
No simulation for index 1162
No simulation for index 1163
No simulation for index 1168
No simulation for index 1173
No simulation for index 1176
No simulation for index 1182
No simulation for index 1191
No simulation for index 1193
No simulation for index 1194
No simulation for index 1196
No simulation for index 1209
No simulation for index 1236
No simulation for index 1240
No simulation for index 1244
No simulation for index 1251
No simulation for index 1262
No simulation for index 1270
No simulation for index 1273
No simulation for index 1286
No simulation for index 1298
No simulation for index 1306
No simulation for index 1323
No simulation for index 1332
No simulation for index 1334
No simulation for index 1350
No simulation for index 1354
No simulation for index 1375
No simulation for index 1384
No simulation for index 1386
No simulation for index 1387
No simulation for index 1398
No simulation for index 1403
No simulation for index 1408
No simulation for index 1419
No simulation for index 1421
No simulation for index 1426
No simulation for index 1428
No simulation for index 1441
No simulation for index 1448
No simulation for index 1460
No simulation for index 1472
No simulation for index 1476
No simulation for index 1480
No simulation for index 1482
No simulation for index 1495
No simulation for index 1496
No simulation for index 1501
No simulation for index 1502
No simulation for index 1531
No simulation for index 1537
No simulation for index 1544
No simulation for index 1547
No simulation for index 1548
No simulation for index 1557
No simulation for index 1566
No simulation for index 1568
No simulation for index 1572
No simulation for index 1577
No simulation for index 1584
No simulation for index 1587
No simulation for index 1602
No simulation for index 1613
No simulation for index 1620
No simulation for index 1629
No simulation for index 1631
No simulation for index 1639
No simulation for index 1646
No simulation for index 1648
No simulation for index 1652
No simulation for index 1666
No simulation for index 1679
No simulation for index 1682
No simulation for index 1694
No simulation for index 1707
No simulation for index 1710
No simulation for index 1714
No simulation for index 1715
No simulation for index 1724
No simulation for index 1726
No simulation for index 1727
No simulation for index 1737
No simulation for index 1739
No simulation for index 1748
No simulation for index 1753
No simulation for index 1754
No simulation for index 1764
No simulation for index 1769
No simulation for index 1781
No simulation for index 1799
No simulation for index 1802
No simulation for index 1805
No simulation for index 1807
No simulation for index 1822
No simulation for index 1827
No simulation for index 1828
No simulation for index 1831
No simulation for index 1836
No simulation for index 1841
No simulation for index 1842
No simulation for index 1858
No simulation for index 1865
No simulation for index 1866
No simulation for index 1879
No simulation for index 1883
No simulation for index 1899
No simulation for index 1906
No simulation for index 1907
No simulation for index 1912
No simulation for index 1935
No simulation for index 1948
No simulation for index 1957
No simulation for index 1963
No simulation for index 1973
No simulation for index 1989
No simulation for index 1998
No simulation for index 2012
No simulation for index 2018
No simulation for index 2024
No simulation for index 2028
No simulation for index 2045
No simulation for index 2072
No simulation for index 2074
No simulation for index 2081
No simulation for index 2082
No simulation for index 2088
No simulation for index 2104
No simulation for index 2112
No simulation for index 2117
No simulation for index 2127
No simulation for index 2130
No simulation for index 2137
No simulation for index 2139
No simulation for index 2149
No simulation for index 2151
No simulation for index 2153
No simulation for index 2177
No simulation for index 2190
No simulation for index 2192
No simulation for index 2204
No simulation for index 2209
No simulation for index 2213
No simulation for index 2219
No simulation for index 2224
No simulation for index 2228
No simulation for index 2232
No simulation for index 2234
No simulation for index 2242
No simulation for index 2250
No simulation for index 2254
No simulation for index 2256
No simulation for index 2259
No simulation for index 2264
No simulation for index 2266
No simulation for index 2267
No simulation for index 2275
No simulation for index 2279
No simulation for index 2282
No simulation for index 2283
No simulation for index 2304
No simulation for index 2305
No simulation for index 2319
No simulation for index 2320
No simulation for index 2322
No simulation for index 2326
No simulation for index 2336
No simulation for index 2342
No simulation for index 2352
No simulation for index 2354
No simulation for index 2358
No simulation for index 2359
No simulation for index 2360
No simulation for index 2364
No simulation for index 2366
No simulation for index 2367
No simulation for index 2374
No simulation for index 2378
No simulation for index 2382
No simulation for index 2401
No simulation for index 2406
No simulation for index 2409
No simulation for index 2410
No simulation for index 2416
No simulation for index 2431
No simulation for index 2432
No simulation for index 2440
No simulation for index 2445
No simulation for index 2455
No simulation for index 2456
No simulation for index 2460
No simulation for index 2466
No simulation for index 2482
No simulation for index 2484
No simulation for index 2486
No simulation for index 2505
No simulation for index 2507
No simulation for index 2513
No simulation for index 2533
No simulation for index 2536
No simulation for index 2540
No simulation for index 2545
No simulation for index 2546
No simulation for index 2549
No simulation for index 2557
No simulation for index 2566
No simulation for index 2585
No simulation for index 2603
No simulation for index 2604
No simulation for index 2607
No simulation for index 2621
No simulation for index 2633
No simulation for index 2646
No simulation for index 2650
No simulation for index 2656
No simulation for index 2659
No simulation for index 2663
No simulation for index 2675
No simulation for index 2684
No simulation for index 2692
No simulation for index 2706
No simulation for index 2716
No simulation for index 2727
No simulation for index 2751
No simulation for index 2759
No simulation for index 2761
No simulation for index 2771
No simulation for index 2772
No simulation for index 2781
No simulation for index 2784
No simulation for index 2786
No simulation for index 2793
No simulation for index 2805
No simulation for index 2817
No simulation for index 2833
No simulation for index 2835
No simulation for index 2858
No simulation for index 2860
No simulation for index 2865
No simulation for index 2866
No simulation for index 2867
No simulation for index 2879
No simulation for index 2882
No simulation for index 2884
No simulation for index 2900
No simulation for index 2911
No simulation for index 2915
No simulation for index 2923
No simulation for index 2941
No simulation for index 2943
No simulation for index 2958
No simulation for index 2979
No simulation for index 2981
No simulation for index 2986
No simulation for index 3005
No simulation for index 3006
No simulation for index 3011
No simulation for index 3014
No simulation for index 3021
No simulation for index 3031
No simulation for index 3055
No simulation for index 3068
No simulation for index 3077
No simulation for index 3091
No simulation for index 3098
No simulation for index 3114
No simulation for index 3117
No simulation for index 3129
No simulation for index 3141
No simulation for index 3149
No simulation for index 3159
No simulation for index 3161
No simulation for index 3163
No simulation for index 3169
No simulation for index 3170
No simulation for index 3175
No simulation for index 3176
No simulation for index 3188
No simulation for index 3189
No simulation for index 3193
No simulation for index 3197
No simulation for index 3217
No simulation for index 3246
No simulation for index 3250
No simulation for index 3254
No simulation for index 3271
No simulation for index 3272
No simulation for index 3278
No simulation for index 3292
No simulation for index 3318
No simulation for index 3336
No simulation for index 3341
No simulation for index 3351
No simulation for index 3362
No simulation for index 3366
No simulation for index 3369
No simulation for index 3377
No simulation for index 3386
No simulation for index 3390
No simulation for index 3393
No simulation for index 3399
No simulation for index 3412
No simulation for index 3414
No simulation for index 3418
No simulation for index 3422
No simulation for index 3427
No simulation for index 3428
No simulation for index 3447
No simulation for index 3452
No simulation for index 3473
No simulation for index 3486
No simulation for index 3488
No simulation for index 3489
No simulation for index 3499
No simulation for index 3500
No simulation for index 3507
No simulation for index 3514
No simulation for index 3534
No simulation for index 3535
No simulation for index 3538
No simulation for index 3545
No simulation for index 3552
No simulation for index 3563
No simulation for index 3567
No simulation for index 3575
No simulation for index 3589
No simulation for index 3590
No simulation for index 3607
No simulation for index 3622
No simulation for index 3624
No simulation for index 3626
No simulation for index 3637
No simulation for index 3641
No simulation for index 3657
No simulation for index 3662
No simulation for index 3663
No simulation for index 3689
No simulation for index 3691
No simulation for index 3703
No simulation for index 3714
No simulation for index 3715
No simulation for index 3723
No simulation for index 3731
No simulation for index 3748
No simulation for index 3752
No simulation for index 3756
No simulation for index 3758
No simulation for index 3759
No simulation for index 3762
No simulation for index 3773
No simulation for index 3779
No simulation for index 3785
No simulation for index 3786
No simulation for index 3790
No simulation for index 3792
No simulation for index 3809
No simulation for index 3814
No simulation for index 3822
No simulation for index 3828
No simulation for index 3844
No simulation for index 3846
No simulation for index 3847
No simulation for index 3858
No simulation for index 3860
No simulation for index 3871
No simulation for index 3873
No simulation for index 3877
No simulation for index 3885
No simulation for index 3888
No simulation for index 3891
No simulation for index 3898
No simulation for index 3923
No simulation for index 3924
No simulation for index 3926
No simulation for index 3927
No simulation for index 3931
No simulation for index 3934
No simulation for index 3937
No simulation for index 3943
No simulation for index 3952
No simulation for index 3960
No simulation for index 3975
No simulation for index 3994
No simulation for index 4004
No simulation for index 4009
No simulation for index 4014
No simulation for index 4026
No simulation for index 4035
No simulation for index 4046
No simulation for index 4052
No simulation for index 4055
No simulation for index 4059
No simulation for index 4082
No simulation for index 4084
No simulation for index 4085
No simulation for index 4090
No simulation for index 4099
No simulation for index 4103
No simulation for index 4107
No simulation for index 4123
No simulation for index 4134
No simulation for index 4147
No simulation for index 4162
No simulation for index 4166
No simulation for index 4179
No simulation for index 4196
No simulation for index 4220
No simulation for index 4228
No simulation for index 4231
No simulation for index 4260
No simulation for index 4266
No simulation for index 4281
No simulation for index 4283
No simulation for index 4289
No simulation for index 4304
No simulation for index 4314
No simulation for index 4331
No simulation for index 4345
No simulation for index 4347
No simulation for index 4350
No simulation for index 4354
No simulation for index 4366
No simulation for index 4370
No simulation for index 4372
No simulation for index 4377
No simulation for index 4382
No simulation for index 4386
No simulation for index 4387
No simulation for index 4390
No simulation for index 4400
No simulation for index 4430
No simulation for index 4431
No simulation for index 4432
No simulation for index 4434
No simulation for index 4455
No simulation for index 4458
No simulation for index 4462
No simulation for index 4463
No simulation for index 4479
No simulation for index 4493
No simulation for index 4498
No simulation for index 4499
No simulation for index 4502
No simulation for index 4508
No simulation for index 4519
No simulation for index 4527
No simulation for index 4529
No simulation for index 4537
No simulation for index 4542
No simulation for index 4544
No simulation for index 4558
No simulation for index 4561
No simulation for index 4565
No simulation for index 4566
No simulation for index 4574
No simulation for index 4593
No simulation for index 4596
No simulation for index 4601
No simulation for index 4605
No simulation for index 4620
No simulation for index 4627
No simulation for index 4634
No simulation for index 4657
No simulation for index 4663
No simulation for index 4665
No simulation for index 4675
No simulation for index 4692
No simulation for index 4693
No simulation for index 4696
No simulation for index 4718
No simulation for index 4721
No simulation for index 4726
No simulation for index 4731
No simulation for index 4734
No simulation for index 4738
No simulation for index 4745
No simulation for index 4749
No simulation for index 4757
No simulation for index 4759
No simulation for index 4760
No simulation for index 4780
No simulation for index 4789
No simulation for index 4790
No simulation for index 4791
No simulation for index 4796
No simulation for index 4805
No simulation for index 4819
No simulation for index 4822
No simulation for index 4826
No simulation for index 4830
No simulation for index 4834
No simulation for index 4838
No simulation for index 4842
No simulation for index 4858
No simulation for index 4881
No simulation for index 4895
No simulation for index 4902
No simulation for index 4903
No simulation for index 4905
No simulation for index 4907
No simulation for index 4909
No simulation for index 4914
No simulation for index 4917
No simulation for index 4919
No simulation for index 4920
No simulation for index 4924
No simulation for index 4929
No simulation for index 4932
No simulation for index 4939
No simulation for index 4955
No simulation for index 4963
No simulation for index 4964
No simulation for index 4973
No simulation for index 4978
No simulation for index 4979
No simulation for index 4985
No simulation for index 4986
No simulation for index 4991
No simulation for index 4999
Saved sensitivity plots to /home/users/chancock/OGGM_repo/oggm/oggm/sandbox/sensitvity_SAFE/glacier_outs/prior/RGI60-14.00001/PAWN_plots.png
4
After area bounding: 117/4313
After Hugonnet bounding: 4246/4313
After ALL bounding: 117/4313
There are 117 samples captured within the given bounds.
The new upper bounds for glacier are: [16.95571188  9.92494739  6.80500502]
The new lower bounds for glacier are: [ 1.54126827  0.16166896 -5.26347249]
Finished processing RGI60-14.00001 at Wed May 20 06:13:17 PM CEST 2026
Job completed at Wed May 20 06:13:17 PM CEST 2026
